country,year,target_year,target_nuclear_share,nuclear_share_t,nuclear_elec_t,nuclear_share_lag1,nuclear_share_lag2,nuclear_elec_lag1,gdp_per_capita,gdp_growth_rate,electricity_demand,coal_share,renewables_share,energy_per_capita,population
Africa (Ember),2002,2007,1.855,2.458,11.99,2.333,2.95,10.72,,,487.7,0.4608570842731187,0.18050030756612673,,
Africa (Ember),2003,2008,2.091,2.486,12.66,2.458,2.333,11.99,,,509.15,0.46697436904644996,0.16867327899440243,,
Africa (Ember),2004,2009,2.051,2.475,13.37,2.486,2.458,12.66,,,540.14,0.4603621283370978,0.1684933535749991,,
Africa (Ember),2005,2010,2.012,2.013,11.29,2.475,2.486,13.37,,,560.75,0.4483281319661168,0.16754346856888097,,
Africa (Ember),2006,2011,1.873,1.709,10.03,2.013,2.475,11.29,,,586.8,0.4405078391274711,0.16697341513292435,,
Africa (Ember),2007,2012,1.788,1.855,11.32,1.709,2.013,10.03,,,610.23,0.43432804024711996,0.16469200137653014,,
Africa (Ember),2008,2013,1.904,2.091,13.0,1.855,1.709,11.32,,,621.69,0.41800575849700006,0.16487316829931314,,
Africa (Ember),2009,2014,1.795,2.051,12.81,2.091,1.855,13.0,,,624.58,0.4005251529027506,0.1706746933939607,,
Africa (Ember),2010,2015,1.549,2.012,13.53,2.051,2.091,12.81,,,672.5,0.3861115241635688,0.17287732342007436,,
Africa (Ember),2011,2016,1.865,1.873,12.9,2.012,2.051,13.53,,,688.77,0.38150616316041636,0.17317827431508342,,
Africa (Ember),2012,2017,1.719,1.788,12.97,1.873,2.012,12.9,,,725.54,0.3552802050886236,0.16871571519144363,,
Africa (Ember),2013,2018,1.353,1.904,14.11,1.788,1.873,12.97,,,741.0,0.34224021592442644,0.1719838056680162,,
Africa (Ember),2014,2019,1.512,1.795,13.79,1.904,1.788,14.11,,,768.15,0.33220074204256983,0.1788192410336523,,
Africa (Ember),2015,2020,1.15,1.549,12.24,1.795,1.904,13.79,,,790.12,0.32234344150255656,0.17984609932668455,,
Africa (Ember),2016,2021,1.363,1.865,15.03,1.549,1.795,12.24,,,805.89,0.318505006886796,0.17960267530308108,,
Africa (Ember),2017,2022,1.094,1.719,14.19,1.865,1.549,15.03,,,825.71,0.31139261968487725,0.187462910707149,,
Africa (Ember),2018,2023,0.87,1.353,11.58,1.719,1.865,14.19,,,855.84,0.30970742194802764,0.196345111235745,,
Africa (Ember),2019,2024,0.808,1.512,13.25,1.353,1.719,11.58,,,876.05,0.3015581302437076,0.2057302665372981,,
Africa (Ember),2020,2025,1.023,1.15,9.9,1.512,1.353,13.25,,,861.18,0.2923546761420377,0.22301957778861564,,
Argentina,1980,1985,12.727,,2.34,,,2.692,13247.262148994932,0.014130729203080518,,,,16895.92,28011597.0
Argentina,1981,1986,11.65,,2.816,,,2.34,12288.594038017765,-0.057386931738898354,,,,16121.061,28463956.0
Argentina,1982,1987,12.405,,1.87,,,2.816,11712.016359411411,-0.03150676707206203,,,,16261.604,28924268.0
Argentina,1983,1988,11.044,,3.405,,,1.87,11932.31310970778,0.0352610907673983,,,,16701.121,29391334.0
Argentina,1984,1989,9.907,,4.641,,,3.405,11982.830544327462,0.020352474119392106,,,,16488.375,29863090.0
Argentina,1985,1990,14.275,12.727,5.766,,,4.641,11015.509792049485,-0.06615420139639652,,,,16023.38,30336448.0
Argentina,1986,1991,14.402,11.65,5.711,12.727,,5.766,11639.454904264192,0.07320564258872632,,,,16542.523,30811982.0
Argentina,1987,1992,12.621,12.405,6.465,11.65,12.727,5.711,11756.883536511397,0.025817219152052154,,,,17022.387,31291764.0
Argentina,1988,1993,12.527,11.044,5.798,12.405,11.65,6.465,11356.673742486517,-0.018952405060022444,,,,17035.045,31780534.0
Argentina,1989,1994,12.549,9.907,5.039,11.044,12.405,5.798,10489.951863220174,-0.06206441386882846,,,,16179.043,32270958.0
Argentina,1990,1995,10.52,14.275,7.281,9.907,11.044,5.039,10341.68108976497,0.0006804545030078447,,,,15680.393,32755907.0
Argentina,1991,1996,10.692,14.402,7.756,14.275,9.907,7.281,11316.720271590744,0.11013036290735007,,,,15722.361,33230293.0
Argentina,1992,1997,10.986,12.621,7.081,14.402,14.275,7.756,12366.760102265325,0.10802031690223733,,,,16630.447,33693532.0
Argentina,1993,1998,10.049,12.527,7.75,12.621,14.402,7.081,13023.27529553357,0.06743891244266977,,,,16948.301,34152719.0
Argentina,1994,1999,8.801,12.549,8.235,12.527,12.621,7.75,13663.075427090685,0.06328178831492488,,,,17657.168,34613492.0
Argentina,1995,2000,6.945,10.52,7.066,12.549,12.527,8.235,13162.270304324926,-0.02394815217011774,,,,17982.643,35070016.0
Argentina,1996,2001,7.832,10.692,7.459,10.52,12.549,7.066,13780.74304410441,0.06023698265322317,,,,18559.109,35513795.0
Argentina,1997,2002,6.88,10.986,7.961,10.692,10.52,7.459,14786.06556389141,0.08606321703588406,,,,18609.811,35947790.0
Argentina,1998,2003,8.222,10.049,7.453,10.986,10.692,7.961,15246.72649644672,0.043348175866516195,,,,19087.227,36372862.0
Argentina,1999,2004,7.85,8.801,7.106,10.049,10.986,7.453,14629.029462704764,-0.02938601881679944,,,,19175.273,36794687.0
Argentina,2000,2005,6.496,6.945,6.18,8.801,10.049,7.106,14416.111343031085,-0.003324711831453323,90.2,0.019733924611973392,0.32150776053215074,18907.803,37213986.0
Argentina,2001,2006,6.806,7.832,7.06,6.945,8.801,6.18,13684.2460987385,-0.040287935319457555,91.89,0.01480030471215584,0.40254652301665034,18268.281,37624817.0
Argentina,2002,2007,6.387,6.88,5.82,7.832,6.945,7.06,12110.609356195853,-0.10548100180665153,90.51,0.008949287371561154,0.4019445365153022,17306.4,38029345.0
Argentina,2003,2008,6.062,8.222,7.57,6.88,7.832,5.82,13093.390906344302,0.09237830248836307,97.1,0.009680741503604531,0.3579814624098867,18341.469,38424283.0
Argentina,2004,2009,6.687,7.85,7.87,8.222,6.88,7.57,14177.337495947217,0.09382186340451874,103.73,0.016195893184228285,0.3027089559433144,19351.779,38815915.0
Argentina,2005,2010,5.722,6.496,6.87,7.85,8.222,7.87,15326.35586562346,0.09221062609628401,109.63,0.0198850679558515,0.3211712122594181,20306.785,39216786.0
Argentina,2006,2011,4.942,6.806,7.72,6.496,7.85,6.87,16462.94871530451,0.085261393424225,115.79,0.017186285516884014,0.3380257362466534,21100.816,39622113.0
Argentina,2007,2012,4.705,6.387,7.25,6.806,6.496,7.72,17860.643216429755,0.09570548618567312,121.12,0.019319682959048876,0.2670904887714663,21717.797,40016767.0
Argentina,2008,2013,4.453,6.062,7.39,6.387,6.806,7.25,18482.946432517532,0.04537718767848257,127.39,0.015228824868514011,0.254729570609938,21746.203,40424151.0
Argentina,2009,2014,3.977,6.687,8.18,6.062,6.387,7.39,17278.76003425984,-0.05519128657286269,128.48,0.01362079701120797,0.2790317559153176,20858.098,40854832.0
Argentina,2010,2015,4.841,5.722,7.21,6.687,6.062,8.18,19031.485232979274,0.11313496845713787,134.6,0.02236255572065379,0.2583209509658247,21368.264,41288694.0
Argentina,2011,2016,5.626,4.942,6.4,5.722,6.687,7.21,20074.994600587986,0.06612176664530553,139.16,0.020911181373958036,0.23433457890198334,21743.625,41730655.0
Argentina,2012,2017,4.182,4.705,6.4,4.942,5.722,6.4,19665.88292127944,-0.01026002867559659,143.63,0.018380561164102208,0.21576272366497248,22393.107,42161718.0
Argentina,2013,2018,4.68,4.453,6.21,4.705,4.942,6.4,19939.865807824644,0.024049992077103153,147.51,0.016134499355975867,0.23571283302826931,23705.746,42582453.0
Argentina,2014,2019,6.049,3.977,5.51,4.453,4.705,6.21,19239.24833126554,-0.025130024662312657,148.4,0.01711590296495957,0.23274932614555255,23080.285,43024071.0
Argentina,2015,2020,6.921,4.841,7.04,3.977,4.453,5.51,19558.765004245575,0.027309977135779845,154.38,0.015481279958543854,0.22302111672496439,23230.486,43477011.0
Argentina,2016,2021,6.641,5.626,8.28,4.841,3.977,7.04,18967.27472563293,-0.020799935148729222,156.7,0.012316528398213147,0.2009572431397575,22909.215,43900312.0
Argentina,2017,2022,5.13,4.182,6.09,5.626,4.841,8.28,19330.852478560202,0.028189914104280754,156.07,0.012878836419555327,0.21580060229384251,22511.016,44288898.0
Argentina,2018,2023,6.031,4.68,6.87,4.182,5.626,6.09,18670.681862491343,-0.026169918365541726,156.34,0.01298452091595241,0.22527823973391325,22081.684,44654876.0
Argentina,2019,2024,6.852,6.049,8.44,4.68,4.182,6.87,18167.465059611033,-0.02000997565187289,150.22,0.007788576754093995,0.23152709359605914,20582.312,44973469.0
Argentina,2020,2025,7.026,6.921,10.01,6.049,4.68,8.44,16281.97251148213,-0.0994300052364967,149.35,0.010980917308336124,0.24519584867760294,19117.824,45191960.0
Armenia,1995,2000,31.834,,,,,,4258.558169916066,0.047903902191280455,,,,10491.935,3307586.0
Armenia,1996,2001,34.669,,,,,,4380.698497714669,0.019709226801867628,,,,14085.446,3278738.0
Armenia,1997,2002,39.36,,,,,,4436.515384013514,0.0027195798727289366,,,,11964.407,3246292.0
Armenia,1998,2003,34.34,,,,,,4625.975837793242,0.03053360653306677,,,,12830.193,3208399.0
Armenia,1999,2004,37.997,,,,,,4688.782008674946,0.0005874289145844134,,,,7874.202,3167282.0
Armenia,2000,2005,41.118,31.834,1.84,,,,4877.361003701653,0.026539567324533872,5.32,0.0,0.2349624060150376,8587.992,3125630.0
Armenia,2001,2006,42.382,34.669,1.99,31.834,,1.84,5247.179276346718,0.06161510369245953,5.37,0.0,0.17877094972067037,8735.807,3084350.0
Armenia,2002,2007,41.446,39.36,2.09,34.669,31.834,1.99,5896.682062261342,0.11331939068230357,4.96,0.0,0.33064516129032256,7993.655,3055636.0
Armenia,2003,2008,38.475,34.34,1.82,39.36,34.669,2.09,6557.726539136867,0.10604104170172363,5.02,0.0,0.39043824701195223,8742.533,3038976.0
Armenia,2004,2009,42.096,37.997,2.2,34.34,39.36,1.82,7063.903535564743,0.07136343218606253,5.04,0.0,0.39285714285714285,9174.885,3022544.0
Armenia,2005,2010,36.523,41.118,2.5,37.997,34.34,2.2,7858.852081919664,0.10657972180866579,5.3,0.0,0.33018867924528306,11044.274,3006360.0
Armenia,2006,2011,32.732,42.382,2.42,41.118,37.997,2.5,8673.784712666087,0.09782625227126769,5.4,0.0,0.3351851851851852,11084.32,2990371.0
Armenia,2007,2012,27.11,41.446,2.35,42.382,41.118,2.42,9617.495414352104,0.10303603237245837,5.77,0.0,0.31715771230502604,12641.402,2974825.0
Armenia,2008,2013,28.972,38.475,2.27,41.446,42.382,2.35,10024.495967899957,0.03712298467531275,5.88,0.0,0.30272108843537415,12216.934,2959996.0
Armenia,2009,2014,30.146,42.096,2.29,38.475,41.446,2.27,8387.2307645039,-0.1674187932572653,5.4,0.0,0.37037037037037035,10727.759,2945518.0
Armenia,2010,2015,34.04,36.523,2.29,42.096,38.475,2.29,8353.796413817008,-0.008867469975771982,5.49,0.0,0.46265938069216755,11824.311,2931083.0
Armenia,2011,2016,30.845,32.732,2.36,36.523,42.096,2.29,8504.356187884181,0.015308960097393295,5.88,0.0,0.41836734693877553,12557.113,2923269.0
Armenia,2012,2017,32.005,27.11,2.12,32.732,36.523,2.36,9113.361985800655,0.07133977182641894,6.22,0.0,0.3697749196141479,13606.589,2922529.0
Armenia,2013,2018,25.033,28.972,2.17,27.11,32.732,2.12,9424.321904749522,0.03412025609095567,6.33,0.0,0.33965244865718797,13407.281,2922526.0
Armenia,2014,2019,27.103,30.146,2.27,28.972,27.11,2.17,9764.566470129512,0.03606984596460941,6.42,0.0,0.3068535825545171,13808.039,2922433.0
Armenia,2015,2020,33.377,34.04,2.57,30.146,28.972,2.27,10086.63395806967,0.03254003846509587,6.3,0.0,0.3460317460317461,12623.133,2921179.0
Armenia,2016,2021,23.964,30.845,2.19,34.04,30.146,2.57,10114.554437514646,0.0019500424765910942,6.15,0.0,0.37886178861788616,12668.348,2918796.0
Armenia,2017,2022,26.619,32.005,2.41,30.845,34.04,2.19,10889.253244806287,0.07517979150229709,6.41,0.0,0.35101404056162244,13658.813,2914966.0
Armenia,2018,2023,29.017,25.033,1.9,32.005,30.845,2.41,11477.88778444871,0.05225026509548014,6.17,0.0,0.37439222042139386,13424.767,2909971.0
Armenia,2019,2024,29.125,27.103,2.03,25.033,32.005,1.9,12379.2705977152,0.07630979866875466,6.53,0.0,0.36906584992343033,14248.773,2903975.0
Armenia,2020,2025,26.955,33.377,2.55,27.103,25.033,2.03,11546.044408769194,-0.07150982703862778,6.63,0.0,0.28959276018099545,15475.302,2890893.0
Asia (Ember),2002,2007,7.898,11.152,521.28,11.593,11.938,508.49,,,4674.17,0.5106189975974343,0.13687991664830332,,
Asia (Ember),2003,2008,7.361,9.234,463.75,11.152,11.593,521.28,,,5022.33,0.5372526297555119,0.13289648430111126,,
Asia (Ember),2004,2009,7.469,9.688,531.93,9.234,11.152,463.75,,,5490.54,0.5370255020453362,0.14037963479002066,,
Asia (Ember),2005,2010,7.165,9.42,555.52,9.688,9.234,531.93,,,5897.07,0.5544567047703352,0.13849080984285417,,
Asia (Ember),2006,2011,5.522,8.943,570.35,9.42,9.688,555.52,,,6377.58,0.569433860492538,0.14045609776749174,,
Asia (Ember),2007,2012,3.774,7.898,547.11,8.943,9.42,570.35,,,6927.25,0.5870265978562922,0.13825544047060523,,
Asia (Ember),2008,2013,3.551,7.361,531.16,7.898,8.943,547.11,,,7216.33,0.5804335444748231,0.1557717011278586,,
Asia (Ember),2009,2014,3.634,7.469,555.79,7.361,7.898,531.16,,,7440.91,0.5959324867522924,0.15024775195507,,
Asia (Ember),2010,2015,4.071,7.165,585.26,7.469,7.361,555.79,,,8168.12,0.5916294079910677,0.15855423279775516,,
Asia (Ember),2011,2016,4.303,5.522,485.39,7.165,7.469,585.26,,,8789.72,0.6092355615423473,0.1528854161452242,,
Asia (Ember),2012,2017,4.289,3.774,347.59,5.522,7.165,485.39,,,9210.1,0.6048598820859707,0.16926852042865984,,
Asia (Ember),2013,2018,4.501,3.551,346.4,3.774,5.522,347.59,,,9753.86,0.6161417121016705,0.17490819019342085,,
Asia (Ember),2014,2019,5.096,3.634,373.56,3.551,3.774,346.4,,,10280.3,0.6092419481921734,0.18839722576189413,,
Asia (Ember),2015,2020,5.083,4.071,422.34,3.634,3.551,373.56,,,10374.5,0.5965010361945153,0.19803074846980576,,
Asia (Ember),2016,2021,5.125,4.303,470.04,4.071,3.634,422.34,,,10924.76,0.5862270658577396,0.20398800522849014,,
Asia (Ember),2017,2022,5.098,4.289,495.98,4.303,4.071,470.04,,,11563.56,0.5894516913476473,0.21220714036161875,,
Asia (Ember),2018,2023,5.138,4.501,555.54,4.289,4.303,495.98,,,12342.44,0.5907956611496592,0.21776488279465,,
Asia (Ember),2019,2024,5.068,5.096,648.83,4.501,4.289,555.54,,,12731.17,0.5824735668442099,0.22732317611028682,,
Asia (Ember),2020,2025,5.08,5.083,657.62,5.096,4.501,648.83,,,12938.56,0.5715581950387061,0.24192413993520145,,
Belarus,1987,1992,0.0,0.0,0.0,0.0,0.0,0.0,11341.747533508962,0.011300639349176335,,,,46991.227,10057608.0
Belarus,1988,1993,0.0,0.0,0.0,0.0,0.0,0.0,11244.50450995663,-0.0036424041492806635,,,,47429.98,10107636.0
Belarus,1989,1994,0.0,0.0,0.0,0.0,0.0,0.0,11922.624837689647,0.06567180229594324,,,,45641.375,10158779.0
Belarus,1990,1995,0.0,0.0,0.0,0.0,0.0,0.0,11483.595546077862,-0.034217861691385514,,,,45745.211,10186258.0
Belarus,1991,1996,0.0,0.0,0.0,0.0,0.0,0.0,11183.71449571405,-0.025384280394180742,,,,45606.363,10193889.0
Belarus,1992,1997,0.0,0.0,0.0,0.0,0.0,0.0,9971.14611089672,-0.10635228871128974,,,,39633.062,10217561.0
Belarus,1993,1998,0.0,0.0,0.0,0.0,0.0,0.0,9085.763264110486,-0.08667565574963368,,,,32991.0,10241320.0
Belarus,1994,1999,0.0,0.0,0.0,0.0,0.0,0.0,7938.527387215471,-0.12721671287088743,,,,27585.434,10230193.0
Belarus,1995,2000,0.0,0.0,0.0,0.0,0.0,0.0,6999.125247487955,-0.1211550598234312,,,,24585.137,10197466.0
Belarus,1996,2001,0.0,0.0,0.0,0.0,0.0,0.0,7133.407916843967,0.015843375599582182,,,,25298.854,10164025.0
Belarus,1997,2002,0.0,0.0,0.0,0.0,0.0,0.0,7890.257983287503,0.10156572044621813,,,,25695.682,10122365.0
Belarus,1998,2003,0.0,0.0,0.0,0.0,0.0,0.0,8491.820659805355,0.07179837542312256,,,,25231.76,10080579.0
Belarus,1999,2004,0.0,0.0,0.0,0.0,0.0,0.0,8711.334292869935,0.02164121172340697,,,,24645.004,10039221.0
Belarus,2000,2005,0.0,0.0,0.0,0.0,0.0,0.0,9149.862676165589,0.045327354902240845,33.31,0.0,0.0009006304413089162,25522.084,9991310.0
Belarus,2001,2006,0.0,0.0,0.0,0.0,0.0,0.0,9521.37971867369,0.03505836456748469,33.34,0.0,0.0008998200359928014,24945.643,9938068.0
Belarus,2002,2007,0.0,0.0,0.0,0.0,0.0,0.0,9952.271928730897,0.03845901196957001,33.01,0.0,0.0009088155104513784,25976.342,9873451.0
Belarus,2003,2008,0.0,0.0,0.0,0.0,0.0,0.0,10602.469670999446,0.057748906937860965,33.46,0.0,0.0008965929468021517,25966.264,9803175.0
Belarus,2004,2009,0.0,0.0,0.0,0.0,0.0,0.0,11760.18100307044,0.10148893323315164,34.45,0.0,0.0008708272859216255,29278.977,9735089.0
Belarus,2005,2010,0.0,0.0,0.0,0.0,0.0,0.0,12811.35819691962,0.08185830034059734,35.0,0.0,0.001142857142857143,29386.727,9667833.0
Belarus,2006,2011,0.0,0.0,0.0,0.0,0.0,0.0,14016.795158555215,0.08732471679527515,36.17,0.0,0.001105888858169754,31443.652,9608041.0
Belarus,2007,2012,0.0,0.0,0.0,0.0,0.0,0.0,15122.204232503253,0.07382079867220716,36.17,0.0002764722145424385,0.0013823610727121925,30819.047,9563135.0
Belarus,2008,2013,0.0,0.0,0.0,0.0,0.0,0.0,16535.956116451507,0.08962616326005733,36.89,0.0002710761724044457,0.0018975332068311198,31336.238,9529357.0
Belarus,2009,2014,0.0,0.0,0.0,0.0,0.0,0.0,16409.465880550742,-0.0099427961692927,34.84,0.00028702640642939146,0.0031572904707233064,29715.518,9507334.0
Belarus,2010,2015,0.0,0.0,0.0,0.0,0.0,0.0,17515.9885236702,0.06557023480334444,37.6,0.0007978723404255319,0.003723404255319149,32263.109,9490752.0
Belarus,2011,2016,0.0,0.0,0.0,0.0,0.0,0.0,18275.63518382964,0.04138838292225852,37.78,0.0005293806246691371,0.00370566437268396,31742.064,9472738.0
Belarus,2012,2017,0.0,0.0,0.0,0.0,0.0,0.0,18592.31180921635,0.016290042997815005,38.41,0.000520697734964853,0.005467326217130955,34368.988,9463075.0
Belarus,2013,2018,0.0,0.0,0.0,0.0,0.0,0.0,18768.434034440867,0.00961995710973649,37.88,0.0005279831045406547,0.00791974656810982,31085.303,9464454.0
Belarus,2014,2019,0.0,0.0,0.0,0.0,0.0,0.0,19068.24945601594,0.016860057824695095,38.06,0.0007882291119285338,0.007619548081975827,31127.623,9472704.0
Belarus,2015,2020,0.882,0.0,0.0,0.0,0.0,0.0,18309.742795650054,-0.03830007508321131,36.71,0.001089621356578589,0.009261781530918006,28138.871,9487289.0
Belarus,2016,2021,14.012,0.0,0.0,0.0,0.0,0.0,17823.28322342428,-0.025359980834932343,36.59,0.0008198961464881114,0.011751844766329596,28718.361,9499066.0
Belarus,2017,2022,12.587,0.0,0.0,0.0,0.0,0.0,18282.47263593467,0.02541002095745786,37.1,0.0008086253369272236,0.021024258760107817,29259.266,9495793.0
Belarus,2018,2023,28.103,0.0,0.0,0.0,0.0,0.0,18887.528190044948,0.03138001573208255,38.0,0.0007894736842105263,0.02131578947368421,32402.701,9480031.0
Belarus,2019,2024,34.243,0.0,0.0,0.0,0.0,0.0,19251.24329072966,0.014459949837369705,38.12,0.0007869884575026233,0.02728226652675761,32726.744,9435415.0
Belarus,2020,2025,36.597,0.882,0.34,0.0,0.0,0.0,19294.41743928928,-0.006730063144713091,38.04,0.0007886435331230284,0.03548895899053628,30643.369,9350943.0
Belgium,1980,1985,60.363,,12.549,,,11.407,23092.1444042073,0.04474079154624194,,,,57571.547,9833093.0
Belgium,1981,1986,67.138,,12.859,,,12.549,22763.988828581678,-0.012448167601843006,,,,54645.723,9850674.0
Belgium,1982,1987,66.228,,15.664,,,12.859,23056.902723890067,0.014065816053717792,,,,52206.734,9862329.0
Belgium,1983,1988,65.957,,24.106,,,15.664,23039.16889026557,-7.946216073530688e-05,,,,50558.559,9869136.0
Belgium,1984,1989,61.02,,27.743,,,24.106,23597.820565034322,0.024813526177995877,,,,52809.992,9874586.0
Belgium,1985,1990,60.777,60.363,34.601,,,27.743,23819.51035096168,0.009982480351707197,,,,55096.121,9880338.0
Belgium,1986,1991,60.205,67.138,39.394,60.363,,34.601,24159.311428736437,0.014947598624507306,,,,56814.492,9886981.0
Belgium,1987,1992,60.851,66.228,41.967,67.138,60.363,39.394,24699.55493532273,0.023620043135710367,,,,58457.508,9899150.0
Belgium,1988,1993,59.832,65.957,43.102,66.228,67.138,41.967,25819.92798716814,0.047199197062001236,,,,59516.973,9916566.0
Belgium,1989,1994,56.939,61.02,41.217,65.957,66.228,43.102,26693.014446023906,0.03590040540136262,,,,59836.559,9936575.0
Belgium,1990,1995,56.257,60.777,42.72,61.02,65.957,41.217,27434.955512456218,0.03031843097623489,66.57,0.2567222472585249,0.008412197686645638,62378.742,9960968.0
Belgium,1991,1996,57.679,60.205,42.86,60.777,61.02,42.72,27871.553668870827,0.019788925368580103,69.34,0.23810210556677244,0.007787712719930776,64294.656,9998962.0
Belgium,1992,1997,60.876,60.851,43.46,60.205,60.777,42.86,28206.12113273478,0.016763447934529673,71.55,0.22375960866526906,0.008665269042627533,63857.262,10045988.0
Belgium,1993,1998,56.243,59.832,41.93,60.851,60.205,43.46,27863.874126072442,-0.008304249976206417,72.31,0.2254183377126262,0.007052966394689531,62586.73,10084932.0
Belgium,1994,1999,58.798,56.939,40.62,59.832,60.851,41.93,28710.26021507502,0.03355047353312393,75.32,0.22543813064259163,0.0080987785448752,65629.477,10116005.0
Belgium,1995,2000,58.171,56.257,41.36,56.939,59.832,40.62,29373.176574862802,0.02523992156959704,77.59,0.21291403531382908,0.008635133393478541,66301.898,10137264.0
Belgium,1996,2001,58.947,57.679,43.34,56.257,56.939,41.36,29824.286069115875,0.017331844047187208,79.33,0.19601663935459473,0.007059120131097946,70284.875,10156972.0
Belgium,1997,2002,58.512,60.876,47.41,57.679,56.257,43.34,30896.937798538816,0.03846388999109052,81.15,0.16943930991990142,0.007393715341959334,70840.68,10181465.0
Belgium,1998,2003,56.695,56.243,46.17,60.876,57.679,47.41,31484.307277090436,0.021184448331686263,83.48,0.16998083373263057,0.009103977000479156,72074.211,10203185.0
Belgium,1999,2004,57.062,58.798,49.02,56.243,60.876,46.17,32573.77222580816,0.03698592312107991,84.22,0.11802422227499405,0.010092614580859654,71395.695,10226681.0
Belgium,2000,2005,56.411,58.171,48.16,58.798,56.243,49.02,33721.84372016049,0.03777986570156778,87.12,0.1483011937557392,0.012052341597796144,72509.641,10251719.0
Belgium,2001,2006,55.976,58.947,46.35,58.171,58.798,48.16,33927.777853612395,0.00956982566317276,87.74,0.11328926373375883,0.01230909505356736,71630.055,10287005.0
Belgium,2002,2007,55.558,58.512,47.36,58.947,58.171,46.35,34424.309993007824,0.019169118535770847,88.53,0.11329492827290183,0.012876990850559131,70983.867,10332975.0
Belgium,2003,2008,54.864,56.695,47.38,58.512,58.947,47.36,34592.13783345101,0.009084904327081126,89.98,0.1071349188708602,0.013336296954878861,73407.07,10376262.0
Belgium,2004,2009,52.607,57.062,47.31,56.695,58.512,47.38,35744.028440794995,0.03778402220730353,90.69,0.10089315249751903,0.016539861065167052,73370.898,10421298.0
Belgium,2005,2010,51.526,56.411,47.6,57.062,56.695,47.31,36343.573661620234,0.022391684934311876,90.68,0.09042787825319805,0.02326863696515218,72156.344,10478883.0
Belgium,2006,2011,54.021,55.976,46.65,56.411,57.062,47.6,37055.22046519653,0.026349378629115173,93.5,0.0732620320855615,0.031657754010695184,71881.797,10548445.0
Belgium,2007,2012,49.43,55.558,48.23,55.976,56.411,46.65,38089.72921064896,0.03542566601531933,93.59,0.06913131744844535,0.03729030879367454,71852.602,10625488.0
Belgium,2008,2013,52.032,54.864,45.57,55.558,55.976,48.23,38123.39518909521,0.008817372196111846,93.66,0.059256886611146704,0.047191970958787105,72432.766,10709711.0
Belgium,2009,2014,47.331,52.607,47.22,54.864,55.558,45.57,36945.557036590246,-0.021554751156456938,87.92,0.05891719745222929,0.0618744313011829,66203.031,10812936.0
Belgium,2010,2015,38.141,51.526,47.94,52.607,54.864,47.22,37604.096356927126,0.02946690188081747,93.59,0.04487658937920718,0.0701998076717598,69929.078,10936619.0
Belgium,2011,2016,51.619,54.021,48.23,51.526,52.607,47.94,38132.85387263847,0.023519238108373135,91.82,0.03790023959921586,0.09104770202570246,64655.848,11038624.0
Belgium,2012,2017,49.484,49.43,40.29,54.021,51.526,48.23,38176.45786648003,0.00739215160296865,91.45,0.03706943685073811,0.11492618917441225,61664.453,11107522.0
Belgium,2013,2018,38.717,52.032,42.64,49.43,54.021,40.29,38170.49118512023,0.004592449703376735,91.59,0.03286384976525821,0.12796156785675292,62894.422,11160277.0
Belgium,2014,2019,46.952,47.331,33.7,52.032,49.43,42.64,38600.65408644855,0.01578531879181098,88.8,0.023536036036036035,0.1375,58059.273,11210113.0
Belgium,2015,2020,38.996,38.141,26.1,47.331,52.032,33.7,39160.839865114394,0.0204146417254297,89.43,0.023146595102314656,0.1614670692161467,58306.633,11275332.0
Belgium,2016,2021,50.634,51.619,43.52,38.141,47.331,26.1,39456.10857255905,0.012666806259026936,90.49,0.004309868493756216,0.15747596419493867,62607.219,11332707.0
Belgium,2017,2022,46.518,49.484,42.23,51.619,38.141,43.52,39940.49853782986,0.016195835072339234,91.36,0.0,0.17294220665499124,62940.031,11376583.0
Belgium,2018,2023,40.095,38.717,28.6,49.484,51.619,42.23,40471.53160411137,0.017929394994170997,91.2,0.0,0.1881578947368421,62492.762,11428608.0
Belgium,2019,2024,41.113,46.952,43.52,38.717,49.484,28.6,41155.121776425876,0.022408591261056696,90.84,0.0,0.21411272567151032,64258.418,11490623.0
Belgium,2020,2025,33.077,38.996,34.43,46.952,38.717,43.52,38781.639005790414,-0.053613928575904475,87.96,0.0,0.26659845384265574,57530.324,11540102.0
Brazil,1980,1985,1.746,,0.0,,,0.0,8372.356415613427,0.09222959937709098,,,,9554.172,121207451.0
Brazil,1981,1986,0.071,,0.0,,,0.0,7828.856656208522,-0.04288529359485084,,,,9034.091,124063113.0
Brazil,1982,1987,0.479,,0.0,,,0.0,7712.819841952244,0.007889762509531724,,,,9301.312,126923156.0
Brazil,1983,1988,0.283,,0.0,,,0.0,7323.42466139612,-0.029039255250741584,,,,9202.626,129790081.0
Brazil,1984,1989,0.825,,1.643,,,0.0,7552.387789610224,0.05405876487841427,,,,9625.038,132658861.0
Brazil,1985,1990,1.004,1.746,3.381,,,1.643,7970.280468019647,0.07805850072964313,,,,10099.972,135515593.0
Brazil,1986,1991,0.615,0.071,0.144,1.746,,3.381,8392.319876599915,0.07486898930115261,,,,10427.861,138336371.0
Brazil,1987,1992,0.728,0.479,0.973,0.071,1.746,0.144,8516.447424883321,0.035099977632708106,,,,10499.386,141104946.0
Brazil,1988,1993,0.175,0.283,0.608,0.479,0.071,0.973,8347.112553229725,-0.0009803207114567488,,,,10742.801,143826357.0
Brazil,1989,1994,0.021,0.825,1.83,0.283,0.479,0.608,8455.633389014796,0.031853018603484204,,,,10795.25,146502975.0
Brazil,1990,1995,0.914,1.004,2.237,0.825,0.283,1.83,7948.568605091765,-0.043026609163977075,,,,10479.675,149143223.0
Brazil,1991,1996,0.833,0.615,1.442,1.004,0.825,2.237,7995.36074239891,0.023294453990827677,,,,10703.902,151724253.0
Brazil,1992,1997,1.029,0.728,1.759,0.615,1.004,1.442,7919.80493796156,0.0072034058005368525,,,,10708.817,154275077.0
Brazil,1993,1998,1.015,0.175,0.442,0.728,0.615,1.759,8279.755634560415,0.06252288261102683,,,,11035.176,156794574.0
Brazil,1994,1999,1.188,0.021,0.055,0.175,0.728,0.442,8738.793045692879,0.07207034124221884,,,,11345.266,159265011.0
Brazil,1995,2000,1.734,0.914,2.519,0.021,0.175,0.055,9081.735004970691,0.05536143508435908,,,,11828.174,161735079.0
Brazil,1996,2001,4.346,0.833,2.427,0.914,0.021,2.519,9259.081963313492,0.035082039018983845,,,,12366.625,164202549.0
Brazil,1997,2002,4.003,1.029,3.169,0.833,0.914,2.427,9552.023070074749,0.04708815787517461,,,,12895.613,166661662.0
Brazil,1998,2003,3.666,1.015,3.265,1.029,0.833,3.169,9563.012007845771,0.01615605756916121,,,,13238.571,169159651.0
Brazil,1999,2004,2.996,1.188,3.977,1.015,1.029,3.265,9589.100306735763,0.01743996474491022,,,,13225.068,171641544.0
Brazil,2000,2005,2.444,1.734,6.05,1.188,1.015,3.977,9997.386790782977,0.05701484707755388,391.92,0.027888344560114308,0.7967442335170443,13586.246,174018278.0
Brazil,2001,2006,3.278,4.346,14.28,1.734,1.188,6.05,10127.628151239876,0.026317316053217837,366.4,0.030240174672489083,0.7558133187772926,13068.835,176301201.0
Brazil,2002,2007,2.774,4.003,13.84,4.346,1.734,14.28,10429.725357154792,0.04269323002919131,382.28,0.02385685884691849,0.7754002301977609,13173.609,178503485.0
Brazil,2003,2008,3.016,3.666,13.36,4.003,4.346,13.84,10546.47523812734,0.02319890461629524,402.58,0.022380644840776988,0.7889612002583338,13211.707,180622688.0
Brazil,2004,2009,2.78,2.996,11.61,3.666,4.003,13.36,11158.868615902118,0.07008920808588454,424.87,0.02440746581307223,0.7846635441429143,13703.958,182675144.0
Brazil,2005,2010,2.815,2.444,9.85,2.996,3.666,11.61,11528.704442253158,0.0445273081298149,442.11,0.024156884033385354,0.7943498224423786,13910.277,184688101.0
Brazil,2006,2011,2.945,3.278,13.75,2.444,2.996,9.85,12005.186793314371,0.05240936834742715,460.61,0.022730726645101063,0.7900175853759145,14152.363,186653099.0
Brazil,2007,2012,2.903,2.774,12.35,3.278,2.444,13.75,12758.405817221726,0.07355461943350398,483.98,0.02082730691350882,0.8114798132154221,14905.908,188552311.0
Brazil,2008,2013,2.707,3.016,13.97,2.774,3.278,12.35,13446.861411217074,0.0641062661782703,505.39,0.023664892459288867,0.7727299709135519,15424.676,190367297.0
Brazil,2009,2014,2.604,2.78,12.96,3.016,2.774,13.97,13481.721170696008,0.011612345052547471,506.15,0.019697718067766476,0.8201323718265336,15230.74,192079958.0
Brazil,2010,2015,2.534,2.815,14.52,2.78,3.016,12.96,14560.993400019332,0.08917474409857377,550.45,0.020510491416114086,0.7946407484785175,16462.07,193701931.0
Brazil,2011,2016,2.74,2.945,15.66,2.815,2.78,14.52,15200.65043487577,0.05245979781981599,567.65,0.022196776182506827,0.8168061305381838,16981.988,195284736.0
Brazil,2012,2017,2.671,2.903,16.04,2.945,2.815,15.66,15367.452170345317,0.01921175920457534,592.76,0.02441122882785613,0.7695526013901074,17312.078,196876113.0
Brazil,2013,2018,2.606,2.707,15.45,2.903,2.945,16.04,15701.438508690295,0.03004821979611015,611.16,0.03594803324824923,0.7175535048105243,17638.982,198478290.0
Brazil,2014,2019,2.547,2.604,15.38,2.707,2.903,15.45,15653.836945036084,0.005039564455243837,624.33,0.043086188393958315,0.693143049348902,17870.57,200085126.0
Brazil,2015,2020,2.235,2.534,14.73,2.604,2.707,15.38,14979.721072542196,-0.03545758221959698,615.64,0.04382431291014229,0.7005880059775194,17530.328,201675534.0
Brazil,2016,2021,2.239,2.74,15.86,2.534,2.604,14.73,14379.01464147575,-0.032759245087419245,619.68,0.04142460624838627,0.7517105602891816,16983.99,203218108.0
Brazil,2017,2022,2.15,2.671,15.74,2.74,2.534,15.86,14463.516655044976,0.013228766620416815,625.67,0.03652084964917609,0.7464318250835105,16988.619,204703440.0
Brazil,2018,2023,2.048,2.606,15.67,2.671,2.74,15.74,14621.226894835561,0.017836629368269,636.37,0.03268538743183997,0.7783050740921162,16915.357,206107265.0
Brazil,2019,2024,2.116,2.547,16.13,2.606,2.671,15.67,14703.528045323696,0.012206926094679615,658.29,0.03293381336493035,0.7829983745765545,17194.145,207455459.0
Brazil,2020,2025,2.115,2.235,14.05,2.547,2.606,16.13,14139.583548911633,-0.03276688140964915,653.48,0.027162269694558365,0.8002081165452652,16401.875,208660845.0
Bulgaria,1980,1985,31.541,,6.165,,,6.18,9616.589738698594,-0.028639697118585744,,,,37924.316,8859539.0
Bulgaria,1981,1986,28.862,,9.119,,,6.165,9839.62991360182,0.02645749698084742,,,,37245.914,8887803.0
Bulgaria,1982,1987,28.606,,10.746,,,9.119,10130.485110299438,0.03244802718481522,,,,38049.559,8912738.0
Bulgaria,1983,1988,35.606,,12.318,,,10.746,9916.354276256285,-0.01887592755784222,,,,38219.535,8933328.0
Bulgaria,1984,1989,32.857,,12.735,,,12.318,10221.139409097326,0.032960147601696334,,,,37916.188,8952608.0
Bulgaria,1985,1990,34.988,31.541,13.131,,,12.735,9907.071925486014,-0.030050903351904128,,,,37602.871,8958855.0
Bulgaria,1986,1991,32.391,28.862,12.07,31.541,,13.131,10164.663421421585,0.026529639953629714,,,,38337.195,8963473.0
Bulgaria,1987,1992,32.59,28.606,12.436,28.862,31.541,12.07,10168.185624639185,0.0017675498652999211,,,,38579.18,8976206.0
Bulgaria,1988,1993,36.919,35.606,16.03,28.606,28.862,12.436,10093.846937157297,-0.0062586348087080145,,,,39436.852,8985721.0
Bulgaria,1989,1994,40.39,32.857,14.566,35.606,28.606,16.03,9967.50384808803,-0.017938497444228107,,,,39309.855,8936386.0
Bulgaria,1990,1995,41.441,34.988,14.66,32.857,35.606,14.566,8994.47162733897,-0.10913397738076056,45.69,0.45918144014007445,0.035675202451302256,36771.109,8822366.0
Bulgaria,1991,1996,42.362,32.391,13.18,34.988,32.857,14.66,8392.932943819533,-0.08026551786863614,42.81,0.4854006073347349,0.05302499416024293,30198.242,8695798.0
Bulgaria,1992,1997,41.686,32.59,11.55,32.391,34.988,13.18,7937.252870193809,-0.0691607997053608,38.15,0.46684141546526864,0.04980340760157274,28868.836,8559091.0
Bulgaria,1993,1998,40.802,36.919,13.97,32.59,32.391,11.55,7935.978650883425,-0.010972799345664553,37.95,0.4521739130434782,0.04716732542819499,31134.502,8466533.0
Bulgaria,1994,1999,41.682,40.39,15.34,36.919,32.59,13.97,8159.840105007483,0.022183716128427882,37.91,0.4455288841994197,0.03429174360327091,30122.635,8416924.0
Bulgaria,1995,2000,44.789,41.441,17.26,40.39,36.919,15.34,8491.18637186189,0.033269602958460334,41.49,0.41769100988189917,0.05230175946011087,32624.234,8357576.0
Bulgaria,1996,2001,45.005,42.362,18.08,41.441,40.39,17.26,7853.465278007266,-0.08242707109718625,42.23,0.406346199384324,0.06843476201752309,32793.77,8291402.0
Bulgaria,1997,2002,48.051,41.686,17.75,42.362,41.441,18.08,7902.605389418969,-0.0027601573941075214,39.03,0.4839866769151934,0.06968998206507815,31293.846,8217101.0
Bulgaria,1998,2003,40.87,40.802,16.9,41.686,42.362,17.75,8320.74972871742,0.04280120216607929,37.77,0.48451151707704526,0.08128144029653163,30382.707,8138193.0
Bulgaria,1999,2004,40.667,41.682,15.81,40.802,41.686,16.9,7945.259165953514,-0.053425807787045185,35.97,0.4523213789268835,0.07589658048373644,26929.967,8067464.0
Bulgaria,2000,2005,42.493,44.789,18.18,41.682,40.802,15.81,8464.421599398738,0.05650204878955526,35.97,0.47094801223241595,0.07311648596052266,27170.389,8000519.0
Bulgaria,2001,2006,42.892,45.005,19.55,44.789,41.682,18.18,8687.398886668336,0.01709818833258656,36.51,0.5341002465078061,0.04519309778142974,28324.223,7928455.0
Bulgaria,2002,2007,34.19,48.051,20.22,45.005,44.789,19.55,9342.471791409484,0.06638416877349979,35.78,0.48015651201788706,0.0592509782001118,27707.934,7861949.0
Bulgaria,2003,2008,35.446,40.87,17.28,48.051,45.005,20.22,9958.777949760424,0.05816606574447591,36.79,0.5229681978798586,0.08127208480565372,28875.049,7804405.0
Bulgaria,2004,2009,36.067,40.667,16.82,40.87,48.051,17.28,10739.972988077832,0.07084620330879354,35.48,0.5326944757609922,0.08850056369785796,28120.139,7749430.0
Bulgaria,2005,2010,33.203,42.493,18.65,40.667,40.87,16.82,11654.871710335232,0.07757082750958681,36.31,0.5083998898375103,0.11842467639768657,30680.197,7695047.0
Bulgaria,2006,2011,32.646,42.892,19.49,42.493,40.667,18.65,12617.920649760506,0.07492700754975401,37.7,0.5063660477453581,0.11220159151193634,31504.156,7640292.0
Bulgaria,2007,2012,33.965,34.19,14.64,42.892,42.493,19.49,13715.516948301387,0.07939042970087469,38.35,0.5833116036505867,0.07509778357235984,30663.352,7586896.0
Bulgaria,2008,2013,32.938,35.446,15.77,34.19,42.892,14.64,14716.877206148052,0.06575298507708419,39.15,0.5920817369093231,0.0748403575989783,30551.521,7535589.0
Bulgaria,2009,2014,33.824,36.067,15.26,35.446,34.19,15.77,14338.253537652698,-0.031877865758629664,37.24,0.5665950590762621,0.09881847475832438,26990.662,7488016.0
Bulgaria,2010,2015,31.575,33.203,15.25,36.067,35.446,15.26,14661.355320551243,0.01564881792780416,37.48,0.6032550693703309,0.1536819637139808,28432.732,7437594.0
Bulgaria,2011,2016,35.437,32.646,16.31,33.203,36.067,15.25,14828.593787580337,0.0035779182951133233,39.3,0.7005089058524174,0.0989821882951654,30434.416,7380023.0
Bulgaria,2012,2017,34.679,33.965,15.78,32.646,33.203,16.31,15069.182520342982,0.007549174697896084,38.15,0.599475753604194,0.13761467889908258,29168.732,7317020.0
Bulgaria,2013,2018,34.681,32.938,14.17,33.965,32.646,15.78,15092.840860721264,-0.005604700177283446,36.84,0.5263300760043431,0.18756786102062975,27270.346,7264605.0
Bulgaria,2014,2019,37.877,33.824,15.87,32.938,33.965,14.17,15325.57623863943,0.009667752645809513,37.46,0.5688734650293646,0.1972770955686065,29286.607,7223450.0
Bulgaria,2015,2020,41.43,31.575,15.38,33.824,32.938,15.87,15952.403016085651,0.03428145540444792,38.13,0.5908733280881195,0.22947810123262521,31303.371,7177515.0
Bulgaria,2016,2021,34.922,35.437,15.78,31.575,33.824,15.38,16552.80762984052,0.030397443333253955,38.16,0.5075995807127883,0.18448637316561847,29900.988,7127436.0
Bulgaria,2017,2022,32.737,34.679,15.55,35.437,31.575,15.78,17134.55142445025,0.027622480110984043,39.36,0.5315040650406505,0.15574186991869918,30834.584,7075642.0
Bulgaria,2018,2023,40.319,34.681,16.13,34.679,35.437,15.55,17722.04624808445,0.02684723731382149,38.7,0.4821705426356589,0.24237726098191215,31149.057,7024745.0
Bulgaria,2019,2024,41.201,37.877,16.56,34.681,34.679,16.13,18567.94592576324,0.040381592123225,37.91,0.4537061461355843,0.19757319968346085,30327.924,6975466.0
Bulgaria,2020,2025,39.12,41.43,16.63,37.877,34.681,16.56,17940.433294642826,-0.03958677849286718,36.73,0.36781922134494965,0.2033759869316635,28177.615,6933656.0
Canada,1980,1985,13.185,,38.032,,,35.271,25846.554961752936,0.013386707730274257,,,,110528.969,24533779.0
Canada,1981,1986,15.209,,40.067,,,38.032,26314.14792615827,0.03100506055859109,,,,108503.625,24844977.0
Canada,1982,1987,15.564,,38.337,,,40.067,25212.763000432296,-0.030471372504031972,,,,104002.023,25140164.0
Canada,1983,1988,16.376,,48.61,,,38.337,25669.06098446027,0.029130903995773217,,,,102323.438,25412605.0
Canada,1984,1989,15.924,,52.21,,,48.61,26868.851697575446,0.05735827467922936,,,,107756.992,25670376.0
Canada,1985,1990,15.077,13.185,60.521,,,52.21,28040.280263903955,0.054049574066523845,,,,110202.641,25927463.0
Canada,1986,1991,16.635,15.209,71.267,13.185,,60.521,28464.14067124245,0.026218620800055003,,,,110065.242,26211036.0
Canada,1987,1992,15.43,15.564,77.261,15.209,13.185,71.267,29255.681722441124,0.040743763240963515,,,,112189.555,26540913.0
Canada,1988,1993,17.593,16.376,82.867,15.564,15.209,77.261,30237.743924247003,0.048639958450566505,,,,115004.945,26927938.0
Canada,1989,1994,19.362,15.924,79.317,16.376,15.564,82.867,30472.752373324227,0.024168116623609185,,,,114280.016,27366046.0
Canada,1990,1995,17.417,15.077,72.46,15.924,16.376,79.317,30083.258521898086,0.002491938538325996,,,,108263.508,27789437.0
Canada,1991,1996,16.116,16.635,84.339,15.077,15.924,72.46,29132.002205656154,-0.01880694362447038,,,,107284.562,28157154.0
Canada,1992,1997,14.319,15.43,80.022,16.635,15.077,84.339,29113.690285348814,0.011542263997769517,,,,108832.219,28500066.0
Canada,1993,1998,12.632,17.593,93.284,15.43,16.635,80.022,29613.49934588676,0.028965501730442447,,,,110299.57,28830635.0
Canada,1994,1999,12.631,19.362,107.084,17.593,15.43,93.284,30700.935746204043,0.04811091244747795,,,,113257.367,29147383.0
Canada,1995,2000,11.972,17.417,97.164,19.362,17.593,107.084,31275.86645793913,0.029622926915305835,,,,114799.25,29459138.0
Canada,1996,2001,12.958,16.116,92.122,17.417,19.362,97.164,31540.49437061787,0.01900717648313359,,,,116706.812,29767210.0
Canada,1997,2002,12.504,14.319,81.955,16.116,17.417,92.122,32659.94106843827,0.04564573180055955,,,,116146.086,30059088.0
Canada,1998,2003,12.642,12.632,70.993,14.319,16.116,81.955,33711.69055746872,0.041504930640435235,,,,113457.711,30329971.0
Canada,1999,2004,14.997,12.631,72.98,12.632,14.319,70.993,35242.943870345676,0.054710781034392815,,,,116044.836,30599458.0
Canada,2000,2005,14.73,11.972,72.29,12.631,12.632,72.98,36827.937470785124,0.05495685711023567,567.99,0.20463388439937324,0.6443071180830648,118073.062,30891800.0
Canada,2001,2006,15.989,12.958,76.16,11.972,12.631,72.29,37210.085920332494,0.020900968438996553,565.46,0.19752060269515084,0.6040038198988434,114440.516,31213578.0
Canada,2002,2007,14.638,12.504,75.0,12.958,11.972,76.16,38047.997636701075,0.03306675965834132,578.48,0.1913635735029733,0.6218883971788134,117118.281,31535579.0
Canada,2003,2008,15.013,12.642,74.37,12.504,12.958,75.0,38464.542738310636,0.020594077370640892,582.53,0.18807615058451926,0.594424321494172,116565.047,31836483.0
Canada,2004,2009,14.573,14.997,89.76,12.642,12.504,74.37,39396.56844997056,0.03375990888186774,587.97,0.169906627889178,0.5938228140891542,117265.898,32132680.0
Canada,2005,2010,14.831,14.73,91.4,14.997,12.642,89.76,40384.42940820412,0.034884196682992946,596.65,0.1723958769798039,0.6246710801977708,117037.102,32440172.0
Canada,2006,2011,14.561,15.989,97.28,14.73,14.997,91.4,41157.734749752846,0.02917044845370765,589.32,0.16276386343582433,0.6182040317654245,112017.781,32759174.0
Canada,2007,2012,14.799,14.638,92.83,15.989,14.73,97.28,41699.46516818132,0.02346109383841489,603.24,0.1764969166500895,0.629351501889795,118416.227,33092171.0
Canada,2008,2013,15.666,15.013,95.35,14.638,15.989,92.83,41793.02967569699,0.013053524354633911,602.95,0.16717804129695663,0.6456588440169168,115754.156,33449088.0
Canada,2009,2014,16.316,14.573,89.46,15.013,14.638,95.35,40221.22531258896,-0.026754161250915506,580.25,0.14600603188280914,0.6624386040499785,109988.281,33826370.0
Canada,2010,2015,15.293,14.831,90.03,14.573,15.013,89.46,41125.22952171103,0.03367587711225545,582.01,0.1485369667187849,0.636879091424546,109967.695,34196900.0
Canada,2011,2016,15.098,14.561,92.94,14.831,14.573,90.03,42083.706251624746,0.03403549699508039,601.59,0.13281470769128476,0.6594025831546402,112865.477,34555449.0
Canada,2012,2017,15.03,14.799,94.2,14.561,14.831,92.94,42374.657392839974,0.017609532618220448,589.79,0.11758422489360619,0.6839213957510301,111724.289,34922513.0
Canada,2013,2018,15.129,15.666,102.72,14.799,14.561,94.2,42905.913978330405,0.023291170505555816,603.81,0.11682482900250081,0.6880972491346616,113458.836,35293421.0
Canada,2014,2019,15.326,16.316,106.54,15.666,14.799,102.72,43715.1563220681,0.028700442673050854,607.36,0.11423208640674393,0.6705084299262382,112508.438,35634265.0
Canada,2015,2020,14.867,15.293,101.1,16.316,15.666,106.54,43602.01023387422,0.006591730381262495,601.55,0.10798769844568198,0.7015875654559056,111824.336,35962236.0
Canada,2016,2021,14.099,15.098,100.72,15.293,16.316,101.1,43564.84868234271,0.01001398835159493,603.33,0.10776855120746522,0.7139210713871347,109289.445,36353345.0
Canada,2017,2022,13.045,15.03,100.6,15.098,15.293,100.72,44334.094811067815,0.03039882287406715,607.11,0.10345736357496994,0.725667506712128,109394.164,36808498.0
Canada,2018,2023,13.787,15.129,100.03,15.03,15.098,100.6,44970.88759947849,0.027770345039473506,613.0,0.0864926590538336,0.7069983686786296,109464.797,37294996.0
Canada,2019,2024,13.422,15.326,100.49,15.129,15.03,100.03,45228.30919673946,0.018882276709404344,608.62,0.08238309618481154,0.7043968321777134,107455.625,37782934.0
Canada,2020,2025,13.077,14.867,97.51,15.326,15.129,100.49,42495.77198899411,-0.05074366846620213,598.25,0.0652569995821145,0.7301128290848308,100465.109,38171903.0
Central America (EI),1980,1985,0.0,,0.0,,,0.0,,,,,,,
Central America (EI),1981,1986,0.0,,0.0,,,0.0,,,,,,,
Central America (EI),1982,1987,0.0,,0.0,,,0.0,,,,,,,
Central America (EI),1983,1988,0.0,,0.0,,,0.0,,,,,,,
Central America (EI),1984,1989,0.0,,0.0,,,0.0,,,,,,,
Central America (EI),1985,1990,0.0,0.0,0.0,,,0.0,,,,,,,
Central America (EI),1986,1991,0.0,0.0,0.0,0.0,,0.0,,,,,,,
Central America (EI),1987,1992,0.0,0.0,0.0,0.0,0.0,0.0,,,,,,,
Central America (EI),1988,1993,0.0,0.0,0.0,0.0,0.0,0.0,,,,,,,
Central America (EI),1989,1994,0.0,0.0,0.0,0.0,0.0,0.0,,,,,,,
Central America (EI),1990,1995,0.0,0.0,0.0,0.0,0.0,0.0,,,,,,,
Central America (EI),1991,1996,0.0,0.0,0.0,0.0,0.0,0.0,,,,,,,
Central America (EI),1992,1997,0.0,0.0,0.0,0.0,0.0,0.0,,,,,,,
Central America (EI),1993,1998,0.0,0.0,0.0,0.0,0.0,0.0,,,,,,,
Central America (EI),1994,1999,0.0,0.0,0.0,0.0,0.0,0.0,,,,,,,
Central America (EI),1995,2000,0.0,0.0,0.0,0.0,0.0,0.0,,,,,,,
Central America (EI),1996,2001,0.0,0.0,0.0,0.0,0.0,0.0,,,,,,,
Central America (EI),1997,2002,0.0,0.0,0.0,0.0,0.0,0.0,,,,,,,
Central America (EI),1998,2003,0.0,0.0,0.0,0.0,0.0,0.0,,,,,,,
Central America (EI),1999,2004,0.0,0.0,0.0,0.0,0.0,0.0,,,,,,,
Central America (EI),2000,2005,0.0,0.0,0.0,0.0,0.0,0.0,,,,,,,
Central America (EI),2001,2006,0.0,0.0,0.0,0.0,0.0,0.0,,,,,,,
Central America (EI),2002,2007,0.0,0.0,0.0,0.0,0.0,0.0,,,,,,,
Central America (EI),2003,2008,0.0,0.0,0.0,0.0,0.0,0.0,,,,,,,
Central America (EI),2004,2009,0.0,0.0,0.0,0.0,0.0,0.0,,,,,,,
Central America (EI),2005,2010,0.0,0.0,0.0,0.0,0.0,0.0,,,,,,,
Central America (EI),2006,2011,0.0,0.0,0.0,0.0,0.0,0.0,,,,,,,
Central America (EI),2007,2012,0.0,0.0,0.0,0.0,0.0,0.0,,,,,,,
Central America (EI),2008,2013,0.0,0.0,0.0,0.0,0.0,0.0,,,,,,,
Central America (EI),2009,2014,0.0,0.0,0.0,0.0,0.0,0.0,,,,,,,
Central America (EI),2010,2015,0.0,0.0,0.0,0.0,0.0,0.0,,,,,,,
Central America (EI),2011,2016,0.0,0.0,0.0,0.0,0.0,0.0,,,,,,,
Central America (EI),2012,2017,0.0,0.0,0.0,0.0,0.0,0.0,,,,,,,
Central America (EI),2013,2018,0.0,0.0,0.0,0.0,0.0,0.0,,,,,,,
Central America (EI),2014,2019,0.0,0.0,0.0,0.0,0.0,0.0,,,,,,,
Central America (EI),2015,2020,0.0,0.0,0.0,0.0,0.0,0.0,,,,,,,
Central America (EI),2016,2021,0.0,0.0,0.0,0.0,0.0,0.0,,,,,,,
Central America (EI),2017,2022,0.0,0.0,0.0,0.0,0.0,0.0,,,,,,,
Central America (EI),2018,2023,0.0,0.0,0.0,0.0,0.0,0.0,,,,,,,
Central America (EI),2019,2024,0.0,0.0,0.0,0.0,0.0,0.0,,,,,,,
China,1980,1985,0.0,,0.0,,,0.0,1926.2141779586334,0.051295806474889856,,,,4910.204,983163540.0
China,1981,1986,0.0,,0.0,,,0.0,1954.4092399403587,0.029661115178659145,,,,4774.731,997721072.0
China,1982,1987,0.0,,0.0,,,0.0,2100.061954451941,0.09161373476050821,,,,4910.15,1013588177.0
China,1983,1988,0.0,,0.0,,,0.0,2214.498095160081,0.07059313701270996,,,,5148.07,1029064952.0
China,1984,1989,0.0,,0.0,,,0.0,2427.552964296884,0.11195846080351453,,,,5446.325,1043849645.0
China,1985,1990,0.0,0.0,0.0,,,0.0,2597.3329439998524,0.08629575142512809,,,,5803.289,1059807818.0
China,1986,1991,0.0,0.0,0.0,0.0,,0.0,2721.358580859797,0.06497869911035153,,,,5982.088,1077233607.0
China,1987,1992,0.0,0.0,0.0,0.0,0.0,0.0,2898.427314299856,0.08383571622511496,,,,6340.201,1096217445.0
China,1988,1993,0.198,0.0,0.0,0.0,0.0,0.0,3007.828640803975,0.05575689983344809,,,,6695.495,1115244168.0
China,1989,1994,1.59,0.0,0.0,0.0,0.0,0.0,2981.1173828657334,0.007779769005376076,,,,6910.493,1133991006.0
China,1990,1995,1.274,0.0,0.0,0.0,0.0,0.0,2934.442061794918,0.0013492940800375606,,,,6881.387,1153582725.0
China,1991,1996,1.326,0.0,0.0,0.0,0.0,0.0,2997.0809462523152,0.036579581597431916,,,,7121.363,1170788533.0
China,1992,1997,1.27,0.0,0.0,0.0,0.0,0.0,3169.9471329722555,0.07013204486110261,,,,7406.634,1184574236.0
China,1993,1998,1.208,0.198,1.604,0.0,0.0,0.0,3446.2036932402357,0.09883563250233869,,,,7899.078,1197308574.0
China,1994,1999,1.206,1.59,14.756,0.198,0.0,1.604,3671.4161376521006,0.07575652889501745,,,,8311.651,1209003099.0
China,1995,2000,1.235,1.274,12.833,1.59,0.198,14.756,3942.190102594057,0.08363753733901673,,,,8484.854,1220133929.0
China,1996,2001,1.18,1.326,14.338,1.274,1.59,12.833,4165.572299670017,0.06602696605731653,,,,8861.039,1230944809.0
China,1997,2002,1.519,1.27,14.418,1.326,1.274,14.338,4263.290621344541,0.031934949661444334,,,,8847.622,1241139623.0
China,1998,2003,2.268,1.208,14.1,1.27,1.326,14.418,4268.069973087407,0.008951255737195839,,,,8794.493,1250847122.0
China,1999,2004,2.291,1.206,14.949,1.208,1.27,14.1,4426.76278107597,0.04491728563447084,,,,9035.296,1260176650.0
China,2000,2005,2.123,1.235,16.74,1.206,1.208,14.949,4688.697622439698,0.06707518738798397,1346.85,0.7872146118721461,0.1674722500649664,9294.628,1269581174.0
China,2001,2006,1.914,1.18,17.47,1.235,1.206,16.74,4950.037697603238,0.06334203810901937,1472.19,0.7669798055957452,0.19068870186592762,9751.95,1278725061.0
China,2002,2007,1.893,1.519,25.13,1.18,1.235,17.47,5295.4149649283645,0.07658400648252771,1645.61,0.779388798074878,0.17708327003360458,10553.145,1286866835.0
China,2003,2008,1.956,2.268,43.34,1.519,1.18,25.13,5599.479398231274,0.06370673912003211,1903.22,0.7986307415853133,0.15094418932125553,12219.811,1294517323.0
China,2004,2009,1.886,2.291,50.47,2.268,1.519,43.34,6014.093600603196,0.0803366502184541,2197.23,0.7839051897161426,0.16267300191604883,14214.832,1302100316.0
China,2005,2010,1.776,2.123,53.09,2.291,2.268,50.47,6566.993490049349,0.0985814206784694,2494.08,0.7939400500384912,0.1621319284064665,16050.938,1310027135.0
China,2006,2011,1.85,1.914,54.84,2.123,2.291,53.09,7199.661715300852,0.10305819934116267,2858.84,0.8053686110450392,0.15625918204586475,17486.639,1318054030.0
China,2007,2012,1.971,1.893,62.13,1.914,2.123,54.84,7812.716886632635,0.09153896690028804,3271.23,0.8121409989514646,0.15306474934504757,18893.74,1325813576.0
China,2008,2013,2.053,1.956,68.39,1.893,1.914,62.13,8096.399928343909,0.04256936184702985,3482.96,0.7777608700645428,0.1909525231412362,19508.211,1333821011.0
China,2009,2014,2.299,1.886,70.05,1.956,1.893,68.39,8619.998866783422,0.07161638465265681,3703.26,0.7862045873095597,0.17940679293379344,20229.75,1342522717.0
China,2010,2015,2.947,1.776,74.74,1.886,1.956,70.05,9514.038727362984,0.11114791774045243,4193.65,0.7710705471367425,0.187516840938085,21497.809,1351561505.0
China,2011,2016,3.476,1.85,87.2,1.776,1.886,74.74,10065.443758914174,0.06475856570057345,4700.28,0.7852447088258572,0.16858144621171506,23037.326,1360250658.0
China,2012,2017,3.757,1.971,98.32,1.85,1.776,87.2,10787.09924144449,0.0790000296133616,4976.76,0.7531385881577572,0.20084553002354943,23821.602,1369520866.0
China,2013,2018,4.117,2.053,111.5,1.971,1.85,98.32,11548.492893137882,0.07800005213217705,5420.4,0.752226772931887,0.2017138956534573,24548.49,1379008040.0
China,2014,2019,4.647,2.299,133.22,2.053,1.971,111.5,12323.15615883884,0.07399999630111387,5783.04,0.7267907536520585,0.22293292109340418,25021.807,1387951970.0
China,2015,2020,4.708,2.947,171.38,2.299,2.053,133.22,13108.49975354267,0.06999995021492016,5802.14,0.6973582161064711,0.24019758227136884,25166.627,1396134171.0
China,2016,2021,4.775,3.476,213.18,2.947,2.299,171.38,13920.923463912352,0.06800008062560607,6120.44,0.6790933331590541,0.2488040075550124,25125.633,1404052628.0
China,2017,2022,4.721,3.757,248.1,3.476,2.947,213.18,14793.990233908871,0.0689999475975618,6591.39,0.6720934431129093,0.25291478732103545,25949.135,1412354730.0
China,2018,2023,4.597,4.117,295.0,3.757,3.476,248.1,15711.165658751721,0.0670000194113538,7150.92,0.6661870081052509,0.2566648766871955,27068.061,1419008954.0
China,2019,2024,4.47,4.647,348.7,4.117,3.757,295.0,16601.056061667547,0.05999997394324301,7486.63,0.6485054022971617,0.2690983793776372,28231.928,1423520357.0
China,2020,2025,4.607,4.708,366.2,4.647,4.117,348.7,16935.516941845784,0.021999997454986733,7762.03,0.6340982964507996,0.2814998138373596,29095.936,1426106093.0
Czechia,1980,1985,4.124,,0.0,,,0.0,12351.993053314498,0.017012157787859146,,,,60419.594,10275404.0
Czechia,1981,1986,10.146,,0.0,,,0.0,12316.029796245071,-0.0015419626586149339,,,,59888.645,10289518.0
Czechia,1982,1987,17.205,,0.0,,,0.0,12114.523767148014,-0.015454264737911094,,,,59132.363,10299006.0
Czechia,1983,1988,18.367,,0.2,,,0.0,12305.704915302389,0.016169849668895443,,,,59204.168,10302947.0
Czechia,1984,1989,19.066,,1.239,,,0.2,12579.598542423506,0.02234367333945327,,,,61171.719,10303816.0
Czechia,1985,1990,20.218,4.124,2.397,,,1.239,12861.263510707908,0.02252208904135242,,,,61281.047,10305141.0
Czechia,1986,1991,20.116,10.146,6.149,4.124,,2.397,13216.72054702207,0.027561314675139652,,,,61969.156,10304374.0
Czechia,1987,1992,20.745,17.205,10.701,10.146,4.124,6.149,13524.72193500373,0.023209378267713694,,,,63401.766,10303422.0
Czechia,1988,1993,21.527,18.367,11.816,17.205,10.146,10.701,13802.1530636999,0.020713556883465132,,,,63666.672,10305448.0
Czechia,1989,1994,22.226,19.066,12.418,18.367,17.205,11.816,14038.887569186838,0.017167889038041326,,,,61713.973,10305609.0
Czechia,1990,1995,20.188,20.218,12.59,19.066,18.367,12.418,14188.355747516329,0.010291720372091048,61.58,0.7635595972718415,0.018837284832737902,53071.695,10301989.0
Czechia,1991,1996,20.132,20.116,12.13,20.218,19.066,12.59,12664.41614316963,-0.10719713830027314,57.77,0.789337026138134,0.018867924528301886,48293.75,10304420.0
Czechia,1992,1997,19.452,20.745,12.25,20.116,20.218,12.13,12751.252520521555,0.007641244547081757,56.01,0.7839671487234422,0.02499553651133726,46834.602,10312449.0
Czechia,1993,1998,20.396,21.527,12.63,20.745,20.116,12.25,12920.323523478344,0.01404079412744542,56.57,0.7648930528548701,0.027046137528725474,46406.059,10320404.0
Czechia,1994,1999,20.82,22.226,12.98,21.527,20.745,12.63,13466.166994241225,0.042441595488536904,57.95,0.7289042277825711,0.03071613459879206,45194.73,10322332.0
Czechia,1995,2000,18.642,20.188,12.23,22.226,21.527,12.98,14501.650234032235,0.07582154652705406,61.0,0.7268852459016394,0.03950819672131148,47150.117,10312041.0
Czechia,1996,2001,19.873,20.132,12.85,20.188,22.226,12.23,15335.855358221625,0.055894154860660586,63.83,0.7117342942190192,0.035406548644837846,48845.676,10296140.0
Czechia,1997,2002,24.658,19.452,12.49,20.132,20.188,12.85,15450.11165267792,0.005875809932890053,63.02,0.7256426531259916,0.034750872738813075,46918.055,10280049.0
Czechia,1998,2003,31.248,20.396,13.18,19.452,20.132,12.49,15621.779854229195,0.009673254366097409,62.16,0.728925353925354,0.03201415701415702,45616.305,10265430.0
Czechia,1999,2004,31.424,20.82,13.36,20.396,19.452,13.18,16068.854129661504,0.027211311752452488,60.89,0.7250780095253736,0.038758416817211365,43797.691,10251385.0
Czechia,2000,2005,30.184,18.642,13.59,20.82,20.396,13.36,17027.720864187268,0.05816567558141563,62.88,0.8388994910941475,0.03625954198473282,46352.703,10236809.0
Czechia,2001,2006,31.138,19.873,14.75,18.642,20.82,13.59,17763.3121188529,0.04270365079072557,64.68,0.8130797773654916,0.039734075448361154,47427.164,10231942.0
Czechia,2002,2007,29.817,24.658,18.74,19.873,18.642,14.75,18267.04058470191,0.029114801818406404,64.61,0.7724810400866738,0.04627766599597586,47537.262,10239474.0
Czechia,2003,2008,31.88,31.248,25.87,24.658,19.873,18.74,19155.994277828846,0.049630422219698676,66.58,0.7625413036948033,0.02808651246620607,50205.371,10248907.0
Czechia,2004,2009,33.329,31.424,26.33,31.248,24.658,25.87,20340.774718843422,0.06314891239216659,68.07,0.739092111062142,0.040252681063611,51437.602,10261453.0
Czechia,2005,2010,32.856,30.184,24.73,31.424,31.248,26.33,21916.261988656785,0.07941834819879848,69.3,0.7145743145743146,0.045165945165945166,50547.094,10280155.0
Czechia,2006,2011,32.641,31.138,26.05,30.184,31.424,24.73,23677.967532727158,0.08295167040527215,71.03,0.6990004223567506,0.04955652541179783,51380.527,10304592.0
Czechia,2007,2012,35.02,29.817,26.17,31.138,30.184,26.05,25216.16081825665,0.06836808216324021,71.62,0.7510471935213627,0.047752024574141294,50660.535,10337539.0
Czechia,2008,2013,35.793,31.88,26.55,29.817,31.138,26.17,26180.549787932472,0.04233848412044708,71.81,0.6791533212644478,0.051803370004177694,49489.691,10378298.0
Czechia,2009,2014,35.691,33.329,27.21,31.88,29.817,26.55,25133.871470115348,-0.03603057018411143,68.0,0.6755882352941176,0.06852941176470588,47290.25,10420985.0
Czechia,2010,2015,32.537,32.856,28.0,33.329,31.88,27.21,25920.401478206066,0.035553991494223426,70.27,0.6674256439447844,0.08410416963142167,49087.086,10464035.0
Czechia,2011,2016,29.39,32.641,28.28,32.856,33.329,28.0,26590.685723454262,0.028944839816745935,69.6,0.6706896551724139,0.10402298850574714,47827.676,10495508.0
Czechia,2012,2017,33.046,35.02,30.32,32.641,32.856,28.28,26352.24249955198,-0.007850034965694707,69.46,0.6331701698819464,0.11618197523754681,47532.332,10507339.0
Czechia,2013,2018,34.454,35.793,30.75,35.02,32.641,30.32,26330.56259221148,-0.0004589650805406612,69.02,0.5957693422196465,0.1347435525934512,46638.129,10511164.0
Czechia,2014,2019,35.289,35.691,30.33,35.793,35.02,30.75,26910.671944390644,0.022620921830093343,68.68,0.5930401863715782,0.13351776354105999,45633.422,10517223.0
Czechia,2015,2020,37.503,32.537,26.84,35.691,35.793,30.33,28341.33464567827,0.05388388158232065,69.98,0.5878822520720206,0.13446699056873393,44726.094,10524418.0
Czechia,2016,2021,36.732,29.39,24.1,32.537,35.691,26.84,29039.661588940922,0.025372788599175595,71.03,0.5908770941855553,0.13219766295931298,44091.977,10531946.0
Czechia,2017,2022,37.048,33.046,28.34,29.39,32.537,24.1,30513.41575632251,0.05168722041670136,72.72,0.5698569856985698,0.13242574257425743,46538.844,10541343.0
Czechia,2018,2023,40.119,34.454,29.92,33.046,29.39,28.34,31473.31159688742,0.03220092808526001,72.93,0.5649252708076238,0.12930207047854106,46357.695,10548934.0
Czechia,2019,2024,40.791,35.289,30.25,34.454,33.046,29.92,32408.67093632211,0.03029875622996326,72.62,0.5140457174332139,0.13852933076287524,45278.137,10554872.0
Czechia,2020,2025,42.305,37.503,30.04,35.289,34.454,30.25,30639.002945461616,-0.055029597442862795,69.95,0.4431736954967834,0.14781987133666905,41949.023,10550129.0
EU (Ember),1992,1997,33.851,32.929,750.51,32.646,32.406,749.29,,,2279.16,0.33649677951526,0.14403552185893048,,
EU (Ember),1993,1998,32.95,33.904,772.85,32.929,32.646,750.51,,,2279.55,0.32845079072623984,0.14851176767344432,,
EU (Ember),1994,1999,33.215,33.288,770.46,33.904,32.929,772.85,,,2314.5,0.3285072369842299,0.15144091596457118,,
EU (Ember),1995,2000,32.795,33.231,791.87,33.288,33.904,770.46,,,2382.94,0.32561038045439666,0.14802722687100808,,
EU (Ember),1996,2001,32.935,33.703,831.28,33.231,33.288,791.87,,,2466.46,0.32136746592282056,0.14406477299449413,,
EU (Ember),1997,2002,33.148,33.851,839.47,33.703,33.231,831.28,,,2479.92,0.30840914223039456,0.14786364076260525,,
EU (Ember),1998,2003,32.4,32.95,833.35,33.851,33.703,839.47,,,2529.13,0.3058363943332292,0.15210764175823305,,
EU (Ember),1999,2004,32.378,33.215,848.25,32.95,33.851,833.35,,,2553.8,0.29711410447176756,0.15127652909389927,,
EU (Ember),2000,2005,31.76,32.795,859.95,33.215,32.95,848.25,,,2631.02,0.3041900099581151,0.1546548486898617,,
EU (Ember),2001,2006,31.185,32.935,888.9,32.795,33.215,859.95,,,2695.57,0.2941567089706444,0.16187299903174465,,
EU (Ember),2002,2007,29.59,33.148,902.34,32.935,32.795,888.9,,,2729.24,0.29837610470314085,0.14289325966203048,,
EU (Ember),2003,2008,29.892,32.4,907.18,33.148,32.935,902.34,,,2797.84,0.3034626712034998,0.14204886626826407,,
EU (Ember),2004,2009,29.374,32.378,928.46,32.4,33.148,907.18,,,2855.74,0.2925406374529894,0.15413167865421923,,
EU (Ember),2005,2010,29.009,31.76,916.08,32.378,32.4,928.46,,,2891.72,0.2797262528875548,0.1533585547701714,,
EU (Ember),2006,2011,28.802,31.185,914.44,31.76,32.378,916.08,,,2932.77,0.27840573928402157,0.1592999110056363,,
EU (Ember),2007,2012,27.965,29.59,872.24,31.185,31.76,914.44,,,2958.35,0.2801358865583856,0.1677184917268072,,
EU (Ember),2008,2013,27.958,29.892,884.73,29.59,31.185,872.24,,,2971.81,0.2547302822185806,0.18192616620847227,,
EU (Ember),2009,2014,28.775,29.374,824.92,29.892,29.59,884.73,,,2825.63,0.24898872109936543,0.20210006264089775,,
EU (Ember),2010,2015,27.407,29.009,854.47,29.374,29.892,824.92,,,2950.46,0.23765785674098278,0.22123668851636694,,
EU (Ember),2011,2016,26.56,28.802,837.77,29.009,29.374,854.47,,,2909.64,0.24910641866347727,0.222003409356484,,
EU (Ember),2012,2017,25.98,27.965,811.95,28.802,29.009,837.77,,,2910.22,0.2551972015861344,0.25045185587343916,,
EU (Ember),2013,2018,26.196,27.958,806.23,27.965,28.802,811.95,,,2881.88,0.25292517384485125,0.27999083931322605,,
EU (Ember),2014,2019,26.625,28.775,812.57,27.958,27.965,806.23,,,2818.88,0.24576427517311838,0.29698319900102166,,
EU (Ember),2015,2020,24.827,27.407,786.69,28.775,27.958,812.57,,,2863.72,0.24619376195996817,0.2988909530261339,,
EU (Ember),2016,2021,25.451,26.56,767.95,27.407,28.775,786.69,,,2892.05,0.2279213706540343,0.3012810981829498,,
EU (Ember),2017,2022,21.936,25.98,759.4,26.56,27.407,767.95,,,2918.43,0.2189053703532379,0.2995514711677169,,
EU (Ember),2018,2023,22.862,26.196,761.94,25.98,26.56,759.4,,,2917.46,0.2041296196006115,0.3226539524106586,,
EU (Ember),2019,2024,23.422,26.625,765.34,26.196,25.98,761.94,,,2877.43,0.15666410651171359,0.3401785621196693,,
EU (Ember),2020,2025,23.325,24.827,683.51,26.625,26.196,765.34,,,2767.06,0.12733009042087992,0.3830021755943131,,
Europe (Ember),2002,2007,23.991,26.909,1237.04,26.735,26.339,1218.9,,,4597.14,0.2681667297493659,0.17427792062021166,,
Europe (Ember),2003,2008,23.808,26.654,1255.11,26.909,26.735,1237.04,,,4708.89,0.2733383026573141,0.1655230850582621,,
Europe (Ember),2004,2009,23.983,26.335,1267.15,26.654,26.909,1255.11,,,4811.68,0.2596660625810528,0.17983323911814583,,
Europe (Ember),2005,2010,23.618,25.731,1259.25,26.335,26.654,1267.15,,,4893.97,0.2540779775928336,0.18180332123000345,,
Europe (Ember),2006,2011,23.591,25.33,1264.37,25.731,26.335,1259.25,,,4991.64,0.2600147446530599,0.18112083403450568,,
Europe (Ember),2007,2012,22.988,23.991,1215.79,25.33,25.731,1264.37,,,5067.6,0.25706448812060934,0.18603086273581182,,
Europe (Ember),2008,2013,22.843,23.808,1217.84,23.991,25.33,1215.79,,,5115.31,0.2452519984126084,0.1934056782482391,,
Europe (Ember),2009,2014,23.463,23.983,1168.21,23.808,23.991,1217.84,,,4870.91,0.2337838309474,0.21094415622542811,,
Europe (Ember),2010,2015,23.056,23.618,1202.51,23.983,23.808,1168.21,,,5091.39,0.22480894215528566,0.22011277863216136,,
Europe (Ember),2011,2016,22.292,23.591,1196.65,23.618,23.983,1202.51,,,5072.41,0.23472865955236272,0.21830648547731749,,
Europe (Ember),2012,2017,22.137,22.988,1175.47,23.591,23.618,1196.65,,,5113.43,0.2446596511539221,0.24118839995854052,,
Europe (Ember),2013,2018,22.087,22.843,1158.55,22.988,23.591,1175.47,,,5071.88,0.23981639944162714,0.2650949943610653,,
Europe (Ember),2014,2019,22.265,23.463,1173.03,22.843,22.988,1158.55,,,4999.51,0.22844438754997987,0.27217467311796556,,
Europe (Ember),2015,2020,21.172,23.056,1163.22,23.463,22.843,1173.03,,,5045.2,0.22218346150796797,0.28239911202727347,,
Europe (Ember),2016,2021,21.403,22.292,1138.39,23.056,23.463,1163.22,,,5106.62,0.20837266136896812,0.287836181270586,,
Europe (Ember),2017,2022,19.252,22.137,1138.84,22.292,23.056,1138.39,,,5144.41,0.20052056504050025,0.2879572195839756,,
Europe (Ember),2018,2023,19.393,22.087,1141.49,22.137,22.292,1138.84,,,5168.05,0.1929876839426863,0.30703069823240875,,
Europe (Ember),2019,2024,19.604,22.265,1139.93,22.087,22.137,1141.49,,,5119.81,0.1662737484398835,0.3238518616901799,,
Europe (Ember),2020,2025,19.537,21.172,1050.22,22.265,22.087,1139.93,,,4960.36,0.14684619664701756,0.361532227499617,,
Finland,1980,1985,38.317,,6.974,,,6.695,20640.765061960206,0.053279111085636884,,,,55376.215,4779358.0
Finland,1981,1986,38.705,,14.563,,,6.974,20935.501004094087,0.018627929856967432,,,,55674.742,4799849.0
Finland,1982,1987,36.799,,16.659,,,14.563,21495.21867565079,0.0325183916611407,,,,54671.609,4826884.0
Finland,1983,1988,36.301,,17.597,,,16.659,21943.982417694668,0.026991154099572565,,,,53825.727,4855791.0
Finland,1984,1989,35.529,,18.736,,,17.597,22485.820759318183,0.030186126687037577,,,,55786.504,4881827.0
Finland,1985,1990,35.357,38.317,18.926,,,18.736,23145.739167959608,0.0336569844004385,,,,58287.605,4902262.0
Finland,1986,1991,33.661,38.705,18.945,38.317,,18.926,23616.822741435175,0.02368190694901089,,,,58766.078,4918256.0
Finland,1987,1992,33.38,36.799,19.509,38.705,38.317,18.945,24516.375250924677,0.041044652182776864,,,,61695.867,4932257.0
Finland,1988,1993,32.64,36.301,19.418,36.799,38.705,19.509,25644.019764368826,0.04904346875553528,,,,61114.07,4946629.0
Finland,1989,1994,29.61,35.529,18.958,36.301,36.799,19.418,27000.66050145784,0.05671202125383466,,,,61156.637,4964525.0
Finland,1990,1995,30.031,35.357,19.22,35.529,36.301,18.958,26883.219086403176,7.281875440897663e-05,65.0,0.14861538461538462,0.24646153846153845,64823.824,4986576.0
Finland,1991,1996,28.106,33.661,19.51,35.357,35.529,19.22,25174.099995233242,-0.058446603828234404,65.25,0.1500383141762452,0.2789272030651341,65968.336,5013889.0
Finland,1992,1997,30.227,33.38,19.26,33.661,35.357,19.51,24219.206335200593,-0.03250981043764148,66.09,0.11590255711908004,0.30352549553638974,65383.906,5042145.0
Finland,1993,1998,31.165,32.64,19.93,33.38,33.661,19.26,23942.969938976756,-0.006612051918842169,68.64,0.14335664335664336,0.28321678321678323,65628.07,5066594.0
Finland,1994,1999,33.088,29.61,19.43,32.64,33.38,19.93,24797.056245374333,0.040140136745509446,72.16,0.19373614190687363,0.2531873614190687,68592.805,5088454.0
Finland,1995,2000,32.128,30.031,19.22,29.61,32.64,19.43,25761.17652531295,0.042854490111053786,72.41,0.1528794365419141,0.2699903328269576,65141.914,5107919.0
Finland,1996,2001,30.584,28.106,19.48,30.031,29.61,19.22,26636.823202461015,0.037390940286057064,72.97,0.2072084418254077,0.24338769357270112,67804.508,5124715.0
Finland,1997,2002,29.765,30.227,20.89,28.106,30.031,19.48,28239.342490078165,0.06330874424806547,76.76,0.167274622199062,0.26250651380927564,68557.547,5139927.0
Finland,1998,2003,26.97,31.165,21.85,30.227,28.106,20.89,29715.25406802502,0.05505230075304515,79.42,0.09997481742634097,0.307227398640141,70678.422,5153545.0
Finland,1999,2004,26.468,33.088,22.97,31.165,30.227,21.85,30986.971366074562,0.04521906191727488,80.54,0.11112490687856964,0.26309908120188724,69141.047,5165516.0
Finland,2000,2005,32.979,32.128,22.48,33.088,31.165,22.97,32689.977816145714,0.057140181850575976,81.85,0.10372632864996946,0.28564447159437995,69377.148,5176197.0
Finland,2001,2006,27.841,30.584,22.77,32.128,33.088,22.48,33482.065523701945,0.026559852324662795,84.41,0.12569600758204005,0.2551830351854046,70720.078,5187970.0
Finland,2002,2007,28.853,29.765,22.3,30.584,32.128,22.77,33987.08980688189,0.017544450889700178,86.84,0.1463611239060341,0.2283509903270382,70909.469,5200548.0
Finland,2003,2008,29.683,26.97,22.73,29.765,30.584,22.3,34607.695309457704,0.020689897235122077,89.13,0.2159766633007966,0.21384494558510042,75758.852,5212958.0
Finland,2004,2009,32.653,26.468,22.72,26.97,29.765,22.73,35889.18290055731,0.04005057026645279,90.71,0.18189835740271196,0.28254878183221255,75218.609,5228147.0
Finland,2005,2010,28.274,32.979,23.27,26.468,26.97,22.72,36787.62163200776,0.028549254262013067,87.57,0.07422633321913898,0.2678999657416924,68155.234,5246078.0
Finland,2006,2011,31.551,27.841,22.91,32.979,26.468,23.27,38161.297885895234,0.0413290630540445,93.69,0.17429821752588323,0.23972675845874694,72824.57,5266248.0
Finland,2007,2012,32.652,28.853,23.42,27.841,32.979,22.91,39998.636734632135,0.052618284820865176,93.73,0.1481916142110317,0.25946868665315265,72265.656,5288715.0
Finland,2008,2013,33.132,29.683,22.96,28.853,27.841,23.42,40130.03885211275,0.00796399998779817,90.12,0.09431868619618286,0.30814469596094096,69352.391,5313379.0
Finland,2009,2014,34.626,32.653,23.53,29.683,28.853,22.96,36663.13639031897,-0.08201140886618899,84.15,0.1322638146167558,0.2578728461081402,63925.277,5338854.0
Finland,2010,2015,33.887,28.274,22.8,32.653,29.683,23.53,37615.6966233958,0.030688300266118115,91.14,0.1595347816545973,0.2653061224489796,69227.406,5363347.0
Finland,2011,2016,33.745,31.551,23.19,28.274,32.653,22.8,38432.67101923524,0.026460336432579595,87.35,0.11196336576989124,0.27681740125930165,64942.016,5388236.0
Finland,2012,2017,33.294,32.652,22.99,31.551,28.274,23.19,37715.37246586521,-0.013975490890281316,87.85,0.08081957882754695,0.3250996015936255,62885.137,5413978.0
Finland,2013,2018,32.451,33.132,23.61,32.652,31.551,22.99,37202.958381572396,-0.009017012642754533,86.97,0.12291594802805565,0.2946993216051512,62841.867,5439057.0
Finland,2014,2019,34.791,34.626,23.58,33.132,32.652,23.61,36913.62384252775,-0.0036490845771827794,86.07,0.09201812478215407,0.30533286859532943,60388.477,5461686.0
Finland,2015,2020,33.637,33.887,23.25,34.626,33.132,23.58,36992.17181063481,0.00543663899320666,84.95,0.060270747498528544,0.3593878752207181,60020.109,5479719.0
Finland,2016,2021,32.728,33.745,23.2,33.887,34.626,23.25,37923.20054670503,0.028114651124078856,87.7,0.07947548460661345,0.34675028506271377,60792.52,5495468.0
Finland,2017,2022,35.112,33.294,22.48,33.745,33.887,23.2,39042.00049397302,0.031923988910481337,87.95,0.06662876634451392,0.3578169414440022,59403.098,5508398.0
Finland,2018,2023,42.088,32.451,22.79,33.294,33.745,22.48,39434.480515362426,0.011397203431967247,90.17,0.06421204391704557,0.35643783963624265,60525.258,5515730.0
Finland,2019,2024,39.491,34.791,23.87,32.451,33.294,22.79,39873.90448107612,0.012247459875438666,88.65,0.049182177100958825,0.35961646926113927,59218.777,5521754.0
Finland,2020,2025,39.878,33.637,23.29,34.791,32.451,23.87,38879.53410598494,-0.023549557407413258,84.34,0.02893051932653545,0.4260137538534503,56776.078,5529616.0
France,1980,1985,65.057,,61.251,,,39.96,24047.06258929538,0.014087616369769483,,,,43146.258,53941061.0
France,1981,1986,70.016,,105.326,,,61.251,24153.778423829808,0.01028373099267212,,,,42266.633,54255004.0
France,1982,1987,70.153,,108.919,,,105.326,24612.540249921196,0.02514247737314621,,,,40498.457,54582405.0
France,1983,1988,70.27,,144.261,,,108.919,24760.236524326087,0.011659166508338427,,,,41171.859,54889407.0
France,1984,1989,75.072,,191.234,,,144.261,24994.200877741237,0.014731327130142295,,,,42383.414,55176626.0
France,1985,1990,75.493,65.057,224.1,,,191.234,25211.49679342655,0.014005029791718424,,,,43547.309,55467153.0
France,1986,1991,73.576,70.016,254.155,65.057,,224.1,25678.07720192443,0.023752405365822803,,,,44341.496,55752833.0
France,1987,1992,73.81,70.153,265.52,70.016,65.057,254.155,26188.251125822295,0.02527416055126985,,,,45104.48,56048366.0
France,1988,1993,78.661,70.27,275.521,70.153,70.016,265.52,27187.107480475355,0.043947744486842126,,,,45446.906,56361846.0
France,1989,1994,76.131,75.072,303.931,70.27,70.153,275.521,28128.598704833817,0.04056366222449747,,,,45749.082,56685081.0
France,1990,1995,77.079,75.493,314.08,75.072,70.27,303.931,28710.314269782233,0.02617529735375154,370.6,0.08491635186184565,0.14738262277388017,46496.09,56990239.0
France,1991,1996,78.249,73.576,331.34,75.493,75.072,314.08,28881.176791190825,0.010917008456613569,397.45,0.0996603346332872,0.14701220279280414,49486.617,57271564.0
France,1992,1997,79.205,73.81,338.45,73.576,75.493,331.34,29214.158223491333,0.01653305080811506,404.74,0.08457281217571773,0.17201166180758018,49655.938,57554867.0
France,1993,1998,76.688,78.661,368.19,73.81,73.576,338.45,28926.63239127257,-0.005603108818951969,406.64,0.051544363564823927,0.16051052528034626,49374.152,57801261.0
France,1994,1999,75.883,76.131,359.98,78.661,73.81,368.19,29518.798731317802,0.023977692137662196,409.67,0.05101667195547635,0.19330192594039103,48702.859,57999868.0
France,1995,2000,77.956,77.079,377.23,76.131,78.661,359.98,30049.720090286315,0.02136171469590382,419.57,0.05763043115570703,0.1755606930905451,49906.992,58192207.0
France,1996,2001,77.604,78.249,397.34,77.079,76.131,377.23,30384.101555947367,0.01440171837297483,438.98,0.06387534739623672,0.1528543441614652,51598.414,58380638.0
France,1997,2002,79.232,79.205,395.48,78.249,77.079,397.34,31013.08597811232,0.023988431177547204,433.91,0.05111659099813325,0.14931667857389783,50635.941,58568662.0
France,1998,2003,78.885,76.688,387.99,79.205,78.249,395.48,32019.1937580166,0.03614598254235543,448.37,0.07478198809019337,0.14149028703972166,51672.051,58778817.0
France,1999,2004,79.152,75.883,394.24,76.688,79.205,387.99,33001.193350240166,0.036024049766485586,456.4,0.06415425065731815,0.16150306748466256,52095.41,59084209.0
France,2000,2005,79.335,77.956,415.16,75.883,76.688,394.24,34155.16326310212,0.04196561339797179,463.08,0.05830526043016326,0.14647577092511013,52416.18,59483716.0
France,2001,2006,79.357,77.604,421.08,77.956,75.883,415.16,34684.6201198525,0.02269588250027288,474.21,0.043187617300352164,0.16045633790936506,52467.066,59905131.0
France,2002,2007,78.266,79.232,436.76,77.604,77.956,421.08,34931.42282091871,0.014212171270492477,474.21,0.04989350709601232,0.1321988148710487,51700.012,60327247.0
France,2003,2008,77.507,78.885,441.07,79.232,77.604,436.76,35082.34203005052,0.011210531808274082,492.72,0.05329598960870271,0.12475645396980029,51909.512,60741119.0
France,2004,2009,77.475,79.152,448.24,78.885,79.232,441.07,35911.31635538716,0.03094540734203989,504.39,0.048315787386744385,0.12375344475505066,51983.934,61175244.0
France,2005,2010,76.2,79.335,451.53,79.152,78.885,448.24,36329.23899770533,0.019075630668310983,508.81,0.054067333582280226,0.10805605235746152,51181.785,61625031.0
France,2006,2011,77.934,79.357,450.19,79.335,79.152,451.53,37018.92565509163,0.026008508520442147,503.96,0.04542027145011509,0.12086276688626081,50426.094,62049831.0
France,2007,2012,74.952,78.266,439.73,79.357,79.335,450.19,37715.52310475205,0.025099487748668638,505.03,0.048412965566402,0.12731916915826783,49265.891,62432438.0
France,2008,2013,73.46,77.507,439.45,78.266,79.357,439.73,37630.531774316,0.0033039691450795633,518.99,0.04443245534596042,0.13936684714541706,49137.234,62780187.0
France,2009,2014,77.074,77.475,409.74,77.507,78.266,439.45,36372.71033917922,-0.028402201041157257,502.94,0.043086650495088884,0.13550324094325367,46095.289,63106460.0
France,2010,2015,76.189,76.2,428.52,77.475,77.507,409.74,36937.68189929238,0.020536057979352665,531.65,0.04393868146336876,0.14423022665287316,47325.062,63417366.0
France,2011,2016,72.149,77.934,442.39,76.2,77.475,428.52,37553.11694717413,0.02173389884976957,511.24,0.03401533526328143,0.1291370002347234,45465.84,63733776.0
France,2012,2017,71.681,74.952,425.41,77.934,76.2,442.39,37479.76776732006,0.0031312952419043456,523.06,0.04102779795816924,0.16298321416281117,45190.879,64058465.0
France,2013,2018,71.661,73.46,423.68,74.952,77.934,425.41,37503.005684467615,0.005763363023351299,528.29,0.04512672963713112,0.18821102046224614,45428.73,64387736.0
France,2014,2019,70.556,77.074,436.48,73.46,74.952,423.68,37683.23945797731,0.00956177970175423,499.12,0.022559705080942457,0.18839156916172464,43247.398,64692495.0
France,2015,2020,67.109,76.189,437.43,77.074,73.46,436.48,37971.23998208648,0.011129205529682802,510.08,0.02331006900878294,0.18005018820577165,43493.316,64916337.0
France,2016,2021,68.936,72.149,403.2,76.189,77.074,437.43,38286.628841388294,0.010954514506383307,517.34,0.019774229713534618,0.19136351335678664,42506.238,65086853.0
France,2017,2022,62.916,71.681,398.36,72.149,76.189,403.2,39045.206277926205,0.022914256599482,515.61,0.024844359108628616,0.1782548825662807,42218.559,65284775.0
France,2018,2023,65.195,71.661,412.94,71.681,72.149,398.36,39630.91356758214,0.01865065853844319,513.27,0.01619030919399147,0.22181308083464843,42589.262,65519537.0
France,2019,2024,67.722,70.556,399.01,71.661,71.681,412.94,40232.398011880825,0.018429756001457007,507.85,0.007167470709855272,0.22230973712710447,41554.387,65729460.0
France,2020,2025,68.787,67.109,353.83,70.556,71.661,399.01,37001.502644924934,-0.07784581561868406,482.21,0.006407996516040729,0.25928537359241827,37087.555,65905273.0
G20 (Ember),2002,2007,15.2,18.387,2506.12,18.735,18.388,2470.73,,,13629.91,0.4220856924220336,0.15884477593762542,,
G20 (Ember),2003,2008,14.898,17.342,2449.63,18.387,18.735,2506.12,,,14125.77,0.4353143226882499,0.1552687039361394,,
G20 (Ember),2004,2009,14.859,17.333,2561.81,17.342,18.387,2449.63,,,14779.59,0.4301770211487599,0.1619611910749892,,
G20 (Ember),2005,2010,14.286,16.734,2569.99,17.333,17.342,2561.81,,,15357.69,0.4368254600789572,0.16181535113679205,,
G20 (Ember),2006,2011,13.16,16.297,2598.71,16.734,17.333,2569.99,,,15946.05,0.4439005270897809,0.16483831419066164,,
G20 (Ember),2007,2012,11.964,15.2,2537.83,16.297,16.734,2598.71,,,16696.26,0.4510525111611823,0.1626070748778469,,
G20 (Ember),2008,2013,11.738,14.898,2532.34,15.2,16.297,2537.83,,,16998.381,0.4443540828976595,0.17394009464783733,,
G20 (Ember),2009,2014,11.657,14.859,2499.65,14.898,15.2,2532.34,,,16822.33,0.4419827693310023,0.18091310775617883,,
G20 (Ember),2010,2015,11.805,14.286,2563.94,14.859,14.898,2499.65,,,17946.65,0.4407591388922166,0.18530979319260138,,
G20 (Ember),2011,2016,11.72,13.16,2444.95,14.286,14.859,2563.94,,,18578.93,0.448189427485867,0.18845649345791174,,
G20 (Ember),2012,2017,11.478,11.964,2267.38,13.16,14.286,2444.95,,,18951.381,0.44100480065278613,0.19887679953244566,,
G20 (Ember),2013,2018,11.273,11.738,2286.85,11.964,13.16,2267.38,,,19483.09,0.4518985438141485,0.20736649063367257,,
G20 (Ember),2014,2019,11.541,11.657,2329.47,11.738,11.964,2286.85,,,19983.93,0.44943512111981976,0.21565077539803232,,
G20 (Ember),2015,2020,11.164,11.805,2375.34,11.657,11.738,2329.47,,,20121.65,0.42965214085326,0.22438020738855904,,
G20 (Ember),2016,2021,10.943,11.72,2423.19,11.805,11.657,2375.34,,,20676.08,0.418287218853864,0.23291697459092825,,
G20 (Ember),2017,2022,10.188,11.478,2448.34,11.72,11.805,2423.19,,,21330.369,0.42018072917538374,0.2399944417276607,,
G20 (Ember),2018,2023,10.148,11.273,2503.03,11.478,11.72,2448.34,,,22203.051,0.4181303731635801,0.2476110152609207,,
G20 (Ember),2019,2024,9.991,11.541,2594.83,11.273,11.478,2503.03,,,22483.109,0.40154722374027546,0.260029873982286,,
G20 (Ember),2020,2025,9.88,11.164,2496.18,11.541,11.273,2594.83,,,22358.26,0.38635117401801394,0.2805701338118441,,
G7 (Ember),2002,2007,23.196,25.3,1858.77,25.75,25.022,1848.0,,,7346.86,0.37992285139501775,0.13085045856325017,,
G7 (Ember),2003,2008,22.92,23.839,1763.0,25.3,25.75,1858.77,,,7395.44,0.38990513072920613,0.13160406953474033,,
G7 (Ember),2004,2009,23.856,24.677,1859.47,23.839,25.3,1763.0,,,7535.17,0.3814167430860883,0.13206337746859062,,
G7 (Ember),2005,2010,23.515,24.24,1862.63,24.677,23.839,1859.47,,,7684.02,0.38115856023279476,0.13174223908839383,,
G7 (Ember),2006,2011,21.712,24.374,1881.7,24.24,24.677,1862.63,,,7720.1,0.37598606235670523,0.13758371005556924,,
G7 (Ember),2007,2012,19.354,23.196,1821.55,24.374,24.24,1881.7,,,7852.79,0.37462354144195886,0.13376901712639713,,
G7 (Ember),2008,2013,19.581,22.92,1793.73,23.196,24.374,1821.55,,,7826.14,0.3687667228033232,0.1424955341969349,,
G7 (Ember),2009,2014,19.721,23.856,1776.73,22.92,23.196,1793.73,,,7447.66,0.3451553910892817,0.15520982429380503,,
G7 (Ember),2010,2015,19.75,23.515,1820.58,23.856,22.92,1776.73,,,7742.27,0.34668902014525455,0.1548163523101106,,
G7 (Ember),2011,2016,19.41,21.712,1665.41,23.515,23.856,1820.58,,,7670.33,0.33002752163205495,0.17320376046402175,,
G7 (Ember),2012,2017,19.395,19.354,1476.8,21.712,23.515,1665.41,,,7630.6,0.31548108929835134,0.17942625743716092,,
G7 (Ember),2013,2018,19.427,19.581,1497.92,19.354,21.712,1476.8,,,7649.8,0.32701508536170876,0.19255405370075035,,
G7 (Ember),2014,2019,19.698,19.721,1501.07,19.581,19.354,1497.92,,,7611.37,0.3200540769927096,0.20089944385833297,,
G7 (Ember),2015,2020,18.926,19.75,1502.36,19.721,19.581,1501.07,,,7607.07,0.2852832956710008,0.21095901575770962,,
G7 (Ember),2016,2021,18.873,19.41,1483.65,19.75,19.721,1502.36,,,7643.88,0.25916419410037833,0.22064187297550458,,
G7 (Ember),2017,2022,16.861,19.395,1479.64,19.41,19.75,1483.65,,,7629.03,0.2544687856778647,0.23874856960845614,,
G7 (Ember),2018,2023,17.734,19.427,1510.22,19.395,19.41,1479.64,,,7774.02,0.23732123148641243,0.2448192826877214,,
G7 (Ember),2019,2024,17.943,19.698,1505.8,19.427,19.395,1510.22,,,7644.27,0.20495351420083277,0.25581513996758354,,
G7 (Ember),2020,2025,17.787,18.926,1398.84,19.698,19.427,1505.8,,,7391.21,0.17716314378836484,0.28118129507888423,,
Germany,1980,1985,26.532,,55.589,,,52.064,22491.982473300613,0.011406068218262004,,,,54130.273,78315373.0
Germany,1981,1986,24.924,,65.533,,,55.589,22539.71341469011,0.0038197871371029287,,,,52356.098,78448044.0
Germany,1982,1987,26.618,,74.426,,,65.533,22363.326588575328,-0.00851329906741665,,,,50546.055,78393670.0
Germany,1983,1988,28.539,,78.063,,,74.426,22810.07751801723,0.01777115712444956,,,,51371.758,78224137.0
Germany,1984,1989,28.876,,104.317,,,78.063,23520.866271588304,0.02818280051429984,,,,53424.191,77998197.0
Germany,1985,1990,28.118,26.532,138.641,,,104.317,24077.670494026443,0.021903960809177152,,,,55100.695,77863423.0
Germany,1986,1991,27.467,24.924,130.489,26.532,,138.641,24590.44908861356,0.02208886699771801,,,,54600.461,77923806.0
Germany,1987,1992,29.751,26.618,141.725,24.924,26.532,130.489,24916.70489646343,0.0150687361298746,,,,54971.184,78062321.0
Germany,1988,1993,29.436,28.539,156.82,26.618,24.924,141.725,25642.202253165335,0.03338394932347393,,,,54930.293,78385992.0
Germany,1989,1994,28.922,28.876,161.671,28.539,26.618,156.82,26272.021314385795,0.032679652036489044,,,,53921.629,79007062.0
Germany,1990,1995,28.846,28.118,152.47,28.876,28.539,161.671,25286.651703280888,-0.02896778744760443,543.19,0.5707763397706143,0.03516265026970305,52600.035,79707963.0
Germany,1991,1996,29.188,27.467,147.23,28.118,28.876,152.47,26665.39670255939,0.06239938258681445,535.45,0.5746008030628443,0.03171164441124288,50939.98,80303190.0
Germany,1992,1997,31.175,29.751,158.8,27.467,28.118,147.23,27243.52986881395,0.029718155832596977,528.45,0.5595042104267196,0.037335604125272016,49537.809,80934901.0
Germany,1993,1998,29.429,29.436,153.28,29.751,27.467,158.8,27075.44829231238,0.0006070253032929965,521.59,0.5622232021319427,0.03934124503920704,48983.738,81486771.0
Germany,1994,1999,30.95,28.922,150.7,29.436,29.751,153.28,27930.19237157835,0.03520020360186212,523.39,0.5546342115821854,0.04476585337893349,48355.109,81773613.0
Germany,1995,2000,29.811,28.846,153.09,28.922,29.436,150.7,28624.289956180142,0.02793769343444172,535.54,0.5399036486536953,0.048399746050715176,48461.355,82019890.0
Germany,1996,2001,29.589,29.188,160.02,28.846,28.922,153.09,29071.56199261407,0.01863837822628043,542.96,0.5451414468837483,0.04889862973331369,49911.09,82263195.0
Germany,1997,2002,28.238,31.175,170.33,29.188,28.846,160.02,29870.826509479088,0.029072227302047653,544.02,0.5226646079188265,0.04236976581743319,49195.352,82389631.0
Germany,1998,2003,27.417,29.429,161.64,31.175,29.188,170.33,30921.15517533284,0.030416872082744954,548.62,0.5327184572199336,0.04535015128868798,49012.766,82011933.0
Germany,1999,2004,27.406,30.95,170.0,29.429,31.175,161.64,31993.531315308443,0.0304715318039343,550.31,0.511111918736712,0.05217059475568317,48526.492,81678279.0
Germany,2000,2005,26.584,29.811,169.61,30.95,29.429,170.0,33235.35069505694,0.0403278828456799,572.01,0.5186622611492806,0.061904512158878336,48756.883,81797255.0
Germany,2001,2006,26.542,29.589,171.3,29.811,30.95,169.61,34093.01484398115,0.027519196519206816,582.6,0.5041881222107792,0.06501888087881909,49586.312,81933882.0
Germany,2002,2007,22.267,28.238,164.84,29.589,29.811,171.3,34391.3643916323,0.010406314313928262,593.76,0.5045809754783078,0.07492926434923201,48882.719,82068328.0
Germany,2003,2008,23.484,27.417,165.06,28.238,29.589,164.84,34485.693267355986,0.0032717533263171925,598.76,0.5087681207829514,0.07794441846482732,48841.699,82111619.0
Germany,2004,2009,22.949,27.406,167.07,27.417,28.238,165.06,35260.43931315895,0.022230215984469053,606.98,0.49222379650070835,0.09550561797752809,48845.914,82092706.0
Germany,2005,2010,22.518,26.584,163.05,27.406,27.417,167.07,35899.79543407292,0.01756222478254991,608.77,0.47331504509092104,0.10419370205496328,48297.293,82046733.0
Germany,2006,2011,17.846,26.542,167.27,26.584,27.406,163.05,37775.8224170259,0.04783571067360537,613.22,0.4711685854994945,0.11832621245230096,49722.023,81701971.0
Germany,2007,2012,16.047,22.267,140.53,26.542,26.584,167.27,39610.495243666475,0.04338980514837293,614.54,0.48345103654766175,0.14553975331141994,47890.441,81298546.0
Germany,2008,2013,15.45,23.484,148.49,22.267,26.542,140.53,40549.73210064063,0.021347467383583223,612.19,0.4495499763145428,0.15415148891683952,48509.781,81110780.0
Germany,2009,2014,15.698,22.949,134.93,23.484,22.267,148.49,38753.21512520696,-0.04637193416385974,575.69,0.4402543035314144,0.16689537772064825,45618.898,80935276.0
Germany,2010,2015,14.361,22.518,140.56,22.949,23.484,134.93,40839.8588924317,0.05248555015585086,609.26,0.4314906608016282,0.1730131635098316,47595.047,80830916.0
Germany,2011,2016,13.192,17.846,107.97,22.518,22.949,140.56,42886.52010539431,0.050464570323529294,601.23,0.43653842955275013,0.2069590672454801,45890.207,80857877.0
Germany,2012,2017,11.842,16.047,99.46,17.846,22.518,107.97,43034.8585541587,0.004185027392240213,599.27,0.4609441487142691,0.23929113755068668,46491.398,80916391.0
Germany,2013,2018,12.02,15.45,97.29,16.047,17.846,99.46,43156.403136323315,0.004375850817080517,597.5,0.4823430962343096,0.2543096234309623,47734.965,81041581.0
Germany,2014,2019,12.51,15.698,97.13,15.45,16.047,97.29,43928.6508162878,0.02209549370983675,584.87,0.4691811855626037,0.27686494434660697,45596.504,81376078.0
Germany,2015,2020,11.36,14.361,91.79,15.698,15.45,97.13,44203.00219693459,0.01491929798341396,590.89,0.460661036741187,0.318401056034118,46064.484,82077546.0
Germany,2016,2021,11.943,13.192,84.63,14.361,15.698,91.79,44816.03878234708,0.022299985035227534,591.0,0.44289340101522845,0.3200169204737733,46416.703,82760102.0
Germany,2017,2022,6.123,11.842,76.32,13.192,14.361,84.63,45826.783154386896,0.026802384011780214,592.0,0.40753378378378374,0.3643243243243243,47525.457,83104010.0
Germany,2018,2023,1.425,12.02,76.0,11.842,13.192,76.32,46129.631688066576,0.009812304465831614,583.54,0.3909929053706687,0.38203036638448096,46125.492,83368507.0
Germany,2019,2024,0.0,12.51,75.07,12.02,11.842,76.0,46510.65742186999,0.010565941398931552,567.42,0.302157132282965,0.42502907898910863,44922.695,83559184.0
Germany,2020,2025,0.0,11.36,64.38,12.51,12.02,75.07,44754.021305458125,-0.036967821603465616,547.72,0.24574600160666032,0.45915796392317243,41838.684,83628711.0
Hungary,1980,1985,24.185,,0.0,,,0.0,10066.802636691833,0.010047090022399067,,,,30091.406,10695372.0
Hungary,1981,1986,26.473,,0.0,,,0.0,10153.824629244029,0.0071314908280710205,,,,29831.559,10679329.0
Hungary,1982,1987,36.929,,0.0,,,0.0,10541.669608860044,0.03593958975228998,,,,30029.133,10656109.0
Hungary,1983,1988,45.993,,2.473,,,0.0,10466.084783199907,-0.010255891135274359,,,,29603.729,10622989.0
Hungary,1984,1989,46.935,,3.766,,,2.473,10780.649505037116,0.02630696743662313,,,,30518.445,10584329.0
Hungary,1985,1990,48.277,24.185,6.48,,,3.766,10552.538596476923,-0.024587624742566323,,,,31608.328,10547258.0
Hungary,1986,1991,45.828,26.473,7.424,24.185,,6.48,10799.361399031633,0.019881426491650128,,,,31568.957,10511099.0
Hungary,1987,1992,44.066,36.929,10.986,26.473,24.185,7.424,11003.707713900283,0.015432703418297803,,,,33093.109,10475103.0
Hungary,1988,1993,41.933,45.993,13.445,36.929,26.473,10.986,11209.110329031062,0.015304960294625001,,,,32436.686,10440534.0
Hungary,1989,1994,41.915,46.935,13.891,45.993,36.929,13.445,10997.223192736312,-0.022390626356834035,,,,31711.219,10403421.0
Hungary,1990,1995,41.24,48.277,13.73,46.935,45.993,13.891,10286.675165682844,-0.06660231867635924,39.59,0.21596362717858045,0.005051780752715332,31138.303,10381280.0
Hungary,1991,1996,40.41,45.828,13.73,48.277,46.935,13.73,9233.34158330743,-0.10266642145533546,37.31,0.21549182524792276,0.005628517823639774,29090.016,10378174.0
Hungary,1992,1997,39.463,44.066,13.96,45.828,48.277,13.73,9118.06294677219,-0.013122279741512522,35.15,0.2591749644381223,0.005974395448079659,27927.746,10371477.0
Hungary,1993,1998,37.5,41.933,13.8,44.066,45.828,13.96,9244.173404433328,0.012402879969275004,35.38,0.2549462973431317,0.005935556811758055,26923.32,10356869.0
Hungary,1994,1999,37.272,41.915,14.05,41.933,44.066,13.8,9704.057292037398,0.04803222365203887,35.55,0.2455696202531646,0.005907172995780591,27426.154,10339936.0
Hungary,1995,2000,40.296,41.24,14.03,41.915,41.933,14.05,10147.625076529683,0.04397569288206899,36.43,0.24924512764205325,0.0060389788635739775,27783.232,10322792.0
Hungary,1996,2001,38.797,40.41,14.18,41.24,41.915,14.03,10375.111282713524,0.02038191500338527,37.29,0.2577098417806382,0.006972378653794583,28367.492,10302238.0
Hungary,1997,2002,38.589,39.463,13.97,40.41,41.24,14.18,10962.243886424221,0.05416619021886215,37.55,0.2500665778961385,0.0071904127829560596,27746.697,10278600.0
Hungary,1998,2003,32.259,37.5,13.95,39.463,40.41,13.97,11687.673442214607,0.06338676865688385,37.94,0.2519768054823406,0.005798629414865577,28236.934,10251717.0
Hungary,1999,2004,35.331,37.272,14.1,37.5,39.463,13.95,12346.27870739507,0.053061337573245874,38.89,0.26176394960143995,0.006171252249935716,28311.498,10219797.0
Hungary,2000,2005,38.685,40.296,14.18,37.272,37.5,14.1,13164.242711762352,0.06320547606569821,38.63,0.24825265337820346,0.006212787988609888,27555.037,10190598.0
Hungary,2001,2006,37.545,38.797,14.13,40.296,37.272,14.18,13971.451818501848,0.058828679756720535,39.59,0.22328870927001765,0.006567314978529932,28292.807,10166693.0
Hungary,2002,2007,36.737,38.589,13.95,38.797,40.296,14.13,14938.821675104338,0.06626985461367524,40.41,0.22222222222222227,0.005691660480079189,27707.572,10138461.0
Hungary,2003,2008,37.031,32.259,11.01,38.589,38.797,13.95,15872.649440249601,0.05941948024738634,41.07,0.22327733138543948,0.008035062089116144,28132.156,10108970.0
Hungary,2004,2009,42.969,35.331,11.91,32.259,38.589,11.01,17046.30206088012,0.0714790469942714,41.18,0.1986401165614376,0.022826614861583293,28646.92,10085788.0
Hungary,2005,2010,42.184,38.685,13.83,35.331,32.259,11.91,18191.181668086174,0.06503776550977404,41.98,0.16722248689852312,0.04454502143878038,30606.633,10065703.0
Hungary,2006,2011,43.559,37.545,13.46,38.685,35.331,13.83,19306.90202385167,0.0596716071699741,43.06,0.16256386437529027,0.03460287970274036,30055.938,10049946.0
Hungary,2007,2012,45.609,36.737,14.68,37.545,38.685,13.46,19819.662937344354,0.024938190662284327,43.95,0.1676905574516496,0.04277588168373151,29707.297,10034084.0
Hungary,2008,2013,50.776,37.031,14.82,36.737,37.545,14.68,20438.001788222075,0.02940687665729575,43.92,0.1612021857923497,0.053506375227686705,29340.787,10016653.0
Hungary,2009,2014,53.249,42.969,15.43,37.031,36.737,14.82,19515.395792241092,-0.04659752789745916,41.42,0.15306615161757603,0.06977305649444712,27265.072,10001381.0
Hungary,2010,2015,52.193,42.184,15.76,42.969,37.031,15.43,20091.594104314525,0.027234633975427098,42.56,0.14638157894736842,0.07095864661654135,27840.814,9979128.0
Hungary,2011,2016,50.345,43.559,15.69,42.184,42.969,15.76,20952.48974918754,0.039457113524848944,42.66,0.15189873417721522,0.06352555086732302,27090.857,9946675.0
Hungary,2012,2017,48.906,45.609,15.79,43.559,42.184,15.69,20753.24370287016,-0.012502200396179651,42.59,0.14886123503169757,0.061986381779760506,25322.736,9916621.0
Hungary,2013,2018,49.08,50.776,15.37,45.609,43.559,15.79,21185.597524163382,0.018025133365511377,42.15,0.1494661921708185,0.06595492289442467,24070.496,9889344.0
Hungary,2014,2019,47.52,53.249,15.65,50.776,45.609,15.37,22141.550337260767,0.042322097569311726,42.78,0.14001870032725572,0.07386629266012155,24158.225,9862843.0
Hungary,2015,2020,45.991,52.193,15.83,53.249,50.776,15.65,23017.558703131785,0.03707314152392731,44.02,0.131531122217174,0.07314856883234894,25514.207,9839211.0
Hungary,2016,2021,44.294,50.345,16.05,52.193,53.249,15.83,23592.95295360729,0.022010115008748086,44.59,0.12626149360843236,0.07288629737609328,26042.918,9810529.0
Hungary,2017,2022,44.187,48.906,16.1,50.345,52.193,16.05,24663.487440637313,0.04271968661641836,45.8,0.10764192139737991,0.07598253275109171,27519.338,9785608.0
Hungary,2018,2023,44.795,49.08,15.73,48.906,50.345,16.1,26015.842142966394,0.05362356092448314,46.4,0.10064655172413793,0.08125,27746.227,9774395.0
Hungary,2019,2024,42.158,47.52,16.29,49.08,48.906,15.73,27292.61700066712,0.04864224669647527,46.86,0.08600085360648742,0.10029876227059326,28135.389,9770346.0
Hungary,2020,2025,40.01,45.991,16.06,47.52,49.08,16.29,26110.564897600983,-0.045355531373212694,46.6,0.0796137339055794,0.11845493562231758,27727.416,9749459.0
India,1980,1985,2.419,,2.448,,,2.347,1476.829926314435,0.07131926444390034,,,,1772.884,687354029.0
India,1981,1986,2.477,,2.466,,,2.448,1531.1208471963282,0.061411381088655854,,,,1917.425,703696251.0
India,1982,1987,2.379,,2.157,,,2.466,1543.1614729771964,0.03166382661187032,,,,1854.816,720313473.0
India,1983,1988,2.518,,3.076,,,2.157,1630.5852219914689,0.08167710245060995,,,,1905.482,737372683.0
India,1984,1989,1.476,,4.039,,,3.076,1654.4583635015,0.038725029088891826,,,,1988.3,754875449.0
India,1985,1990,2.222,2.419,4.508,,,4.039,1680.7140329656022,0.03978669399716553,,,,2050.433,772647800.0
India,1986,1991,1.689,2.477,5.02,2.419,,4.508,1711.2965123623921,0.0419721238256584,,,,2144.444,790689977.0
India,1987,1992,1.899,2.379,5.321,2.477,2.419,5.02,1746.605745001317,0.04417912874462809,,,,2228.686,808931268.0
India,1988,1993,1.719,2.518,6.077,2.379,2.477,5.321,1885.6629128595728,0.10418831269941481,,,,2371.811,827342994.0
India,1989,1994,1.275,1.476,4.022,2.518,2.379,6.077,1966.4896791914432,0.06643078283945157,,,,2533.468,846039528.0
India,1990,1995,1.783,2.222,6.395,1.476,2.518,4.022,2024.3343745486595,0.05245148245386265,,,,2659.855,864972221.0
India,1991,1996,1.896,1.689,5.414,2.222,1.476,6.395,2000.7222179411401,0.009994670666873026,,,,2746.45,883927605.0
India,1992,1997,2.147,1.899,6.404,1.689,2.222,5.414,2050.719260417778,0.04705579185271898,,,,2827.125,902957075.0
India,1993,1998,2.251,1.719,6.227,1.899,1.689,6.404,2108.572963040819,0.050030699440719285,,,,2837.215,922118380.0
India,1994,1999,2.325,1.275,4.945,1.719,1.899,6.227,2183.4952844275012,0.056920077209554006,,,,2929.481,941163772.0
India,1995,2000,2.76,1.783,7.615,1.275,1.719,4.945,2280.051496953175,0.06545373944226648,,,,3085.614,960301046.0
India,1996,2001,3.223,1.896,8.401,1.783,1.275,7.615,2393.8759257317956,0.07110769334324107,,,,3145.554,979678460.0
India,1997,2002,3.174,2.147,10.072,1.896,1.783,8.401,2428.9088235937147,0.03478387231975863,,,,3254.829,999133764.0
India,1998,2003,2.843,2.251,11.371,2.147,1.896,10.072,2520.8021511918323,0.058120994645718994,,,,3386.291,1018665080.0
India,1999,2004,3.044,2.325,12.728,2.251,2.147,11.371,2610.5621321350645,0.05549378549817021,,,,3415.791,1038225822.0
India,2000,2005,2.517,2.76,15.77,2.325,2.251,12.728,2650.9294276369983,0.03472812719121418,572.69,0.6813983132235589,0.1401630899788716,3521.43,1057922731.0
India,2001,2006,2.368,3.223,18.89,2.76,2.325,15.77,2728.2209322663925,0.04858905722578409,587.38,0.6951036807518132,0.12971160066737036,3470.525,1077898579.0
India,2002,2007,2.239,3.174,19.35,3.223,2.76,18.89,2755.9980626182,0.028645476357075237,610.99,0.6983747688178202,0.11911815250658767,3526.61,1097600380.0
India,2003,2008,1.838,2.843,18.14,3.174,3.223,19.35,2911.090401968834,0.07475409273186097,639.82,0.6899909349504548,0.11664218061329748,3589.451,1116803000.0
India,2004,2009,1.914,3.044,21.26,2.843,3.174,18.14,3076.62758819089,0.0750229875896046,700.02,0.6614239593154482,0.15599554298448617,3831.588,1135991509.0
India,2005,2010,2.465,2.517,17.73,3.044,2.843,21.26,3249.939039342264,0.07370619604052354,706.07,0.6776665203166825,0.15220870451938193,3991.09,1154676321.0
India,2006,2011,3.121,2.368,17.63,2.517,3.044,17.73,3469.9712767385067,0.08453500542259268,747.17,0.6764993241163323,0.1707241993120709,4139.273,1172878888.0
India,2007,2012,3.045,2.239,17.83,2.368,2.517,17.63,3698.0800157790695,0.08190932742205377,801.2,0.6655891163255117,0.17692211682476286,4425.184,1190676028.0
India,2008,2013,2.919,1.838,15.23,2.239,2.368,17.83,3849.183702132281,0.05594387908934956,834.25,0.6869883128558586,0.16650884027569673,4616.596,1207930960.0
India,2009,2014,2.756,1.914,16.82,1.838,2.239,15.23,4074.5638447049773,0.07397078543578102,883.93,0.6913556503343026,0.15074723111558608,4886.388,1225524764.0
India,2010,2015,2.923,2.465,23.08,1.914,1.838,16.82,4311.580891033957,0.07367457991069466,941.94,0.6826018642376372,0.15025373166019065,5024.514,1243481565.0
India,2011,2016,2.717,3.121,32.22,2.465,1.914,23.08,4535.822781483243,0.06702045246771594,1037.44,0.6759427051202961,0.16573488587291793,5222.708,1261224956.0
India,2012,2017,2.558,3.045,33.14,3.121,2.465,32.22,4733.360592452293,0.05798853602207216,1093.06,0.7201160046109089,0.1480522569666807,5425.75,1278674501.0
India,2013,2018,2.485,2.919,33.31,3.045,3.121,33.14,4957.805573792973,0.061470089361000735,1145.18,0.7404687472711713,0.15979147382944167,5527.781,1295829507.0
India,2014,2019,2.821,2.756,34.69,2.919,3.045,33.31,5239.12649109123,0.07015603669521127,1259.25,0.754361723247965,0.15763351201111772,5831.643,1312277184.0
India,2015,2020,2.853,2.923,38.31,2.756,2.919,34.69,5565.802101698284,0.0751012917426213,1310.65,0.7679777209781405,0.14624041506122915,5943.03,1328024494.0
India,2016,2021,2.616,2.717,37.9,2.923,2.756,38.31,5995.386577398741,0.09009566858636948,1393.84,0.7702462262526545,0.1444929116684842,6148.213,1343944296.0
India,2017,2022,2.56,2.558,37.41,2.717,2.923,37.9,6288.370627592467,0.06113138759032473,1460.8,0.7634446878422783,0.15468236582694414,6304.287,1359657398.0
India,2018,2023,2.513,2.485,39.05,2.558,2.717,37.41,6673.074003585647,0.07288536583857233,1567.81,0.7646717395602783,0.16333611853477142,6593.169,1374659067.0
India,2019,2024,2.686,2.821,45.16,2.485,2.558,39.05,6908.030151733039,0.04603208053106845,1597.84,0.750237821058429,0.1765132929454764,6682.068,1389030307.0
India,2020,2025,2.586,2.853,44.61,2.821,2.485,45.16,6377.584774331244,-0.06775597764684431,1563.32,0.7316352378271883,0.1900826446280992,6268.437,1402617694.0
Iran,1980,1985,0.0,,0.0,,,0.0,6267.14118722445,-0.14052831586867523,,,,10191.557,39842323.0
Iran,1981,1986,0.0,,0.0,,,0.0,5768.108479857114,-0.030030476404743194,,,,9705.724,41989316.0
Iran,1982,1987,0.0,,0.0,,,0.0,6330.269966687853,0.15712566760641278,,,,10389.114,44272140.0
Iran,1983,1988,0.0,,0.0,,,0.0,6892.158116678985,0.13198095500366372,,,,11864.153,46029540.0
Iran,1984,1989,0.0,,0.0,,,0.0,6749.573199786023,0.016852158352547452,,,,12348.089,47793999.0
Iran,1985,1990,0.0,0.0,0.0,,,0.0,6663.228019343762,0.024145275502170094,,,,12987.326,49582289.0
Iran,1986,1991,0.0,0.0,0.0,0.0,,0.0,5818.946287436745,-0.09388128088348102,,,,11726.332,51446046.0
Iran,1987,1992,0.0,0.0,0.0,0.0,0.0,0.0,5529.110246964138,-0.015133254176907748,,,,12128.986,53323491.0
Iran,1988,1993,0.0,0.0,0.0,0.0,0.0,0.0,5051.193363621908,-0.056468360493882055,,,,11976.522,55072691.0
Iran,1989,1994,0.0,0.0,0.0,0.0,0.0,0.0,5094.864379422455,0.03853964125264471,,,,12714.513,56704920.0
Iran,1990,1995,0.0,0.0,0.0,0.0,0.0,0.0,5455.253659920201,0.10236749515926744,,,,13896.569,58380098.0
Iran,1991,1996,0.0,0.0,0.0,0.0,0.0,0.0,6272.751387564735,0.18150332904843852,,,,14673.675,59986931.0
Iran,1992,1997,0.0,0.0,0.0,0.0,0.0,0.0,6945.8990692193065,0.12942809351280596,,,,15909.522,61184982.0
Iran,1993,1998,0.0,0.0,0.0,0.0,0.0,0.0,6839.834731634725,-0.011752397571183541,,,,14669.319,61403548.0
Iran,1994,1999,0.0,0.0,0.0,0.0,0.0,0.0,6818.666616309549,-0.001194486331474206,,,,16396.867,61520598.0
Iran,1995,2000,0.0,0.0,0.0,0.0,0.0,0.0,7034.195013498068,0.043094558710482296,,,,17007.227,62205571.0
Iran,1996,2001,0.0,0.0,0.0,0.0,0.0,0.0,7688.700800578258,0.10491984437251857,,,,18302.475,62881298.0
Iran,1997,2002,0.0,0.0,0.0,0.0,0.0,0.0,8056.870857622899,0.06052189054403681,,,,18638.291,63639637.0
Iran,1998,2003,0.0,0.0,0.0,0.0,0.0,0.0,8386.560349784359,0.0553177358457027,,,,19149.244,64519866.0
Iran,1999,2004,0.0,0.0,0.0,0.0,0.0,0.0,8615.871222310254,0.04207966045133909,,,,20346.25,65445389.0
Iran,2000,2005,0.0,0.0,0.0,0.0,0.0,0.0,8966.675028754344,0.05619302153045031,118.67,0.004044830201398837,0.032190107019465744,21026.74,66418661.0
Iran,2001,2006,0.0,0.0,0.0,0.0,0.0,0.0,9437.380004938326,0.06886968509377664,127.29,0.0036923560373949248,0.032602718202529656,22121.531,67452005.0
Iran,2002,2007,0.0,0.0,0.0,0.0,0.0,0.0,10263.874841228631,0.09659492722431656,138.41,0.003756953977313778,0.05808828841846687,23913.191,68011318.0
Iran,2003,2008,0.0,0.0,0.0,0.0,0.0,0.0,11341.82274232284,0.1173396027110119,152.22,0.0030876363158586257,0.06319800289055315,24083.326,68769343.0
Iran,2004,2009,0.0,0.0,0.0,0.0,0.0,0.0,12090.613324672475,0.08907044991804665,163.09,0.0029431602182843825,0.07345637378134773,26075.348,70256316.0
Iran,2005,2010,0.0,0.0,0.0,0.0,0.0,0.0,12653.14735217401,0.0699448323643311,176.39,0.0032314757072396394,0.08231759170020976,27012.971,71828455.0
Iran,2006,2011,0.047,0.0,0.0,0.0,0.0,0.0,13560.538377205039,0.09505260977893588,193.2,0.0028985507246376816,0.09648033126293996,28889.373,73392747.0
Iran,2007,2012,0.583,0.0,0.0,0.0,0.0,0.0,14728.492206027326,0.10403402220565804,202.44,0.002815649081209247,0.08940920766646908,30213.291,74602648.0
Iran,2008,2013,1.646,0.0,0.0,0.0,0.0,0.0,14995.401496481436,0.030562173442073348,208.3,0.0018722995679308688,0.036677868458953426,30767.291,75514201.0
Iran,2009,2014,1.477,0.0,0.0,0.0,0.0,0.0,15801.238027220521,0.06690649478453295,217.73,0.0017452808524319112,0.03192026822210996,31118.98,76457831.0
Iran,2010,2015,1.249,0.0,0.0,0.0,0.0,0.0,16927.055727971783,0.0847415505149092,231.99,0.0015086857192120348,0.04495883443251864,31753.627,77420851.0
Iran,2011,2016,2.261,0.047,0.11,0.0,0.0,0.0,17159.830291251477,0.026357926350458947,230.58,0.0018648625206002254,0.047315465348252234,32584.848,78383602.0
Iran,2012,2017,2.281,0.583,1.45,0.047,0.0,0.11,16688.43421099729,-0.015225133481841978,241.61,0.001655560614212988,0.05297793965481561,32428.09,79370583.0
Iran,2013,2018,2.206,1.646,4.26,0.583,0.047,1.45,16005.727447295109,-0.02829230353687295,250.98,0.0018328153637740062,0.05920790501235158,33255.664,80414689.0
Iran,2014,2019,2.01,1.477,4.07,1.646,0.583,4.26,16597.583703819946,0.05099964547113298,269.74,0.001964855045599466,0.054682286646400236,34196.25,81502045.0
Iran,2015,2020,1.877,1.249,3.5,1.477,1.646,4.07,16110.17237279662,-0.016059886153366384,277.57,0.0016572396152321938,0.04831213747883417,33441.344,82619365.0
Iran,2016,2021,0.993,2.261,6.47,1.249,1.477,3.5,16867.749320797215,0.06214178462267301,283.67,0.0017273592554729086,0.05499347833750484,34845.238,83812230.0
Iran,2017,2022,1.79,2.281,6.96,2.261,1.249,6.47,17484.71116934585,0.05159754542776895,300.85,0.0022935017450556754,0.05870034901113511,35561.832,85026761.0
Iran,2018,2023,1.738,2.206,6.89,2.281,2.261,6.96,17227.608542332713,-0.002059089045005942,308.64,0.002073613271124935,0.035089424572317264,36251.887,86117999.0
Iran,2019,2024,1.857,2.01,6.41,2.206,2.281,6.89,16527.595706130734,-0.030232204148189484,312.02,0.0025959874367027756,0.11252483815140056,37875.234,87051649.0
Iran,2020,2025,1.857,1.877,6.33,2.01,2.206,6.41,16485.94238956499,0.005177568462126765,330.41,0.0024212342241457584,0.07545171150994219,39001.836,87723448.0
Italy,1980,1985,3.782,,2.208,,,2.628,20973.549300729635,0.03526809232671931,,,,30557.152,56412086.0
Italy,1981,1986,4.554,,2.707,,,2.208,20987.41435210619,0.004823676431353221,,,,29792.107,56646752.0
Italy,1982,1987,0.086,,6.804,,,2.707,21054.64670891387,0.004486111700562925,,,,29162.83,56719178.0
Italy,1983,1988,0.0,,5.783,,,6.804,21293.86735021178,0.012198810577691715,,,,28526.531,56766114.0
Italy,1984,1989,0.0,,6.887,,,5.783,21824.352747012406,0.02571136203762471,,,,28948.076,56810355.0
Italy,1985,1990,0.0,3.782,7.024,,,6.887,22419.883542381715,0.028103771294519617,,,,28786.316,56855499.0
Italy,1986,1991,0.0,4.554,8.758,3.782,,7.024,23048.251244505984,0.028397612341159287,,,,29555.652,56875982.0
Italy,1987,1992,0.0,0.086,0.174,4.554,3.782,8.758,23756.0706512642,0.03099914159640903,,,,30427.41,56891919.0
Italy,1988,1993,0.0,0.0,0.0,0.086,4.554,0.174,24658.3683619039,0.03865371196758582,,,,31157.166,56928748.0
Italy,1989,1994,0.0,0.0,0.0,0.0,0.086,0.0,25347.128802660733,0.028798864009305664,,,,32029.633,56976750.0
Italy,1990,1995,0.0,0.0,0.0,0.0,0.0,0.0,25871.428873840625,0.021664815731432217,247.8,0.12933817594834543,0.14083938660209847,37737.582,57031457.0
Italy,1991,1996,0.0,0.0,0.0,0.0,0.0,0.0,26441.79151346726,0.022833426893676987,253.51,0.11242160072580963,0.17959843793144256,36630.781,57075394.0
Italy,1992,1997,0.0,0.0,0.0,0.0,0.0,0.0,26817.054520951977,0.015073383148722917,257.98,0.08279711605550817,0.17741685401969146,36780.156,57124993.0
Italy,1993,1998,0.0,0.0,0.0,0.0,0.0,0.0,26754.062768360513,-0.0015496177661197918,259.17,0.06428213141953158,0.17448007099587143,36187.422,57170762.0
Italy,1994,1999,0.0,0.0,0.0,0.0,0.0,0.0,27401.793473146772,0.028678074180047586,266.35,0.07456354420874788,0.1811526187347475,35948.75,57420136.0
Italy,1995,2000,0.0,0.0,0.0,0.0,0.0,0.0,28399.029457814493,0.03608997188020408,274.8,0.08777292576419214,0.15087336244541485,37758.719,57403342.0
Italy,1996,2001,0.0,0.0,0.0,0.0,0.0,0.0,29089.08296485199,0.01999375948859668,276.78,0.07977455018426187,0.16699183467013515,38073.223,57162098.0
Italy,1997,2002,0.0,0.0,0.0,0.0,0.0,0.0,29816.571781662125,0.025496271801290438,285.33,0.07188168086075773,0.16188273227490976,38427.555,57189272.0
Italy,1998,2003,0.0,0.0,0.0,0.0,0.0,0.0,30497.102276440924,0.02328744201902539,294.39,0.07918067869153164,0.1578857977512823,38487.336,57215190.0
Italy,1999,2004,0.0,0.0,0.0,0.0,0.0,0.0,31175.827141152964,0.02271288731563624,301.26,0.07903472083914227,0.17035119166168758,38694.242,57240796.0
Italy,2000,2005,0.0,0.0,0.0,0.0,0.0,0.0,32541.993280509567,0.044393999128941056,314.29,0.08361704158579655,0.16185688376976676,36668.406,57272200.0
Italy,2001,2006,0.0,0.0,0.0,0.0,0.0,0.0,33334.72962672513,0.024960659673175865,320.28,0.09906956413138505,0.16969526664168855,36587.203,57305760.0
Italy,2002,2007,0.0,0.0,0.0,0.0,0.0,0.0,33599.45201084154,0.009961873442136426,328.13,0.10803644896839668,0.14722823271264437,36598.094,57420636.0
Italy,2003,2008,0.0,0.0,0.0,0.0,0.0,0.0,33731.8656847645,0.00951940187984314,337.24,0.11508124777606453,0.1389514885541454,37583.359,57739697.0
Italy,2004,2009,0.0,0.0,0.0,0.0,0.0,0.0,34279.91767348378,0.023939410514454425,339.34,0.13414274768668594,0.15874933694819357,38239.617,58176736.0
Italy,2005,2010,0.0,0.0,0.0,0.0,0.0,0.0,34676.246732672706,0.017524849155431975,343.78,0.12685438361742976,0.14087497818372216,37986.016,58519696.0
Italy,2006,2011,0.0,0.0,0.0,0.0,0.0,0.0,35513.126525633794,0.028242166947914978,350.6,0.12609811751283515,0.14443810610382202,37816.105,58754434.0
Italy,2007,2012,0.0,0.0,0.0,0.0,0.0,0.0,36109.25199815263,0.02291727583637778,352.45,0.1251525039012626,0.13539509150234075,36801.336,59108723.0
Italy,2008,2013,0.0,0.0,0.0,0.0,0.0,0.0,35746.35685708499,-0.0024637018010731453,351.6,0.12249715585893059,0.16541524459613194,36098.609,59561687.0
Italy,2009,2014,0.0,0.0,0.0,0.0,0.0,0.0,33871.23554913246,-0.04701031239941299,331.32,0.11994446456597851,0.20904261740915128,33300.102,59904016.0
Italy,2010,2015,0.0,0.0,0.0,0.0,0.0,0.0,34581.12169375708,0.025392959855492215,340.79,0.11658205933272689,0.22585756624314093,34277.355,60164212.0
Italy,2011,2016,0.0,0.0,0.0,0.0,0.0,0.0,34966.99322358204,0.014581453597673358,344.1,0.1299912816041848,0.24106364428945073,33467.977,60367882.0
Italy,2012,2017,0.0,0.0,0.0,0.0,0.0,0.0,33832.9479814831,-0.029809078090434572,338.35,0.1452342249150288,0.2725580020688636,32379.41,60531522.0
Italy,2013,2018,0.0,0.0,0.0,0.0,0.0,0.0,33143.07253386198,-0.018410722910386028,328.16,0.13743295953193563,0.341296928327645,30716.307,60653864.0
Italy,2014,2019,0.0,0.0,0.0,0.0,0.0,0.0,33135.936427695895,-4.545023849367434e-05,320.25,0.1356752537080406,0.3768306010928962,29940.508,60664169.0
Italy,2015,2020,0.0,0.0,0.0,0.0,0.0,0.0,33442.82153158959,0.00778312989880459,326.08,0.13248282630029443,0.33393645731108934,30350.078,60575314.0
Italy,2016,2021,0.0,0.0,0.0,0.0,0.0,0.0,33929.84125750439,0.012934592378145829,322.98,0.11025450492290544,0.3344169917641959,30333.92,60478103.0
Italy,2017,2022,0.0,0.0,0.0,0.0,0.0,0.0,34545.886564016546,0.016678556976154217,329.85,0.09892375322116113,0.3149613460663938,30594.736,60390317.0
Italy,2018,2023,0.0,0.0,0.0,0.0,0.0,0.0,34930.97611179801,0.009258167615512168,329.96,0.08628318584070796,0.34673899866650504,30853.664,60277496.0
Italy,2019,2024,0.0,0.0,0.0,0.0,0.0,0.0,35185.77993515597,0.004831968533457019,328.13,0.05741626794258373,0.3530003352329869,30599.51,60130136.0
Italy,2020,2025,0.0,0.0,0.0,0.0,0.0,0.0,32142.59918393348,-0.08979131969413985,309.01,0.043299569593217055,0.37830490922623866,27764.078,59912763.0
Japan,1980,1985,23.748,,82.591,,,70.393,21123.43603149073,0.028183235230319695,,,,36318.035,118358761.0
Japan,1981,1986,24.45,,87.82,,,82.591,21676.01422651757,0.03166741579476843,,,,35550.578,118994054.0
Japan,1982,1987,26.228,,102.43,,,87.82,22246.411123516587,0.030555714002115448,,,,34319.773,119485775.0
Japan,1983,1988,23.072,,114.291,,,102.43,22675.9072220503,0.023257491683815436,,,,35185.508,119948943.0
Japan,1984,1989,23.233,,134.264,,,114.291,23479.596381391457,0.03920140411908023,,,,36309.426,120384395.0
Japan,1985,1990,22.073,23.748,159.578,,,134.264,24421.261327667424,0.04397428474672446,,,,37085.23,120832158.0
Japan,1986,1991,22.901,24.45,165.37,23.748,,159.578,25017.777451832702,0.028958273861225837,,,,36872.027,121366733.0
Japan,1987,1992,23.673,26.228,188.605,24.45,23.748,165.37,25935.383857575194,0.041605496571995346,,,,38297.301,121943588.0
Japan,1988,1993,26.746,23.072,173.897,26.228,24.45,188.605,27423.427159445186,0.06199987728580838,,,,40230.734,122476957.0
Japan,1989,1994,26.232,23.233,185.814,23.072,26.228,173.897,28638.241170446443,0.04830972314487906,,,,41160.309,122947411.0
Japan,1990,1995,28.38,22.073,194.571,23.233,23.072,185.814,29982.40301218721,0.050787861350172755,,,,42012.113,123399767.0
Japan,1991,1996,28.791,22.901,208.694,22.073,23.233,194.571,30871.59189798972,0.03374648198170537,,,,43292.547,123889870.0
Japan,1992,1997,30.445,23.673,217.035,22.901,22.073,208.694,31004.9911151225,0.008324420401006397,,,,43625.438,124383707.0
Japan,1993,1998,30.762,26.746,247.7,23.673,22.901,217.035,30926.518928711565,0.0011278317709721203,,,,44192.41,124839955.0
Japan,1994,1999,29.397,26.232,258.248,26.746,23.673,247.7,31074.45230866627,0.00838033801779299,,,,45642.43,125286861.0
Japan,1995,2000,29.02,28.38,286.888,26.232,26.746,258.248,31808.27852034228,0.02676713288831223,,,,47042.098,125672659.0
Japan,1996,2001,29.594,28.791,296.501,28.38,26.232,286.888,32695.893482606716,0.030380557659648214,,,,47861.875,125975304.0
Japan,1997,2002,28.49,30.445,321.157,28.791,28.38,296.501,32951.957528628904,0.010156731780595878,,,,48682.684,126265926.0
Japan,1998,2003,21.058,30.762,325.974,30.445,28.791,321.157,32487.331225183265,-0.011888414650651661,,,,47804.98,126549182.0
Japan,1999,2004,25.497,29.397,317.235,30.762,30.445,325.974,32320.44520560574,-0.003152846745192072,,,,48453.75,126801566.0
Japan,2000,2005,25.414,29.02,319.12,29.397,30.762,317.235,33139.612503433695,0.02717450274847451,1099.67,0.21664681222548582,0.09187301645038966,49227.996,127027794.0
Japan,2001,2006,26.134,29.594,320.54,29.02,29.397,319.12,33193.13607936826,0.003447175061741203,1083.14,0.23442029654522958,0.09077312258803108,48606.762,127260144.0
Japan,2002,2007,23.643,28.49,314.26,29.594,29.02,320.54,33153.62098067234,0.0005711897691033869,1103.07,0.23971280154477959,0.08942315537545216,48365.816,127484599.0
Japan,2003,2008,21.267,21.058,230.08,28.49,29.594,314.26,33590.12579640676,0.014649542611061878,1092.59,0.26730978683678236,0.10262770115047731,48271.73,127671254.0
Japan,2004,2009,24.654,25.497,285.87,21.058,28.49,230.08,34271.18697977712,0.0214305178016972,1121.19,0.2634611439631106,0.1002773838510868,48875.867,127815769.0
Japan,2005,2010,25.29,25.414,293.04,25.497,21.058,285.87,34793.87703585016,0.01602653224662498,1153.07,0.276826211765114,0.08914463128864684,49673.758,127913331.0
Japan,2006,2011,14.755,26.134,304.29,25.414,25.497,293.04,35268.141965889314,0.014295681083046935,1164.35,0.2673938248808348,0.09831236312105467,49501.863,127997247.0
Japan,2007,2012,1.625,23.643,279.01,26.134,25.414,304.29,35841.18239567969,0.016966130237902124,1180.11,0.26888171441645276,0.08622924981569516,48993.164,128087683.0
Japan,2008,2013,1.342,21.267,251.74,23.643,26.134,279.01,35444.36705100765,-0.010544097128232538,1183.7,0.28191264678550304,0.08615358621272282,48051.477,128155992.0
Japan,2009,2014,0.0,24.654,274.65,21.267,23.643,251.74,33528.51439512388,-0.05378312777622622,1114.02,0.2801385971526543,0.08732338737186048,43858.52,128192471.0
Japan,2010,2015,0.439,25.29,292.36,24.654,21.267,274.65,34951.71902000006,0.04238905640375482,1156.04,0.2740822116881769,0.1022801979170271,46675.945,128185273.0
Japan,2011,2016,1.662,14.755,162.93,25.29,24.654,292.36,34885.73662178563,-0.002579589862881228,1104.2,0.2581688099981887,0.10278934975547907,44260.359,128096430.0
Japan,2012,2017,2.7,1.625,17.99,14.755,25.29,162.93,35411.80997924439,0.01374744391105824,1106.88,0.3020200925122868,0.10058000867302687,43894.004,127928283.0
Japan,2013,2018,4.535,1.342,14.6,1.625,14.755,17.99,36179.73053544777,0.020051093209083132,1087.76,0.3332996249172612,0.11082407884092078,43658.484,127723642.0
Japan,2014,2019,6.267,0.0,0.0,1.342,1.625,14.6,36354.357122620284,0.0029617939733511166,1062.72,0.3346130683529058,0.12599744052996087,42606.789,127486601.0
Japan,2015,2020,4.253,0.439,4.52,0.0,1.342,0.0,36982.85523214817,0.015606551095193256,1030.12,0.33941676697860446,0.14951656117733858,42138.867,127275868.0
Japan,2016,2021,5.917,1.662,17.68,0.439,0.0,4.52,37295.616435347765,0.007538460140331656,1063.7,0.3183134342389771,0.1426812071072671,41646.914,127159950.0
Japan,2017,2022,4.975,2.7,29.07,1.662,0.439,17.68,37948.86206959973,0.01675305760406383,1076.86,0.33752762661813057,0.1516445963263563,42137.562,127064686.0
Japan,2018,2023,7.694,4.535,49.11,2.7,1.662,29.07,38238.54589076119,0.00643407435813733,1082.93,0.3330409167720905,0.16191258899467187,41899.98,126913432.0
Japan,2019,2024,8.354,6.267,65.64,4.535,2.7,49.11,38149.09207338051,-0.004021693027327236,1047.4,0.3348959327859461,0.16842658010311246,41086.219,126699421.0
Japan,2020,2025,9.136,4.253,43.0,6.267,4.535,65.64,36631.001052107924,-0.04278633921043036,1011.03,0.3365379860142627,0.19092410709870133,38203.219,126304533.0
Kazakhstan,1987,1992,0.558,0.0,0.0,0.0,0.0,0.0,11100.715410301375,-0.006082553405660575,,,,50375.672,16527717.0
Kazakhstan,1988,1993,0.573,0.0,0.0,0.0,0.0,0.0,11836.478120442995,0.0826319069564774,,,,51424.16,16781167.0
Kazakhstan,1989,1994,0.569,0.113,0.102,0.0,0.0,0.0,11629.65093099893,-0.004836127508859643,,,,49979.137,16997012.0
Kazakhstan,1990,1995,0.119,0.0,0.0,0.113,0.0,0.102,11364.130687195917,-0.013802530525602224,,,,50100.41,17154060.0
Kazakhstan,1991,1996,0.15,0.627,0.539,0.0,0.113,0.0,10095.116716142114,-0.10521879812133532,,,,49687.891,17278604.0
Kazakhstan,1992,1997,0.578,0.558,0.464,0.627,0.0,0.539,9579.850367780435,-0.048074313770062514,,,,48894.812,17332624.0
Kazakhstan,1993,1998,0.177,0.573,0.446,0.558,0.627,0.464,8774.368747563965,-0.08715298585687445,,,,43309.75,17274487.0
Kazakhstan,1994,1999,0.0,0.569,0.38,0.573,0.558,0.446,7816.448817354137,-0.12107009796127365,,,,39100.562,17043775.0
Kazakhstan,1995,2000,0.0,0.119,0.08,0.569,0.573,0.38,7348.891454018134,-0.07709598245896301,,,,35785.812,16730541.0
Kazakhstan,1996,2001,0.0,0.15,0.088,0.119,0.569,0.08,7567.352087008094,0.010369946053461067,,,,31749.574,16416036.0
Kazakhstan,1997,2002,0.0,0.578,0.301,0.15,0.119,0.088,7916.4493953531855,0.022375784225383596,,,,28646.211,16043250.0
Kazakhstan,1998,2003,0.0,0.177,0.088,0.578,0.15,0.301,8004.4420907004815,-0.013808494939449956,,,,27671.828,15647789.0
Kazakhstan,1999,2004,0.0,0.0,0.0,0.177,0.578,0.088,8367.217222678468,0.03250139837340283,,,,26330.492,15455877.0
Kazakhstan,2000,2005,0.0,0.0,0.0,0.0,0.177,0.0,9209.54107274138,0.10389059791771037,54.66,0.6567874130991584,0.13776070252469816,23852.965,15501108.0
Kazakhstan,2001,2006,0.0,0.0,0.0,0.0,0.0,0.0,10458.448245294709,0.1410637579648905,57.18,0.683455753760056,0.14130814970269326,26720.834,15575550.0
Kazakhstan,2002,2007,0.0,0.0,0.0,0.0,0.0,0.0,11484.364188512507,0.10381423030986774,58.72,0.68358310626703,0.1513964577656676,27077.492,15656680.0
Kazakhstan,2003,2008,0.0,0.0,0.0,0.0,0.0,0.0,12547.113909256126,0.09886776596461834,62.39,0.7345728482128546,0.13816316717422664,29509.088,15747377.0
Kazakhstan,2004,2009,0.0,0.0,0.0,0.0,0.0,0.0,13735.704559902346,0.10187577633026272,64.78,0.7804878048780488,0.1244211176288978,30953.795,15850164.0
Kazakhstan,2005,2010,0.0,0.0,0.0,0.0,0.0,0.0,15033.690459702264,0.10264226694776875,67.79,0.7400796577666322,0.11594630476471456,31602.055,15968118.0
Kazakhstan,2006,2011,0.0,0.0,0.0,0.0,0.0,0.0,16588.416552935167,0.11278625326355717,71.88,0.6861435726210351,0.10809682804674457,33743.172,16103718.0
Kazakhstan,2007,2012,0.0,0.0,0.0,0.0,0.0,0.0,17989.352826548613,0.09478923815704862,76.7,0.7333767926988266,0.10651890482398957,37084.332,16257212.0
Kazakhstan,2008,2013,0.0,0.0,0.0,0.0,0.0,0.0,18489.4235968443,0.03850242587073939,80.64,0.763888888888889,0.09250992063492064,38683.312,16426527.0
Kazakhstan,2009,2014,0.0,0.0,0.0,0.0,0.0,0.0,18592.963629758175,0.017434878420691816,78.06,0.7444273635664873,0.08813733025877529,34236.527,16619851.0
Kazakhstan,2010,2015,0.0,0.0,0.0,0.0,0.0,0.0,19798.392944375206,0.07873297181120721,83.81,0.7953704808495405,0.09569263811001073,36301.137,16836808.0
Kazakhstan,2011,2016,0.0,0.0,0.0,0.0,0.0,0.0,21108.931778490984,0.08070757813124602,87.37,0.8037083667162641,0.09019114112395558,40666.574,17065996.0
Kazakhstan,2012,2017,0.0,0.0,0.0,0.0,0.0,0.0,21857.059192892222,0.05000995820551223,91.94,0.7355884272351533,0.08309767239504025,42173.152,17306115.0
Kazakhstan,2013,2018,0.0,0.0,0.0,0.0,0.0,0.0,22816.297646364863,0.05898997857962842,91.76,0.7519616390584132,0.08424149956408021,41671.484,17556502.0
Kazakhstan,2014,2019,0.0,0.0,0.0,0.0,0.0,0.0,23450.4038628704,0.043000012953342305,93.47,0.7300738204771584,0.08847758639135551,43168.984,17816285.0
Kazakhstan,2015,2020,0.0,0.0,0.0,0.0,0.0,0.0,23334.05414446609,0.01000011784645425,91.65,0.7062738679759957,0.10310965630114564,35163.887,18084175.0
Kazakhstan,2016,2021,0.0,0.0,0.0,0.0,0.0,0.0,23185.80697673659,0.008999934410017086,93.38,0.6762690083529664,0.12829299635896338,38735.684,18363600.0
Kazakhstan,2017,2022,0.0,0.0,0.0,0.0,0.0,0.0,23717.885769682507,0.03901001310605256,98.76,0.7141555285540705,0.11786148238153098,41010.547,18651931.0
Kazakhstan,2018,2023,0.0,0.0,0.0,0.0,0.0,0.0,24324.133004678406,0.04099998434953292,103.8,0.7294797687861272,0.10510597302504818,41684.305,18932725.0
Kazakhstan,2019,2024,0.0,0.0,0.0,0.0,0.0,0.0,25052.407224976985,0.04500000659068232,103.42,0.724521369174241,0.10723264358924772,41578.891,19209556.0
Latin America and Caribbean (Ember),2002,2007,2.327,2.853,29.41,3.009,2.029,30.07,,,1030.79,0.04552818711861776,0.5715228126000447,,
Latin America and Caribbean (Ember),2003,2008,2.338,2.915,31.43,2.853,3.009,29.41,,,1078.12,0.05090342447964977,0.5660687122027233,,
Latin America and Caribbean (Ember),2004,2009,2.366,2.529,28.67,2.915,2.853,31.43,,,1133.71,0.04605234142770197,0.5646241102221908,,
Latin America and Caribbean (Ember),2005,2010,1.964,2.326,27.52,2.529,2.915,28.67,,,1183.18,0.05225747561655876,0.5737165942629185,,
Latin America and Caribbean (Ember),2006,2011,2.199,2.617,32.34,2.326,2.529,27.52,,,1235.82,0.05295269537634931,0.574404039423217,,
Latin America and Caribbean (Ember),2007,2012,2.053,2.327,30.02,2.617,2.326,32.34,,,1290.06,0.05319132443452243,0.5699889927600267,,
Latin America and Caribbean (Ember),2008,2013,2.129,2.338,31.16,2.327,2.617,30.02,,,1332.71,0.04520863503687974,0.5660871457406337,,
Latin America and Caribbean (Ember),2009,2014,1.945,2.366,31.64,2.338,2.327,31.16,,,1337.36,0.050308069629718254,0.5712149309086558,,
Latin America and Caribbean (Ember),2010,2015,2.069,1.964,27.61,2.366,2.338,31.64,,,1405.55,0.053317206787378606,0.5620860161502614,,
Latin America and Caribbean (Ember),2011,2016,2.131,2.199,32.15,1.964,2.366,27.61,,,1462.2,0.05439748324442621,0.5715565586103132,,
Latin America and Caribbean (Ember),2012,2017,2.007,2.053,31.21,2.199,1.964,32.15,,,1520.44,0.058706690168635396,0.5435202967562022,,
Latin America and Caribbean (Ember),2013,2018,2.163,2.129,33.46,2.053,2.199,31.21,,,1571.96,0.06497620804600626,0.5207066337565841,,
Latin America and Caribbean (Ember),2014,2019,2.129,1.945,30.57,2.129,2.053,33.46,,,1571.83,0.06635577638803179,0.5130071318145092,,
Latin America and Caribbean (Ember),2015,2020,2.15,2.069,33.35,1.945,2.129,30.57,,,1611.77,0.06721182302685867,0.5088008835007477,,
Latin America and Caribbean (Ember),2016,2021,2.161,2.131,34.71,2.069,1.945,33.35,,,1628.54,0.06758200596853624,0.5261706804868164,,
Latin America and Caribbean (Ember),2017,2022,1.898,2.007,32.71,2.131,2.069,34.71,,,1630.07,0.05996674989417632,0.5419951290435381,,
Latin America and Caribbean (Ember),2018,2023,2.003,2.163,36.09,2.007,2.131,32.71,,,1668.54,0.057547316815898926,0.5522612583456196,,
Latin America and Caribbean (Ember),2019,2024,2.105,2.129,35.76,2.163,2.007,36.09,,,1679.9,0.06226561104827668,0.5512709089826775,,
Latin America and Caribbean (Ember),2020,2025,1.992,2.15,35.24,2.129,2.163,35.76,,,1639.0,0.05040268456375839,0.5832519829164124,,
Lithuania,1987,1992,78.922,40.358,9.184,44.084,45.223,9.882,13930.02674335772,0.021434756180096527,,,,48152.828,3627368.0
Lithuania,1988,1993,88.011,49.276,12.812,40.358,44.084,9.184,14856.244443458176,0.07980507987723369,,,,49914.766,3672653.0
Lithuania,1989,1994,78.996,57.111,16.652,49.276,40.358,12.812,14633.939507162537,-0.008673178075600087,,,,53724.773,3696107.0
Lithuania,1990,1995,87.426,59.965,17.03,57.111,49.276,16.652,13808.327070843536,-0.05669616953755394,16.42,0.0,0.02496954933008526,53062.188,3695016.0
Lithuania,1991,1996,85.837,57.882,17.0,59.965,57.111,17.03,12910.42748867458,-0.06340854020473548,16.62,0.0,0.02045728038507822,55805.352,3701408.0
Lithuania,1992,1997,83.53,78.922,14.64,57.882,59.965,17.0,10049.71703305322,-0.22239231883854127,13.25,0.0,0.02339622641509434,35524.789,3697552.0
Lithuania,1993,1998,79.009,88.011,12.26,78.922,57.882,14.64,8351.79345965071,-0.17285212054838045,11.2,0.0,0.03482142857142857,28100.664,3680201.0
Lithuania,1994,1999,75.382,78.996,7.71,88.011,78.922,12.26,7568.334141108919,-0.10003901916084146,10.86,0.0,0.041436464088397795,24378.572,3654893.0
Lithuania,1995,2000,75.651,87.426,11.82,78.996,88.011,7.71,8055.206647131902,0.05621863821794328,10.84,0.0,0.03413284132841329,27396.791,3627038.0
Lithuania,1996,2001,79.109,85.837,13.94,87.426,78.996,11.82,8534.484560053404,0.0515195384781237,11.08,0.0,0.029783393501805054,30085.943,3599721.0
Lithuania,1997,2002,81.781,83.53,12.02,85.837,87.426,13.94,9309.677826663436,0.08286005593351799,10.87,0.0,0.027598896044158234,28106.1,3573418.0
Lithuania,1998,2003,82.253,79.009,13.55,83.53,85.837,12.02,10075.174702799055,0.07445770618998539,11.07,0.0,0.037940379403794036,30396.541,3547768.0
Lithuania,1999,2004,80.533,75.382,9.86,79.009,83.53,13.55,10030.18301742454,-0.01144237148556211,10.4,0.0,0.03942307692307692,25028.938,3522905.0
Lithuania,2000,2005,71.706,75.651,8.42,75.382,79.009,9.86,10480.143544899027,0.038188843315867305,9.79,0.0,0.03472931562819204,22425.547,3500410.0
Lithuania,2001,2006,71.665,79.109,11.36,75.651,75.382,8.42,11251.649696747027,0.06521148246317898,10.4,0.0,0.03173076923076923,26014.41,3473008.0
Lithuania,2002,2007,73.031,81.781,14.14,79.109,75.651,11.36,12112.676917676306,0.06754876148221373,10.8,0.0,0.032407407407407406,28448.023,3444051.0
Lithuania,2003,2008,74.194,82.253,15.48,81.781,79.109,14.14,13499.951357079193,0.1052188987783911,11.29,0.0,0.029229406554472988,29933.268,3415276.0
Lithuania,2004,2009,74.112,80.533,15.1,82.253,81.781,15.48,14547.7950761438,0.06544743607332136,11.56,0.0,0.037197231833910036,30611.701,3376703.0
Lithuania,2005,2010,0.0,71.706,10.34,80.533,82.253,15.1,15926.813237599421,0.07714207157144148,11.45,0.0,0.04017467248908298,28395.758,3322264.0
Lithuania,2006,2011,0.0,71.665,8.65,71.706,80.533,10.34,17379.428239080633,0.07397665655001075,11.64,0.0,0.036941580756013746,27434.281,3269809.0
Lithuania,2007,2012,0.0,73.031,9.83,71.665,71.706,8.65,19534.151779209984,0.11077079424381013,12.09,0.0,0.04797353184449958,30665.432,3231378.0
Lithuania,2008,2013,0.0,74.194,9.89,73.031,71.665,9.83,20252.184958364625,0.026203459325442924,12.37,0.0,0.04850444624090542,30585.244,3198482.0
Lithuania,2009,2014,0.0,74.112,10.85,74.194,73.031,9.89,17442.329715119395,-0.14822890346102865,11.71,0.0,0.05807002561912895,28460.291,3163255.0
Lithuania,2010,2015,0.0,0.0,0.0,74.112,74.194,10.85,18101.622942802143,0.016298113134442828,10.99,0.0,0.08280254777070063,21369.939,3097721.0
Lithuania,2011,2016,0.0,0.0,0.0,0.0,74.112,0.0,19632.68447409763,0.060395346925762435,10.99,0.0,0.10100090991810738,22682.41,3028642.0
Lithuania,2012,2017,0.0,0.0,0.0,0.0,0.0,0.0,20662.33159412569,0.03843862970389449,11.12,0.0,0.10611510791366907,22966.498,2988334.0
Lithuania,2013,2018,0.0,0.0,0.0,0.0,0.0,0.0,21612.606618736943,0.03549870642878507,11.14,0.0,0.13734290843806105,21436.043,2958359.0
Lithuania,2014,2019,0.0,0.0,0.0,0.0,0.0,0.0,22569.216933823496,0.03537065014882378,11.31,0.0,0.13351016799292661,20866.352,2933171.0
Lithuania,2015,2020,0.0,0.0,0.0,0.0,0.0,0.0,23243.283802474456,0.020246225338686388,11.44,0.0,0.14685314685314685,22063.779,2905771.0
Lithuania,2016,2021,0.0,0.0,0.0,0.0,0.0,0.0,24133.24552395883,0.025188932155515726,11.9,0.0,0.17647058823529413,22908.295,2869109.0
Lithuania,2017,2022,0.0,0.0,0.0,0.0,0.0,0.0,25520.693394554233,0.04282467775571873,12.24,0.0,0.20669934640522875,24440.611,2829317.0
Lithuania,2018,2023,0.0,0.0,0.0,0.0,0.0,0.0,26793.935180741377,0.03993386288935091,12.55,0.0,0.1752988047808765,25323.756,2802485.0
Lithuania,2019,2024,0.0,0.0,0.0,0.0,0.0,0.0,28107.70621207367,0.04625193769348178,12.68,0.0,0.19479495268138802,25257.848,2795057.0
Lithuania,2020,2025,0.0,0.0,0.0,0.0,0.0,0.0,28094.367846951427,-0.00022100305919652057,12.61,0.0,0.20380650277557494,25143.193,2795766.0
Mexico,1980,1985,0.0,,0.0,,,0.0,10083.487170435905,0.09112279164451265,,,,13466.851,67300338.0
Mexico,1981,1986,0.0,,0.0,,,0.0,10702.766300296202,0.08651947353004415,,,,14545.665,68892107.0
Mexico,1982,1987,0.0,,0.0,,,0.0,10415.57498305701,-0.005063146981253274,,,,14827.006,70433258.0
Mexico,1983,1988,0.0,,0.0,,,0.0,9842.709617375207,-0.034365845950604774,,,,14348.042,71971238.0
Mexico,1984,1989,0.31,,0.0,,,0.0,9986.260530311407,0.03623211242094069,,,,14703.748,73506848.0
Mexico,1985,1990,2.498,0.0,0.0,,,0.0,10009.76983675383,0.023307101832912794,,,,15116.531,75043415.0
Mexico,1986,1991,3.299,0.0,0.0,0.0,,0.0,9508.063049484552,-0.03060068876856513,,,,14371.812,76585638.0
Mexico,1987,1992,2.963,0.0,0.0,0.0,0.0,0.0,9491.240905573994,0.018446940415050343,,,,14550.141,78136652.0
Mexico,1988,1993,3.662,0.0,0.0,0.0,0.0,0.0,9433.656317319494,0.013762439148862809,,,,14373.012,79695526.0
Mexico,1989,1994,2.901,0.31,0.372,0.0,0.0,0.0,9637.028398366201,0.04144757046588163,,,,14890.727,81247174.0
Mexico,1990,1995,5.615,2.498,2.937,0.31,0.0,0.372,9944.165487646307,0.05184817551965921,,,,15926.936,82820170.0
Mexico,1991,1996,5.031,3.299,4.242,2.498,0.31,2.937,10246.866725610565,0.05047645440725614,,,,16080.432,84430565.0
Mexico,1992,1997,6.271,2.963,3.919,3.299,2.498,4.242,10484.169273401581,0.042720473445643656,,,,16085.911,86044806.0
Mexico,1993,1998,5.117,3.662,4.931,2.963,3.299,3.919,10556.793957358412,0.025756302381325674,,,,15805.196,87653817.0
Mexico,1994,1999,5.265,2.901,4.239,3.662,2.963,4.931,10900.746481791311,0.05149294025599057,,,,16408.885,89259202.0
Mexico,1995,2000,4.037,5.615,8.443,2.901,3.662,4.239,10086.443325096818,-0.05808166345739463,,,,15840.837,90862449.0
Mexico,1996,2001,4.153,5.031,7.878,5.615,2.901,8.443,10505.045033287292,0.059729506275965225,,,,15974.521,92452700.0
Mexico,1997,2002,4.52,6.271,10.456,5.031,5.615,7.878,11122.073125323943,0.07669832414657636,,,,16088.914,94021204.0
Mexico,1998,2003,4.669,5.117,9.265,6.271,5.031,10.456,11568.232680467605,0.057306415027226366,,,,16470.494,95575242.0
Mexico,1999,2004,3.904,5.265,10.002,5.117,6.271,9.265,11909.70679586238,0.04611188854832234,,,,16447.414,97115710.0
Mexico,2000,2005,4.355,4.037,8.22,5.265,5.117,10.002,12584.919799243104,0.07312260746316036,204.49,0.09315858966208616,0.19296787128954962,17198.152,98625553.0
Mexico,2001,2006,4.242,4.153,8.73,4.037,5.265,8.22,12502.637025880982,0.008304943591395424,210.28,0.11018641810918775,0.16511318242343542,16786.094,100099101.0
Mexico,2002,2007,3.958,4.52,9.75,4.153,4.037,8.73,12560.071608658973,0.019141229144202986,215.93,0.12087250497846524,0.14337979900893807,16948.551,101548627.0
Mexico,2003,2008,3.639,4.669,10.5,4.52,4.153,9.75,12688.835064200817,0.024477003421542434,224.03,0.13792795607731106,0.11976074632861669,16915.814,102978517.0
Mexico,2004,2009,3.921,3.904,9.19,4.669,4.52,10.5,13152.657968751137,0.050802807744747124,234.12,0.10165726977618315,0.13868956090893558,17662.844,104394131.0
Mexico,2005,2010,2.134,4.355,10.8,3.904,4.669,9.19,13487.573412112166,0.03938656524979945,246.3,0.1332115306536744,0.1456760048721072,19092.096,105811504.0
Mexico,2006,2011,3.454,4.242,10.87,4.355,3.904,10.8,14085.601522739558,0.058573053807642286,255.47,0.12424159392492269,0.14874544956354954,19108.301,107253666.0
Mexico,2007,2012,2.959,3.958,10.42,4.242,4.355,10.87,14456.341961859098,0.040872153031109505,262.09,0.1204548056011294,0.13678507382960053,19017.145,108774356.0
Mexico,2008,2013,3.971,3.639,9.8,3.958,4.242,10.42,14563.890402271776,0.0222576652074029,268.19,0.07957045378276595,0.17670308363473658,19512.02,110374286.0
Mexico,2009,2014,3.191,3.921,10.5,3.639,3.958,9.8,13784.150156411106,-0.03960116828741645,266.86,0.11032001798695945,0.1307801843663344,18904.01,111999720.0
Mexico,2010,2015,3.731,2.134,5.88,3.921,3.639,10.5,14418.370927205824,0.06117973014697985,274.62,0.1179447964459981,0.1692156434345641,18706.043,113623898.0
Mexico,2011,2016,3.3,3.454,10.09,2.134,3.921,5.88,14890.97682107945,0.04749934552053945,291.45,0.11590324240864643,0.15759135357694287,19279.93,115243503.0
Mexico,2012,2017,3.306,2.959,8.77,3.454,2.134,10.09,15194.548661857576,0.03432901034118415,297.45,0.11507816439737771,0.14476382585308456,19191.277,116818208.0
Mexico,2013,2018,3.879,3.971,11.8,2.959,3.454,8.77,15235.802459444101,0.015808078953742696,297.09,0.1068363122286176,0.13504325288633073,18952.084,118343572.0
Mexico,2014,2019,3.248,3.191,9.68,3.971,2.959,11.8,15482.42660564808,0.028558021611239447,302.8,0.11155878467635402,0.17714663143989431,18621.592,119784265.0
Mexico,2015,2020,3.432,3.731,11.58,3.191,3.971,9.68,15825.325700409945,0.03313882694462046,309.69,0.1090122380444961,0.15576867189770416,18215.734,121072310.0
Mexico,2016,2021,3.628,3.3,10.57,3.731,3.191,11.58,16048.140478013886,0.023955007172740402,320.61,0.1074514207292349,0.1527712797479804,18618.848,122251344.0
Mexico,2017,2022,3.19,3.306,10.88,3.3,3.731,10.57,16270.004798344817,0.023351107896227182,329.44,0.09367411364740165,0.1541403593977659,18879.297,123400052.0
Mexico,2018,2023,3.523,3.879,13.55,3.306,3.3,10.88,16468.475394299276,0.021825603880812356,350.54,0.08281508529697039,0.15758543960746277,18337.242,124573713.0
Mexico,2019,2024,3.466,3.248,11.19,3.879,3.306,13.55,16282.225598283781,-0.0018707650065730224,345.39,0.09461767856625844,0.16647847360954285,17971.641,125762978.0
Mexico,2020,2025,2.846,3.432,11.18,3.248,3.879,11.19,14828.001570753057,-0.08181106907302209,329.74,0.04640019409231516,0.21037787347607206,16329.474,126799053.0
Middle East (Ember),2002,2007,0.0,0.0,0.0,0.0,0.0,0.0,,,543.91,0.06548877571657076,0.021676380283502786,,
Middle East (Ember),2003,2008,0.0,0.0,0.0,0.0,0.0,0.0,,,577.07,0.06335453237908746,0.024745698095551664,,
Middle East (Ember),2004,2009,0.0,0.0,0.0,0.0,0.0,0.0,,,607.62,0.06084394852045686,0.029442743820150753,,
Middle East (Ember),2005,2010,0.0,0.0,0.0,0.0,0.0,0.0,,,660.71,0.055591711946239644,0.03936674183832544,,
Middle East (Ember),2006,2011,0.012,0.0,0.0,0.0,0.0,0.0,,,701.25,0.051721925133689846,0.04203921568627451,,
Middle East (Ember),2007,2012,0.15,0.0,0.0,0.0,0.0,0.0,,,745.96,0.05073998605823368,0.037562335782079466,,
Middle East (Ember),2008,2013,0.425,0.0,0.0,0.0,0.0,0.0,,,775.7,0.04607451334278716,0.01869279360577543,,
Middle East (Ember),2009,2014,0.378,0.0,0.0,0.0,0.0,0.0,,,813.64,0.04268472543139472,0.015817806400865247,,
Middle East (Ember),2010,2015,0.311,0.0,0.0,0.0,0.0,0.0,,,899.82,0.03844102153764086,0.0210153141739459,,
Middle East (Ember),2011,2016,0.558,0.012,0.11,0.0,0.0,0.0,,,921.33,0.038618084725342706,0.020112229060163026,,
Middle East (Ember),2012,2017,0.561,0.15,1.45,0.012,0.0,0.11,,,964.17,0.04057375773981767,0.022610120621882036,,
Middle East (Ember),2013,2018,0.552,0.425,4.26,0.15,0.012,1.45,,,1001.94,0.03247699463041699,0.024761961794119405,,
Middle East (Ember),2014,2019,0.497,0.378,4.07,0.425,0.15,4.26,,,1076.09,0.02846416191954205,0.02030499307678726,,
Middle East (Ember),2015,2020,0.61,0.311,3.5,0.378,0.425,4.07,,,1126.29,0.026298733008372623,0.01690505997567234,,
Middle East (Ember),2016,2021,1.038,0.558,6.47,0.311,0.378,3.5,,,1160.23,0.021245787473173423,0.02043560328555545,,
Middle East (Ember),2017,2022,1.888,0.561,6.96,0.558,0.311,6.47,,,1240.79,0.018310914820396682,0.02056754164685402,,
Middle East (Ember),2018,2023,2.755,0.552,6.89,0.561,0.558,6.96,,,1247.94,0.017020049040819267,0.01618667564145712,,
Middle East (Ember),2019,2024,3.087,0.497,6.41,0.552,0.561,6.89,,,1289.37,0.017613252984015452,0.04133026206597021,,
Middle East (Ember),2020,2025,3.033,0.61,7.96,0.497,0.552,6.41,,,1304.66,0.015735900541137153,0.036009381754633384,,
Netherlands,1980,1985,6.191,,4.2,,,3.489,23406.913084424803,0.012047634788677541,,,,61584.023,14162686.0
Netherlands,1981,1986,6.277,,3.658,,,4.2,23125.984326309812,-0.005025543904026498,,,,57990.461,14262691.0
Netherlands,1982,1987,5.195,,3.897,,,3.658,22742.651871346687,-0.0116657765559226,,,,53329.223,14333902.0
Netherlands,1983,1988,5.276,,3.589,,,3.897,23030.65038864622,0.017113915255417375,,,,53349.469,14396898.0
Netherlands,1984,1989,5.499,,3.711,,,3.589,23679.73838602169,0.03289082670516781,,,,55132.371,14462809.0
Netherlands,1985,1990,4.95,6.191,3.899,,,3.711,24281.27967114287,0.030802118247178413,,,,56596.094,14538958.0
Netherlands,1986,1991,4.548,6.277,4.216,6.191,,3.899,24800.053462936557,0.027514177921042316,,,,59046.316,14626488.0
Netherlands,1987,1992,5.011,5.195,3.556,6.277,6.191,4.216,24983.348441366314,0.014172286231737071,,,,59859.922,14724948.0
Netherlands,1988,1993,5.206,5.276,3.675,5.195,6.277,3.556,25462.60923450593,0.026171611957660493,,,,59650.305,14825915.0
Netherlands,1989,1994,5.073,5.499,4.019,5.276,5.195,3.675,26483.230708887753,0.046761154709614894,,,,59543.699,14921107.0
Netherlands,1990,1995,5.039,4.95,3.5,5.499,5.276,4.019,27369.696716547514,0.041076293834328495,79.91,0.31297709923664124,0.010261544237266926,60590.891,15030886.0
Netherlands,1991,1996,4.948,4.548,3.33,4.95,5.499,3.5,27973.586914709136,0.0305099683888342,82.38,0.27506676377761596,0.01128914785142025,61237.723,15155093.0
Netherlands,1992,1997,2.832,5.011,3.8,4.548,4.95,3.33,28387.115504981513,0.022931435764589635,84.52,0.26774727875059157,0.011831519167061051,61473.492,15276787.0
Netherlands,1993,1998,4.262,5.206,3.95,5.011,4.548,3.8,28701.519235635118,0.018549779625509688,86.18,0.2484335112555117,0.012763982362497098,61532.391,15389718.0
Netherlands,1994,1999,4.497,5.073,3.97,5.206,5.011,3.95,29535.944095468178,0.03547406138119703,88.82,0.2714478721008782,0.014185994145462734,60496.051,15485453.0
Netherlands,1995,2000,4.463,5.039,4.02,5.073,5.206,3.97,30481.84944967033,0.03732923008409843,91.17,0.30053745749698363,0.015465613688713391,62637.953,15565034.0
Netherlands,1996,2001,4.32,4.948,4.16,5.039,5.073,4.02,31598.836729234314,0.04163927061067833,94.66,0.27276568772448767,0.01922670610606381,65032.52,15640032.0
Netherlands,1997,2002,4.131,2.832,2.41,4.948,5.039,4.16,32973.21922125953,0.04907173214319378,97.73,0.25007674204440805,0.020566867901360888,63525.477,15723621.0
Netherlands,1998,2003,4.211,4.262,3.81,2.832,4.948,2.41,34437.18472880928,0.05127253036881941,101.2,0.26116600790513833,0.02292490118577075,63558.168,15827109.0
Netherlands,1999,2004,3.827,4.497,3.83,4.262,2.832,3.81,36128.7656142969,0.056616024807357265,103.6,0.2115830115830116,0.02422779922779923,62344.133,15940183.0
Netherlands,2000,2005,4.06,4.463,3.93,4.497,4.262,3.83,37599.61253402116,0.04845276508343,106.97,0.22697952697017856,0.02776479386743947,62695.977,16058757.0
Netherlands,2001,2006,3.558,4.32,3.98,4.463,4.497,3.93,38323.0661946813,0.027107902470130774,109.42,0.23286419301772984,0.030250411259367574,64609.547,16182705.0
Netherlands,2002,2007,4.051,4.131,3.91,4.32,4.463,3.98,38336.34119778537,0.0068589978310756436,111.02,0.23410196361016034,0.03584939650513421,64222.574,16288060.0
Netherlands,2003,2008,3.926,4.211,4.02,4.131,4.32,3.91,38480.77223556011,0.008626924695254572,112.46,0.23626178196692157,0.03521252000711364,64341.766,16366914.0
Netherlands,2004,2009,3.783,3.827,3.82,4.211,4.131,4.02,39349.122382966256,0.026230006566536936,116.04,0.21501206480523954,0.045673905549810406,66283.531,16425562.0
Netherlands,2005,2010,3.362,4.06,4.0,3.827,4.211,3.82,40333.41960360402,0.027519657556460134,116.82,0.20116418421503168,0.06385892826570792,67549.0,16465707.0
Netherlands,2006,2011,3.675,3.558,3.47,4.06,3.827,4.0,41921.91390682504,0.041160638651815976,118.98,0.1995293326609514,0.06774247772734913,66059.516,16493851.0
Netherlands,2007,2012,3.823,4.051,4.2,3.558,4.06,3.47,43626.17528914742,0.0430198047137293,121.29,0.20545799323934372,0.0625772940885481,66995.336,16531360.0
Netherlands,2008,2013,2.874,3.926,4.17,4.051,3.558,4.2,44447.40021849391,0.02288547416264752,122.06,0.19236441094543666,0.07807635589054562,65937.922,16597259.0
Netherlands,2009,2014,4.006,3.783,4.25,3.926,4.051,4.17,42794.3229645889,-0.03215132739278016,117.24,0.2070965540771068,0.09237461617195497,64689.609,16684148.0
Netherlands,2010,2015,3.743,3.362,3.97,3.783,3.926,4.25,43419.18480389514,0.019897291294206823,120.88,0.18687954996690934,0.09257114493712773,69801.117,16771232.0
Netherlands,2011,2016,3.475,3.675,4.14,3.362,3.783,3.97,44187.98298267391,0.02255057397401576,121.73,0.1757167501848353,0.1012075905692927,66173.398,16851061.0
Netherlands,2012,2017,2.93,3.823,3.91,3.675,3.362,4.14,43566.886107936945,-0.010303583909899404,119.38,0.20279778857430056,0.10445635784888592,64776.062,16915191.0
Netherlands,2013,2018,3.103,2.874,2.89,3.823,3.675,3.91,43377.15090511229,-0.0013016183525275636,118.8,0.20715488215488215,0.10185185185185185,62644.008,16967066.0
Netherlands,2014,2019,3.257,4.006,4.09,2.874,3.823,2.89,43831.77586377285,0.014233870366508111,116.83,0.2524180433107934,0.09971753830351794,59678.543,17030085.0
Netherlands,2015,2020,3.354,3.743,4.08,4.006,2.874,4.09,44488.46467572655,0.019591678405848748,117.74,0.33455070494309497,0.11627314421606931,60001.301,17107429.0
Netherlands,2016,2021,3.168,3.475,3.96,3.743,4.006,4.08,45206.50791751995,0.021917233820826852,118.87,0.3097501472196517,0.12433751156725834,60683.609,17204693.0
Netherlands,2017,2022,3.468,2.93,3.4,3.475,3.743,3.96,46225.04432800073,0.029108997335680276,119.55,0.26248431618569634,0.14579673776662486,60761.145,17315376.0
Netherlands,2018,2023,3.326,3.103,3.51,2.93,3.475,3.4,47028.724059333166,0.02360905407932587,121.07,0.22780209795985792,0.15594284298339803,58901.457,17421285.0
Netherlands,2019,2024,2.918,3.257,3.91,3.103,2.93,3.51,47630.665226267934,0.01955597313801084,120.91,0.1463071706227773,0.18857001075179888,58248.688,17537505.0
Netherlands,2020,2025,2.956,3.354,4.09,3.257,3.103,3.91,45522.130862735794,-0.03886090328568776,119.3,0.063872590108969,0.2743503772003353,56095.609,17636732.0
North America (Ember),2002,2007,18.824,19.239,855.06,19.58,18.75,844.99,,,4444.33,0.45987359174498743,0.15666478411819104,,
North America (Ember),2003,2008,19.008,18.802,838.1,19.239,19.58,855.06,,,4457.52,0.4673675048008758,0.15605762845707927,,
North America (Ember),2004,2009,19.506,19.3,878.29,18.802,19.239,838.1,,,4550.78,0.4566689666386861,0.1526068058662471,,
North America (Ember),2005,2010,18.999,18.759,873.39,19.3,18.802,878.29,,,4655.83,0.4544259562741767,0.1559227892770999,,
North America (Ember),2006,2011,18.681,18.998,884.5,18.759,19.3,873.39,,,4655.72,0.44814335913671777,0.1601642710472279,,
North America (Ember),2007,2012,18.461,18.824,899.25,18.998,18.759,884.5,,,4777.12,0.44439536792042067,0.1523428341762401,,
North America (Ember),2008,2013,18.926,19.008,901.56,18.824,18.998,899.25,,,4743.01,0.43993160461394765,0.1616294294129677,,
North America (Ember),2009,2014,19.028,19.506,888.31,19.008,18.824,901.56,,,4554.1,0.40416767308579077,0.17570979996047517,,
North America (Ember),2010,2015,18.929,18.999,897.0,19.506,19.008,888.31,,,4721.38,0.4095709305330221,0.16847616586675931,,
North America (Ember),2011,2016,19.062,18.681,883.14,18.999,19.506,897.0,,,4727.59,0.38356329546343904,0.19180385777954517,,
North America (Ember),2012,2017,19.177,18.461,863.53,18.681,18.999,883.14,,,4677.66,0.3385004468045989,0.19155517929905125,,
North America (Ember),2013,2018,18.652,18.926,891.74,18.461,18.681,863.53,,,4711.76,0.35053780328369866,0.19870069782841232,,
North America (Ember),2014,2019,18.899,19.028,903.71,18.926,18.461,891.74,,,4749.46,0.34763741562198647,0.2009617935512669,,
North America (Ember),2015,2020,18.882,18.929,898.28,19.028,18.926,903.71,,,4745.58,0.29866949877570287,0.20628669203764347,,
North America (Ember),2016,2021,18.134,19.062,906.41,18.929,19.028,898.28,,,4755.17,0.2742635909967467,0.22208249126739948,,
North America (Ember),2017,2022,17.331,19.177,905.55,19.062,18.929,906.41,,,4722.16,0.2686588340928728,0.24313661544716828,,
North America (Ember),2018,2023,17.633,18.652,907.11,19.177,19.062,905.55,,,4863.27,0.24726367238504132,0.23995788841664145,,
North America (Ember),2019,2024,17.249,18.899,909.9,18.652,19.177,907.11,,,4814.57,0.21083918189994125,0.24714148927110835,,
North America (Ember),2020,2025,16.821,18.882,887.39,18.899,18.652,909.9,,,4699.59,0.17287252717790275,0.2678148519338921,,
OECD (Ember),2002,2007,21.17,23.303,2289.86,23.593,22.976,2267.19,,,9826.39,0.36826647425962133,0.15526658315006836,,
OECD (Ember),2003,2008,20.948,22.234,2209.52,23.303,23.593,2289.86,,,9937.52,0.37643999710189263,0.15333704988769833,,
OECD (Ember),2004,2009,21.44,22.766,2317.11,22.234,23.303,2209.52,,,10177.75,0.3664012183439365,0.15640097271007836,,
OECD (Ember),2005,2010,21.027,22.309,2320.85,22.766,22.234,2317.11,,,10403.32,0.3648931302699523,0.15749683754801352,,
OECD (Ember),2006,2011,19.741,22.298,2341.0,22.309,22.766,2320.85,,,10498.76,0.36088547599907034,0.16146668749452317,,
OECD (Ember),2007,2012,17.909,21.17,2272.46,22.298,22.309,2341.0,,,10734.33,0.3589353038335881,0.15919018699816384,,
OECD (Ember),2008,2013,18.034,20.948,2251.98,21.17,22.298,2272.46,,,10750.31,0.34986060867081975,0.1687960626251708,,
OECD (Ember),2009,2014,18.242,21.44,2215.93,20.948,21.17,2251.98,,,10335.49,0.33355844764012155,0.1794912481169253,,
OECD (Ember),2010,2015,18.015,21.027,2259.92,21.44,20.948,2215.93,,,10747.56,0.3305112974479789,0.18303875484295973,,
OECD (Ember),2011,2016,17.81,19.741,2116.28,21.027,21.44,2259.92,,,10720.11,0.3201916771376413,0.19674611547829265,,
OECD (Ember),2012,2017,17.584,17.909,1921.17,19.741,21.027,2116.28,,,10727.68,0.30916283856341725,0.20647800829256654,,
OECD (Ember),2013,2018,17.406,18.034,1933.96,17.909,19.741,1921.17,,,10723.7,0.31514122923990784,0.21840502811529602,,
OECD (Ember),2014,2019,17.829,18.242,1946.13,18.034,17.909,1933.96,,,10668.48,0.31049971504844176,0.22645212813821652,,
OECD (Ember),2015,2020,17.182,18.015,1932.24,18.242,18.034,1946.13,,,10725.97,0.2867115981118724,0.23681214845836787,,
OECD (Ember),2016,2021,17.067,17.81,1930.41,18.015,18.242,1932.24,,,10839.15,0.2655014461466074,0.24462896075799304,,
OECD (Ember),2017,2022,15.829,17.584,1916.99,17.81,18.015,1930.41,,,10901.95,0.2621402593114076,0.2561651814583629,,
OECD (Ember),2018,2023,16.436,17.406,1928.28,17.584,17.81,1916.99,,,11077.99,0.2483185126543714,0.2640497057679236,,
OECD (Ember),2019,2024,16.497,17.829,1952.74,17.406,17.584,1928.28,,,10952.67,0.218333977011998,0.27734059366346286,,
OECD (Ember),2020,2025,16.209,17.182,1831.42,17.829,17.406,1952.74,,,10658.75,0.18904749618857747,0.3059054767210039,,
Pakistan,1980,1985,1.349,,0.08,,,0.053,1916.8629689649688,0.1049767120654304,,,,1880.505,82291008.0
Pakistan,1981,1986,1.626,,0.168,,,0.08,1982.6386697902597,0.07844444298404103,,,,1939.104,85802048.0
Pakistan,1982,1987,0.839,,0.203,,,0.168,2055.3922999932865,0.07641263484000435,,,,2059.63,89089247.0
Pakistan,1983,1988,0.478,,0.274,,,0.203,2120.397057994858,0.06796890897328559,,,,2126.83,92227711.0
Pakistan,1984,1989,0.279,,0.331,,,0.274,2135.5848138085307,0.039238384312490195,,,,2181.371,95164940.0
Pakistan,1985,1990,0.913,1.349,0.389,,,0.331,2249.2280061656966,0.08712802074043706,,,,2220.965,98229291.0
Pakistan,1986,1991,0.836,1.626,0.526,1.349,,0.389,2312.397752413545,0.06343436972013845,,,,2275.831,101606770.0
Pakistan,1987,1992,1.031,0.839,0.305,1.626,1.349,0.526,2365.7476277007927,0.05855353405509991,,,,2467.277,105130710.0
Pakistan,1988,1993,0.713,0.478,0.194,0.839,1.626,0.305,2434.8811585109333,0.06440801502971474,,,,2534.482,108724740.0
Pakistan,1989,1994,1.015,0.279,0.119,0.478,0.839,0.194,2469.1062761770127,0.04774366421651972,,,,2601.51,112336634.0
Pakistan,1990,1995,0.818,0.913,0.42,0.279,0.478,0.119,2497.249947639194,0.04578140460525505,,,,2630.075,116155584.0
Pakistan,1991,1996,0.484,0.836,0.42,0.913,0.279,0.42,2594.388668099573,0.07382312380661099,,,,2696.148,120060409.0
Pakistan,1992,1997,0.721,1.031,0.552,0.836,0.913,0.42,2653.3604882617205,0.05242969854948488,,,,2752.224,123546855.0
Pakistan,1993,1998,0.592,0.713,0.407,1.031,0.836,0.552,2668.698770179845,0.034056125795470765,,,,2962.63,127020117.0
Pakistan,1994,1999,0.122,1.015,0.588,0.713,1.031,0.407,2726.2696916014274,0.05155515885379364,,,,2978.108,130748076.0
Pakistan,1995,2000,0.572,0.818,0.521,1.015,0.713,0.588,2801.02020527149,0.057547590851690346,,,,3051.513,134582255.0
Pakistan,1996,2001,2.746,0.484,0.327,0.818,1.015,0.521,2825.0823163079012,0.038378804467892415,,,,3157.013,138557089.0
Pakistan,1997,2002,2.376,0.721,0.451,0.484,0.818,0.327,2822.9457867862066,0.027908490823571063,,,,2966.948,142531801.0
Pakistan,1998,2003,2.205,0.592,0.393,0.721,0.484,0.451,2859.8014848846888,0.04141892131416334,,,,3097.472,146522354.0
Pakistan,1999,2004,2.245,0.122,0.08,0.592,0.721,0.393,2924.531372294671,0.0508521988729368,,,,3146.288,150565381.0
Pakistan,2000,2005,2.549,0.572,0.38,0.122,0.592,0.08,2968.757342700363,0.04420597211418616,66.49,0.0036095653481726577,0.2585351180628666,3123.431,154879124.0
Pakistan,2001,2006,2.562,2.746,1.98,0.572,0.122,0.38,3000.9525586373557,0.039508408202191196,72.11,0.0038829565940923594,0.2626542781861046,3108.855,159270910.0
Pakistan,2002,2007,2.402,2.376,1.8,2.746,0.572,1.98,3092.8613497416704,0.05619722950875032,75.77,0.003035502177642867,0.29497162465355686,3149.744,163222552.0
Pakistan,2003,2008,1.871,2.205,1.81,2.376,2.746,1.8,3254.8589953698233,0.07744386556862173,82.15,0.002434570906877663,0.3425441265976871,3316.559,167110250.0
Pakistan,2004,2009,2.747,2.245,1.93,2.205,2.376,1.81,3456.3578375953543,0.08844201006081497,86.07,0.0019751365167886606,0.31218775415359595,3613.283,171285999.0
Pakistan,2005,2010,2.708,2.549,2.41,2.245,2.205,1.93,3654.188118927113,0.08295811681782089,94.71,0.00137261112870869,0.3363953120050681,3655.326,175453212.0
Pakistan,2006,2011,4.049,2.562,2.55,2.549,2.245,2.41,3817.6500101929687,0.06991709692481889,99.7,0.0014042126379137413,0.33109327983951853,3782.373,179682690.0
Pakistan,2007,2012,5.372,2.402,2.31,2.562,2.549,2.55,3898.5373809188695,0.04852740886543888,96.35,0.0014530358069538144,0.31094966268811625,3886.621,184493231.0
Pakistan,2008,2013,4.195,1.871,1.74,2.402,2.562,2.31,3941.5103942650667,0.03845508178512866,93.24,0.0011797511797511798,0.31166881166881166,3792.511,189499112.0
Pakistan,2009,2014,4.244,2.747,2.64,1.871,2.402,1.74,3986.49237716888,0.03744460991242822,96.36,0.0012453300124533001,0.3019925280199253,3834.629,194376535.0
Pakistan,2010,2015,3.839,2.708,2.56,2.747,1.871,2.64,4042.8396078413302,0.03950407403349695,94.81,0.0009492669549625567,0.34616601624301235,3761.661,199239048.0
Pakistan,2011,2016,4.426,4.049,3.84,2.708,2.747,2.56,4147.7950121825415,0.04916925050735842,95.1,0.0010515247108307047,0.3120925341745531,3697.388,203746069.0
Pakistan,2012,2017,6.221,5.372,5.27,4.049,2.708,3.84,4230.255549658993,0.039508007955235395,98.48,0.0006092607636068236,0.31590170593013805,3379.42,207667129.0
Pakistan,2013,2018,7.2,4.195,4.4,5.372,4.049,5.27,4350.742515556595,0.045354796380272296,105.3,0.001519468186134853,0.32060778727445394,3673.495,211073979.0
Pakistan,2014,2019,6.72,4.244,4.58,4.195,5.372,4.4,4487.5196483998625,0.04702923449063643,108.35,0.0012921089063221045,0.32699584679280114,3669.797,214264649.0
Pakistan,2015,2020,6.596,3.839,4.33,4.244,4.195,4.58,4651.945185689428,0.05128195183599994,113.25,0.0013245033112582781,0.3350993377483444,3816.599,217290884.0
Pakistan,2016,2021,9.644,4.426,5.44,3.839,4.244,4.33,4820.352010585246,0.049782618284411585,123.4,0.005024311183144246,0.29051863857374394,4090.315,220138863.0
Pakistan,2017,2022,12.661,6.221,8.11,4.426,3.839,5.44,5004.018861535559,0.0528865240333604,130.92,0.08333333333333334,0.24931255728689278,4263.787,223273974.0
Pakistan,2018,2023,13.049,7.2,9.29,6.221,4.426,8.11,5135.558073061238,0.04308667815002488,129.51,0.1217666589452552,0.25581036213419817,4263.363,226928893.0
Pakistan,2019,2024,13.077,6.72,9.07,7.2,6.221,9.29,5079.40034715548,0.005941020332181767,135.48,0.1908768821966342,0.3010038382049011,4218.508,230800908.0
Pakistan,2020,2025,12.157,6.596,9.64,6.72,7.2,9.07,5114.968070683901,0.025330926134532247,146.66,0.1878494477021683,0.2884222010091368,4083.671,235001745.0
Romania,1980,1985,0.0,,0.0,,,0.0,6584.2756578987755,0.0027460380722611104,,,,33033.355,22154776.0
Romania,1981,1986,0.0,,0.0,,,0.0,6509.3780503365815,-0.006109109056797222,,,,32936.477,22272788.0
Romania,1982,1987,0.0,,0.0,,,0.0,6485.296133799418,0.000847810764551449,,,,32504.658,22374447.0
Romania,1983,1988,0.0,,0.0,,,0.0,6403.353254675487,-0.008894529639712401,,,,32156.234,22459213.0
Romania,1984,1989,0.0,,0.0,,,0.0,6635.748264378427,0.0397435512814918,,,,31818.518,22534002.0
Romania,1985,1990,0.0,0.0,0.0,,,0.0,6603.793776247395,-0.0016439799043443178,,,,31624.783,22605815.0
Romania,1986,1991,0.0,0.0,0.0,0.0,,0.0,6696.204437149199,0.017085187295164672,,,,32198.066,22674739.0
Romania,1987,1992,0.0,0.0,0.0,0.0,0.0,0.0,6534.841124536279,-0.021048401706741052,,,,33286.32,22745589.0
Romania,1988,1993,0.0,0.0,0.0,0.0,0.0,0.0,6498.673083331525,-0.0024808936441977937,,,,33798.848,22815435.0
Romania,1989,1994,0.0,0.0,0.0,0.0,0.0,0.0,6271.405855342478,-0.03191704828498619,,,,33750.84,22887645.0
Romania,1990,1995,0.0,0.0,0.0,0.0,0.0,0.0,5578.0493309148005,-0.10854207445406144,73.78,0.2507454594741122,0.15464895635673626,32050.145,22939530.0
Romania,1991,1996,2.278,0.0,0.0,0.0,0.0,0.0,5006.414108760655,-0.10217086949090547,63.85,0.24447924823805794,0.22850430696945967,27211.963,22947416.0
Romania,1992,1997,9.52,0.0,0.0,0.0,0.0,0.0,4794.044915613121,-0.04388107574606714,58.21,0.3150661398385157,0.20099639237244457,24033.893,22912389.0
Romania,1993,1998,10.021,0.0,0.0,0.0,0.0,0.0,5038.985054716791,0.04787531837460511,57.23,0.3335663113751529,0.22313471955268216,23431.217,22842257.0
Romania,1994,1999,10.303,0.0,0.0,0.0,0.0,0.0,5421.531349655327,0.07186608265789342,55.76,0.3520444763271162,0.23403873744619802,22185.154,22756247.0
Romania,1995,2000,10.59,0.0,0.0,0.0,0.0,0.0,6022.570921428023,0.10605202293110508,59.35,0.3469250210614996,0.2812131423757372,24486.252,22657722.0
Romania,1996,2001,10.177,2.278,1.39,0.0,0.0,0.0,6499.6189148082585,0.07369402145472238,61.84,0.3310155239327296,0.25485122897800777,24461.168,22541915.0
Romania,1997,2002,10.125,9.52,5.4,2.278,0.0,1.39,6488.479156135434,-0.00748895122033553,56.94,0.29610115911485774,0.3076923076923077,23350.738,22411511.0
Romania,1998,2003,8.953,10.021,5.31,9.52,2.278,5.4,6472.585424902718,-0.008085021897659096,53.38,0.2714499812663919,0.35387785687523415,21487.428,22284901.0
Romania,1999,2004,9.828,10.303,5.2,10.021,9.52,5.31,6688.012957681973,0.02777722848537536,49.64,0.29572925060435135,0.3684528605962933,19000.631,22166156.0
Romania,2000,2005,9.354,10.59,5.46,10.303,10.021,5.2,7159.457596624989,0.06470093072584104,50.86,0.3720015729453402,0.29060165159260715,19065.902,22046264.0
Romania,2001,2006,8.999,10.177,5.45,10.59,10.303,5.46,7927.194466757993,0.10088834234987808,52.24,0.3771056661562021,0.28560490045941805,19393.555,21919916.0
Romania,2002,2007,12.524,10.125,5.51,10.177,10.59,5.45,8737.672807879828,0.09470274791113607,51.57,0.3938336242001163,0.3112274578243165,20271.309,21770020.0
Romania,2003,2008,17.314,8.953,4.91,10.125,10.177,5.51,9471.085935465238,0.07514531377580014,52.76,0.44238059135708874,0.2513267626990144,20434.184,21593448.0
Romania,2004,2009,20.403,9.828,5.55,8.953,10.125,4.91,10679.282597544341,0.11763326821512661,55.29,0.38849701573521433,0.29860734310001813,21456.91,21403215.0
Romania,2005,2010,19.232,9.354,5.55,9.828,8.953,5.55,11504.278460849855,0.06769810235200947,56.43,0.38826865142654615,0.3583200425305688,21705.584,21213395.0
Romania,2006,2011,19.013,8.999,5.63,9.354,9.828,5.55,13071.553866963128,0.12671812874536295,58.29,0.4314633727912163,0.3149768399382398,22229.311,21035732.0
Romania,2007,2012,19.593,12.524,7.71,8.999,9.354,5.63,14597.04260141747,0.1079427914514765,59.47,0.42206154363544646,0.2692113670758366,21609.418,20870714.0
Romania,2008,2013,19.969,17.314,11.23,12.524,8.999,7.71,16395.264779261484,0.11501240151518735,60.61,0.42600230984985976,0.2841115327503712,21709.68,20718745.0
Romania,2009,2014,17.991,20.403,11.75,17.314,12.524,11.23,15889.365706250916,-0.03749035080222021,55.29,0.39319949357930906,0.28124434798336045,19056.42,20576922.0
Romania,2010,2015,17.728,19.232,11.62,20.403,17.314,11.75,16419.34835134583,0.026105573382954668,58.15,0.3556319862424764,0.34909716251074807,19401.561,20432575.0
Romania,2011,2016,17.58,19.013,11.75,19.232,20.403,11.62,17260.954000266935,0.04351031803520648,59.89,0.4137585573551511,0.2724995825680414,20133.164,20282009.0
Romania,2012,2017,18.115,19.593,11.47,19.013,19.232,11.75,17701.05844640543,0.01924978173599182,58.79,0.38952202755570675,0.25395475420989966,19512.025,20158451.0
Romania,2013,2018,17.762,19.969,11.62,19.593,19.013,11.47,17833.36560548311,0.0026997570742109756,56.17,0.3015844756987716,0.3587324194409827,18420.879,20062913.0
Romania,2014,2019,19.197,17.991,11.68,19.969,19.593,11.62,18656.308659943403,0.04120651372323139,57.79,0.3073196054680741,0.46928534348503204,18986.027,19968179.0
Romania,2015,2020,20.775,17.728,11.64,17.991,19.969,11.68,19340.049096226474,0.03160516886347519,58.93,0.3076531478024775,0.44442558968267437,19180.48,19871018.0
Romania,2016,2021,19.262,17.58,11.29,17.728,17.991,11.64,19987.219858432873,0.02857553499342065,59.2,0.2682432432432432,0.45557432432432426,19269.059,19777049.0
Romania,2017,2022,20.259,18.115,11.51,17.58,17.728,11.29,23160.291599720764,0.15361989211396188,60.65,0.2766694146743611,0.40049464138499585,19702.773,19689405.0
Romania,2018,2023,19.649,17.762,11.38,18.115,17.58,11.51,24141.529764248917,0.037521564582232124,61.53,0.2543474727775069,0.4256460263286202,20004.775,19597874.0
Romania,2019,2024,20.694,19.197,11.28,17.762,18.115,11.38,23411.713170579023,-0.034997585725340966,60.28,0.22577969475779694,0.4085932315859323,19681.396,19501542.0
Romania,2020,2025,20.478,20.775,11.47,19.197,17.762,11.28,24932.32957158055,0.058994666270480965,58.0,0.16137931034482758,0.42431034482758617,19053.199,19392467.0
Russia,1987,1992,11.862,11.907,124.702,10.507,10.324,105.221,12580.754470512824,-0.000848277070473038,,,,68715.734,146147383.0
Russia,1988,1993,12.46,12.653,134.814,11.907,10.507,124.702,12676.946160633146,0.01603757782020403,,,,69338.688,147364493.0
Russia,1989,1994,11.168,12.665,136.338,12.653,11.907,134.814,12685.918677127213,0.006937358094983658,,,,69164.422,148281862.0
Russia,1990,1995,11.573,10.934,118.325,12.665,12.653,136.338,12316.22299913578,-0.024574263995183435,,,,67634.141,148979537.0
Russia,1991,1996,12.869,11.233,119.984,10.934,12.665,118.325,11927.789496508136,-0.028490240369156275,,,,66502.156,149448433.0
Russia,1992,1997,13.007,11.862,119.626,11.233,10.934,119.984,10461.19474006395,-0.12608076795179388,,,,64241.723,148915993.0
Russia,1993,1998,12.539,12.46,119.186,11.862,11.233,119.626,9810.672272132299,-0.06710009274318585,,,,60209.305,148135419.0
Russia,1994,1999,14.402,11.168,97.82,12.46,11.862,119.186,8756.182127444794,-0.10709046139590275,,,,54914.871,148200734.0
Russia,1995,2000,14.891,11.573,99.532,11.168,12.46,97.82,8591.417700800544,-0.018216619204397513,,,,51938.5,148291406.0
Russia,1996,2001,15.363,12.869,109.026,11.573,11.168,99.532,8483.912375089965,-0.013890381067520201,,,,50060.594,148084580.0
Russia,1997,2002,15.891,13.007,108.498,12.869,11.573,109.026,8817.235140911424,0.03766892319306478,,,,47418.508,147853769.0
Russia,1998,2003,16.407,12.539,103.719,13.007,12.869,108.498,8559.745056005924,-0.030635897477174937,,,,47400.148,147635543.0
Russia,1999,2004,15.528,14.402,121.874,12.539,13.007,103.719,9338.530417967166,0.08807394404375883,,,,48128.516,147241973.0
Russia,2000,2005,15.664,14.891,130.71,14.402,12.539,121.874,10544.444452125857,0.12511339761899273,863.7,0.2033344911427579,0.1900659951372004,49169.844,146717784.0
Russia,2001,2006,15.768,15.363,136.93,14.891,14.402,130.71,11380.492528618619,0.07487065080549249,875.41,0.19278966427159847,0.19877543094093053,50153.324,146117290.0
Russia,2002,2007,15.712,15.891,141.63,15.363,14.891,136.93,12206.597298454533,0.07128447281997048,878.34,0.19395678211171075,0.18483730673770976,50010.18,145939502.0
Russia,2003,2008,15.681,16.407,150.34,15.891,15.363,141.63,13415.31822813564,0.09792794351836764,902.91,0.1907609839297383,0.1728300716571973,51088.902,145794230.0
Russia,2004,2009,16.472,15.528,144.71,16.407,15.891,150.34,14767.277322763215,0.09614038676466644,924.29,0.17402546819721082,0.19056789535751764,51757.012,145180091.0
Russia,2005,2010,16.417,15.664,149.45,15.528,16.407,144.71,16122.276534976452,0.08737868252639996,941.73,0.17599524279782952,0.18377879009907297,51894.969,144597886.0
Russia,2006,2011,16.395,15.768,156.44,15.664,15.528,149.45,17877.139130616535,0.10505164621714463,976.31,0.18208355952515085,0.17802747078284561,54384.289,144102948.0
Russia,2007,2012,16.603,15.712,160.06,15.768,15.664,156.44,19871.84767421457,0.10970288831223095,1005.9,0.16971865990655136,0.1764887165722239,54763.992,143859767.0
Russia,2008,2013,16.289,15.681,163.08,15.712,15.768,160.06,21403.623177165868,0.07672383800906898,1022.37,0.19233741209151284,0.161663585590344,55034.594,143811837.0
Russia,2009,2014,16.986,16.472,163.58,15.681,15.712,163.08,20182.85857077691,-0.05665976530051065,978.24,0.16804669610729472,0.17858603205757276,52284.949,143869128.0
Russia,2010,2015,18.31,16.417,170.41,16.472,15.681,163.58,21574.049013312087,0.0694147742862487,1020.57,0.162752187503062,0.16365364453197723,54290.234,143934468.0
Russia,2011,2016,18.022,16.395,172.94,16.417,16.472,170.41,22956.677889830848,0.06489550727301732,1032.31,0.15984539527855005,0.1584989005240674,56097.879,144043751.0
Russia,2012,2017,18.617,16.603,177.53,16.395,16.417,172.94,23839.54979648249,0.040240852293299656,1052.79,0.16067781798839276,0.15573856134651737,56333.117,144291025.0
Russia,2013,2018,18.444,16.289,172.51,16.603,16.395,177.53,24205.514703687008,0.017554257078647918,1045.4,0.15484025253491485,0.1737516740003826,55548.391,144604105.0
Russia,2014,2019,18.691,16.986,180.76,16.289,16.603,172.51,24329.63291758196,0.007362631794740573,1056.15,0.15026274676892484,0.1649481607726175,55599.285,144925639.0
Russia,2015,2020,19.892,18.31,195.47,16.986,16.289,180.76,23786.983160090746,-0.019727204257303836,1055.89,0.15015768688026215,0.16001666840295864,54577.699,145307612.0
Russia,2016,2021,19.22,18.022,196.61,18.31,16.986,195.47,23756.04048103938,0.0019367437344062555,1076.47,0.15927057883638188,0.1724897117430119,55468.086,145778668.0
Russia,2017,2022,19.17,18.617,203.14,18.022,18.31,196.61,24122.245584714154,0.01825805412855188,1080.57,0.1610353794756471,0.17246453260779035,55653.059,146186798.0
Russia,2018,2023,18.449,18.444,204.58,18.617,18.022,203.14,24758.203565548585,0.028072486375626902,1096.59,0.1610538122725905,0.17508822805241706,57585.199,146430146.0
Russia,2019,2024,17.837,18.691,208.99,18.444,18.617,204.58,25284.63889067821,0.021980851136270605,1099.73,0.17054186027479473,0.17842561355969191,57120.422,146533063.0
Russia,2020,2025,18.331,19.892,215.91,18.691,18.444,208.99,24640.87359939666,-0.026536588545290552,1074.68,0.16280195034801057,0.20122268954479472,55172.793,146371295.0
Slovakia,1980,1985,41.687,,4.523,,,2.147,,,,,,44015.699,4976659.0
Slovakia,1981,1986,48.477,,5.133,,,4.523,,,,,,43338.844,5014960.0
Slovakia,1982,1987,48.724,,5.84,,,5.133,,,,,,42562.543,5051811.0
Slovakia,1983,1988,49.803,,6.15,,,5.84,,,,,,42394.934,5086443.0
Slovakia,1984,1989,50.507,,7.239,,,6.15,,,,,,45375.949,5119394.0
Slovakia,1985,1990,47.234,41.687,9.382,,,7.239,11800.017460325473,,,,,46526.801,5151164.0
Slovakia,1986,1991,48.186,48.477,11.716,41.687,,9.382,12223.07954803874,0.04166942421153343,,,,45866.668,5180090.0
Slovakia,1987,1992,47.547,48.724,11.513,48.477,41.687,11.716,12457.272716899844,0.02423437781745195,,,,46669.75,5205882.0
Slovakia,1988,1993,47.775,49.803,11.474,48.724,48.477,11.513,12643.372961776997,0.019578353773876324,,,,46689.539,5229678.0
Slovakia,1989,1994,49.47,50.507,12.157,49.803,48.724,11.474,12721.217589104011,0.01005369238426786,,,,47176.992,5249932.0
Slovakia,1990,1995,43.284,47.234,12.04,50.507,49.803,12.157,12365.867987498093,-0.024944241265277844,30.69,0.24437927663734113,0.06125773867709351,47161.055,5266077.0
Slovakia,1991,1996,44.187,48.186,11.69,47.234,50.507,12.04,10463.325968102185,-0.15083370820869285,28.6,0.20804195804195805,0.049300699300699295,42042.316,5284876.0
Slovakia,1992,1997,44.209,47.547,11.05,48.186,47.234,11.69,9773.93548807158,-0.06207399283764649,26.71,0.270685136652939,0.07263197304380381,40279.746,5306445.0
Slovakia,1993,1998,44.267,47.775,11.49,47.547,48.186,11.05,10408.458745864673,0.06891716401613429,25.47,0.22575579112681587,0.13623871221044367,39422.043,5326363.0
Slovakia,1994,1999,46.674,49.47,12.6,47.775,47.547,11.49,10997.604560537353,0.05994854351182179,25.9,0.18764478764478768,0.16833976833976835,38711.277,5343230.0
Slovakia,1995,2000,53.574,43.284,11.44,49.47,47.775,12.6,11815.080722232484,0.07655536854468628,27.81,0.2319309600862999,0.1754764473211075,39174.078,5354287.0
Slovakia,1996,2001,53.74,44.187,11.25,43.284,49.47,11.44,12564.836602808802,0.06507487949260236,28.98,0.20324361628709453,0.14596273291925468,39385.582,5362430.0
Slovakia,1997,2002,55.78,44.209,11.07,44.187,43.284,11.25,13280.150000158294,0.058378656109732224,29.09,0.21622550704709523,0.13956686146442074,38608.91,5369781.0
Slovakia,1998,2003,57.65,44.267,11.39,44.209,44.187,11.07,13770.828979528731,0.03791770373840532,27.02,0.21687638786084384,0.15803108808290153,38982.078,5374801.0
Slovakia,1999,2004,55.909,46.674,13.12,44.267,44.209,11.39,13702.94366900609,-0.004317955813725636,28.67,0.22253226369026854,0.15591210324380883,39287.695,5378105.0
Slovakia,2000,2005,56.573,53.574,16.49,46.674,44.267,13.12,13865.257634152857,0.01220190599142211,28.08,0.19871794871794873,0.1641737891737892,40566.387,5380001.0
Slovakia,2001,2006,57.632,53.74,17.1,53.574,46.674,16.49,14266.219497609323,0.028810975691635127,28.14,0.2068230277185501,0.18052594171997158,41743.789,5379439.0
Slovakia,2002,2007,55.045,55.78,17.95,53.74,53.574,17.1,14887.330504110969,0.04319693094856703,28.02,0.18379728765167738,0.1934332619557459,42104.883,5377685.0
Slovakia,2003,2008,58.188,57.65,17.86,55.78,53.74,17.95,15676.872112573255,0.05274309142186272,28.72,0.2075208913649025,0.12465181058495822,40899.352,5376197.0
Slovakia,2004,2009,54.3,55.909,17.03,57.65,55.78,17.86,16479.537775216617,0.05116953673533582,28.6,0.19860139860139858,0.1444055944055944,40000.277,5376038.0
Slovakia,2005,2010,53.059,56.573,17.73,55.909,57.65,17.03,17565.560979538182,0.06603197388313613,28.07,0.19736373352333453,0.16672604203776273,42082.98,5376697.0
Slovakia,2006,2011,54.491,57.632,18.01,56.573,55.909,17.73,19021.504527281508,0.08291646447172052,28.92,0.18360995850622405,0.16632088520055321,40949.367,5376847.0
Slovakia,2007,2012,54.735,55.045,15.33,57.632,56.573,18.01,21045.266945484214,0.10642343601757363,29.58,0.16227180527383367,0.16666666666666666,38428.328,5376993.0
Slovakia,2008,2013,55.158,58.188,16.7,55.045,57.632,15.33,22193.233041904383,0.0549659960667167,29.22,0.1598220396988364,0.1563997262149213,39450.379,5379127.0
Slovakia,2009,2014,57.132,54.3,14.08,58.188,55.045,16.7,20939.402547300186,-0.055452962738759375,27.24,0.14170337738619676,0.18061674008810574,35713.121,5385074.0
Slovakia,2010,2015,56.912,53.059,14.57,54.3,58.188,14.08,21948.71344937375,0.049521820853130345,28.5,0.12491228070175439,0.20877192982456141,38113.008,5391857.0
Slovakia,2011,2016,55.112,54.491,15.41,53.059,54.3,14.57,22332.83082822583,0.018679742513667365,29.01,0.12237159600137883,0.1723543605653223,36622.363,5398105.0
Slovakia,2012,2017,54.996,54.735,15.49,54.491,53.059,15.41,22598.97773658864,0.013186758620886639,28.69,0.11885674451028233,0.19065876612059948,35133.703,5404877.0
Slovakia,2013,2018,55.664,55.158,15.72,54.735,54.491,15.49,22718.67484255387,0.006327930877805405,28.59,0.10738020286813571,0.2224554039874082,35965.223,5410422.0
Slovakia,2014,2019,54.165,57.132,15.5,55.158,54.735,15.72,23310.692368276334,0.026971958854360645,28.23,0.10166489550123982,0.22104144527098832,33446.344,5415238.0
Slovakia,2015,2020,54.156,56.912,15.15,57.132,55.158,15.5,24492.392051108818,0.05167134913558748,29.01,0.09755256807997242,0.20854877628403998,33760.246,5420278.0
Slovakia,2016,2021,52.963,55.112,14.77,56.912,57.132,15.15,24936.40899702281,0.01944062377259763,29.45,0.09507640067911714,0.22512733446519526,34039.949,5427262.0
Slovakia,2017,2022,59.985,54.996,15.08,55.112,56.912,14.77,25629.19376963638,0.029380374625670308,30.45,0.09819376026272579,0.2147783251231527,35799.367,5435702.0
Slovakia,2018,2023,62.072,55.664,14.84,54.996,55.112,15.08,26625.283172543357,0.04030397289644076,30.34,0.0992089650626236,0.1914963744232037,35143.781,5443229.0
Slovakia,2019,2024,61.755,54.165,15.28,55.664,54.996,14.84,27259.096545590077,0.025196417442505788,29.91,0.078234704112337,0.22233366766967572,33913.332,5450627.0
Slovakia,2020,2025,66.426,54.156,15.44,54.165,55.664,15.28,26317.938500224012,-0.03374683198244567,28.83,0.06451612903225808,0.23759972251127298,33203.387,5455028.0
Slovenia,1992,1997,38.088,32.172,3.97,38.854,37.138,4.95,15488.647900506146,-0.05739175328252214,10.53,0.4406457739791073,0.3247863247863248,32439.707,1995862.0
Slovenia,1993,1998,36.735,33.138,3.96,32.172,38.854,3.97,15944.791473843627,0.026846983186010878,10.53,0.4453941120607788,0.28869895536562207,33455.078,1990815.0
Slovenia,1994,1999,35.445,35.764,4.61,33.138,32.172,3.96,16771.80477220809,0.0505183975266554,10.96,0.42062043795620435,0.31021897810218974,35644.629,1988262.0
Slovenia,1995,2000,34.974,37.054,4.78,35.764,33.138,4.61,17948.824617800532,0.07009021205102972,11.25,0.40888888888888886,0.28888888888888886,37397.617,1988098.0
Slovenia,1996,2001,36.326,35.632,4.65,37.054,35.764,4.78,18535.406409427862,0.03200241373013433,11.39,0.3915715539947322,0.3222124670763828,39269.395,1986792.0
Slovenia,1997,2002,37.877,38.088,5.02,35.632,37.054,4.65,19414.67373075241,0.046178221083967505,11.48,0.41027874564459926,0.26916376306620204,40198.957,1984404.0
Slovenia,1998,2003,37.672,36.735,5.04,38.088,35.632,5.02,20015.16226236332,0.028678559795936663,11.8,0.42203389830508475,0.2923728813559322,40394.176,1980071.0
Slovenia,1999,2004,35.756,35.445,4.7,36.735,38.088,5.04,20968.2719622168,0.04821565921914286,11.92,0.37583892617449666,0.3162751677852349,39923.93,1981198.0
Slovenia,2000,2005,38.915,34.974,4.76,35.445,36.735,4.7,21682.312686070232,0.03698613281893041,12.29,0.3751017087062653,0.3173311635475997,39492.625,1986817.0
Slovenia,2001,2006,36.731,36.326,5.26,34.974,35.445,4.76,22188.63317541881,0.02482848358697178,12.71,0.3870967741935484,0.30448465774980327,41328.18,1989684.0
Slovenia,2002,2007,37.899,37.877,5.53,36.326,34.974,5.26,22926.586217614135,0.03423809040751279,13.47,0.3934669636228656,0.25315515961395696,41073.066,1991571.0
Slovenia,2003,2008,38.208,37.672,5.21,37.877,36.326,5.53,23467.18782543931,0.024056632885030824,13.99,0.3652609006433167,0.22015725518227305,40269.707,1992499.0
Slovenia,2004,2009,35.021,35.756,5.46,37.672,37.877,5.21,24367.697421381377,0.03891981327691584,14.51,0.357684355616816,0.290144727773949,42709.363,1993548.0
Slovenia,2005,2010,34.809,38.915,5.88,35.756,37.672,5.46,25193.42723000228,0.035632427469272844,14.79,0.3563218390804598,0.2413793103448276,42720.215,1996915.0
Slovenia,2006,2011,39.07,36.731,5.55,38.915,35.756,5.88,26431.18099151522,0.052387879945734954,15.15,0.3584158415841584,0.24422442244224424,42848.508,2003116.0
Slovenia,2007,2012,35.563,37.899,5.7,36.731,38.915,5.55,28096.15871289208,0.06885312242202116,15.27,0.3588736083824493,0.22134905042567124,42389.488,2014159.0
Slovenia,2008,2013,33.544,38.208,6.27,37.899,36.731,5.7,28631.774834698706,0.02459421704730522,14.81,0.35989196488858877,0.29101958136394324,46247.805,2025090.0
Slovenia,2009,2014,37.143,35.021,5.74,38.208,37.899,6.27,26167.160706618655,-0.08133202247875165,13.33,0.38484621155288823,0.36759189797449365,42449.91,2035610.0
Slovenia,2010,2015,38.176,34.809,5.66,35.021,38.208,5.74,26239.600149368267,0.007202345395608886,14.14,0.3741159830268741,0.3359264497878359,42338.941,2044611.0
Slovenia,2011,2016,35.243,39.07,6.22,34.809,35.021,5.66,26240.39278603869,0.0020815155476377476,14.55,0.3649484536082474,0.26666666666666666,41018.535,2048805.0
Slovenia,2012,2017,39.19,35.563,5.53,39.07,34.809,6.22,25491.58516345707,-0.026394663189333933,14.51,0.35423845623707784,0.2984148862853205,39769.223,2053322.0
Slovenia,2013,2018,35.856,33.544,5.3,35.563,39.07,5.53,25190.78845506727,-0.010293471356180384,14.51,0.3356305995864921,0.35217091660923505,39280.562,2056452.0
Slovenia,2014,2019,36.627,37.143,6.37,33.544,35.563,5.3,25863.67109616959,0.02768152515778556,14.41,0.26092990978487157,0.4580152671755725,40255.164,2058395.0
Slovenia,2015,2020,37.596,38.176,5.65,37.143,33.544,6.37,26415.37063884199,0.02210063351820747,14.75,0.29694915254237286,0.2949152542372881,36270.613,2059946.0
Slovenia,2016,2021,36.626,35.243,5.72,38.176,37.143,5.65,27239.619334920942,0.03192073016212314,15.05,0.332890365448505,0.33621262458471757,38740.152,2061379.0
Slovenia,2017,2022,41.991,39.19,6.29,35.243,38.176,5.72,28537.02074029897,0.04815317710852354,15.53,0.3103670315518352,0.2858982614294913,39139.125,2062410.0
Slovenia,2018,2023,36.013,35.856,5.78,39.19,35.243,6.29,29706.288941108025,0.044544237062495315,15.62,0.29577464788732394,0.33418693982074266,39812.316,2069484.0
Slovenia,2019,2024,34.949,36.627,5.82,35.856,39.19,5.78,30525.610015272832,0.03450944134483626,15.57,0.28773281952472707,0.3236994219653179,38399.168,2083438.0
Slovenia,2020,2025,39.286,37.596,6.35,36.627,35.856,5.82,28942.800640309433,-0.043212910551276504,14.89,0.2928139691067831,0.3747481531229013,36764.934,2102421.0
South Africa,1980,1985,3.704,,0.0,,,0.0,6934.638833000885,0.06449484797723079,,,,21879.715,29518857.0
South Africa,1981,1986,5.938,,0.0,,,0.0,7053.934617956438,0.052426930375266724,,,,24620.184,30541046.0
South Africa,1982,1987,4.047,,0.0,,,0.0,6787.399682287133,-0.003939014410170738,,,,25579.846,31615339.0
South Africa,1983,1988,6.635,,0.0,,,0.0,6434.818963919457,-0.018241744382845183,,,,25029.643,32739308.0
South Africa,1984,1989,6.794,,3.925,,,0.0,6531.996153282499,0.05086626572407063,,,,26422.186,33892793.0
South Africa,1985,1990,5.052,3.704,5.315,,,3.925,6241.418388659788,-0.01208380679651771,,,,26098.783,35042097.0
South Africa,1986,1991,5.433,5.938,8.803,3.704,,5.315,6050.002301459523,0.0008222425174764686,,,,25751.457,36180519.0
South Africa,1987,1992,5.526,4.047,6.167,5.938,3.704,8.803,5982.584113616519,0.0201691042198568,,,,25356.217,37326192.0
South Africa,1988,1993,4.153,6.635,10.493,4.047,5.938,6.167,6042.176590533938,0.04119789249776458,,,,27086.332,38480647.0
South Africa,1989,1994,5.337,6.794,11.099,6.635,4.047,10.493,5989.456693268852,0.020845678288207124,,,,25126.357,39628574.0
South Africa,1990,1995,6.054,5.052,8.449,6.794,6.635,11.099,5770.552344884344,-0.009374707409056597,,,,25270.26,40746274.0
South Africa,1991,1996,5.885,5.433,9.144,5.052,6.794,8.449,5706.230990222752,0.011705501282670637,,,,24521.457,41687903.0
South Africa,1992,1997,6.012,5.526,9.288,5.433,5.052,9.144,5620.818020257985,0.00288565459428088,,,,24197.768,42443510.0
South Africa,1993,1998,6.623,4.153,7.255,5.526,5.433,9.288,5709.461603608828,0.036200267711493976,,,,23679.57,43297155.0
South Africa,1994,1999,6.323,5.337,9.697,4.153,5.526,7.255,5950.617432064347,0.059256288306134546,,,,24300.189,44004140.0
South Africa,1995,2000,6.176,6.054,11.301,5.337,4.153,9.697,6232.01840773101,0.06007978716119265,,,,25089.297,44541557.0
South Africa,1996,2001,5.103,5.885,11.775,6.054,5.337,11.301,6579.9674235478415,0.06961579905201133,,,,25259.006,45123023.0
South Africa,1997,2002,5.436,6.012,12.647,5.885,6.054,11.775,6831.817410884726,0.05078831144508212,,,,25522.74,45666835.0
South Africa,1998,2003,5.405,6.623,13.601,6.012,5.885,12.647,6926.066923232421,0.02616215024869859,,,,24771.293,46223888.0
South Africa,1999,2004,5.466,6.323,12.837,6.623,6.012,13.601,7161.054395677189,0.045256011765789785,,,,25331.398,46730331.0
South Africa,2000,2005,4.609,6.176,13.01,6.323,6.623,12.837,7550.344703419009,0.06405020894752135,222.99,0.8792770976276962,0.007085519530023768,25135.504,47159715.0
South Africa,2001,2006,3.952,5.103,10.72,6.176,6.323,13.01,7881.316031484562,0.0528458090856544,212.29,0.9290593056667765,0.010080550190776768,25049.746,47566805.0
South Africa,2002,2007,4.296,5.436,11.99,5.103,6.176,10.72,8249.52948444977,0.056679570520791374,222.83,0.9246062020374276,0.011488578737153884,24180.324,48019414.0
South Africa,2003,2008,5.033,5.405,12.66,5.436,5.103,11.99,8530.04283119518,0.04435958868324917,232.17,0.9489167420424689,0.005470129646379808,25937.09,48500351.0
South Africa,2004,2009,5.133,5.466,13.37,5.405,5.436,12.66,8966.1794326231,0.06177222356978963,241.17,0.9531865489074097,0.005639175685201311,28020.674,48991420.0
South Africa,2005,2010,5.212,4.609,11.29,5.466,5.405,13.37,9500.676006794984,0.07039696314556662,242.59,0.9553567748052268,0.007378704810585762,26254.201,49490041.0
South Africa,2006,2011,4.915,3.952,10.03,4.609,5.466,11.29,10111.839621554112,0.07525838388440102,250.85,0.9584213673510066,0.013314729918277856,26522.131,49998271.0
South Africa,2007,2012,5.03,4.296,11.32,3.952,4.609,10.03,10745.923558125278,0.07397862612460278,260.34,0.9509871706230315,0.012790965660290391,26958.873,50528575.0
South Africa,2008,2013,5.513,5.033,13.0,4.296,3.952,11.32,11183.90554357322,0.05282846226383498,254.69,0.9552789665868311,0.006910361616082297,28557.336,51114595.0
South Africa,2009,2014,5.413,5.133,12.81,5.033,4.296,13.0,11111.240837346239,0.005435424759008419,247.8,0.9472962066182405,0.007869249394673122,28093.094,51728518.0
South Africa,2010,2015,4.895,5.212,13.53,5.133,5.033,12.81,11607.845538423882,0.0571249435212905,257.12,0.9468341630367143,0.0061838830118232735,27968.58,52344047.0
South Africa,2011,2016,5.945,4.915,12.9,5.212,5.133,13.53,12178.234272749018,0.062189589140086245,259.41,0.9422921244362206,0.013607802320650706,27289.521,52995212.0
South Africa,2012,2017,5.562,5.03,12.97,4.915,5.212,12.9,12287.494289934453,0.02396219349812507,252.84,0.947951273532669,0.005972156304382218,26478.908,53782570.0
South Africa,2013,2018,4.518,5.513,14.11,5.03,4.915,12.97,12386.490558066309,0.024854667166282565,251.45,0.9285742692384172,0.006641479419367668,26163.137,54678789.0
South Africa,2014,2019,5.236,5.413,13.79,5.513,5.03,14.11,12354.633499511825,0.014138307601235297,252.11,0.9113878862401332,0.017095712189123792,26046.393,55594840.0
South Africa,2015,2020,4.112,4.895,12.24,5.413,5.513,13.79,12268.861326681044,0.013218713383365442,248.5,0.9146881287726358,0.0262374245472837,24952.885,56723536.0
South Africa,2016,2021,5.031,5.945,15.03,4.895,5.413,12.24,12234.78011528208,0.006645474919124597,246.82,0.9301515274288956,0.033101045296167246,25848.275,57259550.0
South Africa,2017,2022,4.223,5.562,14.19,5.945,4.895,15.03,12295.796429967279,0.011579578255585664,248.51,0.9202848979920325,0.04881091304172871,25594.477,57635158.0
South Africa,2018,2023,3.477,4.518,11.58,5.562,5.945,14.19,12274.722713771302,0.015223111084737955,251.6,0.9181637519872814,0.04960254372019078,24053.697,58613001.0
South Africa,2019,2024,3.151,5.236,13.25,4.518,5.562,11.58,12110.54394851772,0.003034650843150631,247.9,0.908672851956434,0.05324727712787414,24698.113,59587880.0
South Africa,2020,2025,4.206,4.112,9.9,5.236,4.518,13.25,11159.928365143018,-0.06342467170441934,236.92,0.9035961505993585,0.06445213574202263,23110.006,60562374.0
South Korea,1980,1985,26.721,,3.477,,,3.152,6061.319885821883,-0.01700079584930115,,,,11904.004,38141109.0
South Korea,1981,1986,40.63,,2.897,,,3.477,6404.442619168682,0.07179191771481473,,,,12286.094,38689192.0
South Korea,1982,1987,48.989,,3.777,,,2.897,6816.2477362183645,0.08264749195750368,,,,12083.224,39356159.0
South Korea,1983,1988,43.069,,8.965,,,3.777,7594.428554275405,0.13241934369388983,,,,12925.817,40000945.0
South Korea,1984,1989,45.709,,11.792,,,8.965,8264.18727364509,0.10444137448653987,,,,13909.748,40598302.0
South Korea,1985,1990,44.645,26.721,16.745,,,11.792,8785.517164931232,0.07750211857180081,,,,15168.538,41148956.0
South Korea,1986,1991,42.784,40.63,28.311,26.721,,16.745,9638.221867594115,0.11224262514519118,,,,16790.389,41718508.0
South Korea,1987,1992,38.603,48.989,39.314,40.63,26.721,28.311,10685.246211151378,0.12467223339001296,,,,18347.094,42322092.0
South Korea,1988,1993,35.91,43.069,40.101,48.989,40.63,39.314,11789.743895437829,0.1190321820458398,,,,20192.061,42922980.0
South Korea,1989,1994,31.986,45.709,47.365,43.069,48.989,40.101,12444.123696107263,0.07030244420559284,,,,21647.945,43524765.0
South Korea,1990,1995,32.93,44.645,52.887,45.709,43.069,47.365,13492.406518164964,0.09810606119204977,,,,24471.578,44081425.0
South Korea,1991,1996,32.732,42.784,56.311,44.645,45.709,52.887,14668.857725686268,0.0960161602599063,,,,27564.314,44439146.0
South Korea,1992,1997,31.261,38.603,56.53,42.784,44.645,56.311,15393.31963170621,0.05445421493139534,,,,30831.4,44653699.0
South Korea,1993,1998,37.812,35.91,58.138,38.603,42.784,56.53,16248.747573417684,0.06110343486085842,,,,33638.797,44887721.0
South Korea,1994,1999,39.314,31.986,58.651,35.91,38.603,58.138,17528.453217513645,0.08459995425594771,,,,36159.184,45130842.0
South Korea,1995,2000,37.514,32.93,67.029,31.986,35.91,58.651,18973.41051746892,0.0881332370640403,,,,39243.332,45368425.0
South Korea,1996,2001,36.185,32.732,73.924,32.93,31.986,67.029,20154.2243477964,0.06856330764371121,,,,43066.879,45638701.0
South Korea,1997,2002,35.872,31.261,77.086,32.732,32.93,73.924,21061.65552631332,0.05195872617116564,,,,46735.441,45941541.0
South Korea,1998,2003,37.286,37.812,89.689,31.261,32.732,77.086,19648.511836210793,-0.061220048702020496,,,,42494.496,46230885.0
South Korea,1999,2004,35.517,39.314,103.064,37.812,31.261,89.689,21594.715121544592,0.10545770172726115,,,,46019.258,46500382.0
South Korea,2000,2005,37.687,37.514,108.96,39.314,37.812,103.064,23227.266824528415,0.08175886650642358,290.45,0.3955241866069892,0.014184885522465142,48342.094,46766660.0
South Korea,2001,2006,36.912,36.185,112.13,37.514,39.314,108.96,23969.666274277788,0.03807048930458185,309.88,0.4109978056021686,0.007874015748031496,49219.945,47043467.0
South Korea,2002,2007,33.601,35.872,119.1,36.185,37.514,112.13,25435.285843258218,0.06691140283038025,332.01,0.4141140327098582,0.010331014126080541,51178.883,47299118.0
South Korea,2003,2008,34.107,37.286,129.67,35.872,36.185,119.1,25883.452547364934,0.022246372526780227,347.77,0.40006326020070737,0.014693619346119563,52558.207,47514158.0
South Korea,2004,2009,32.66,35.517,130.71,37.286,35.872,129.67,26862.104656562176,0.04180526936788851,368.02,0.3896799087006141,0.012662355306776807,53768.141,47697076.0
South Korea,2005,2010,30.018,37.687,146.78,35.517,37.286,130.71,27634.464259432163,0.032086596086969496,389.47,0.38606311140781063,0.01045009885228644,55225.629,47851646.0
South Korea,2006,2011,29.86,36.912,148.75,37.687,35.517,146.78,28772.790189782147,0.04456207810152444,402.99,0.38211866299411895,0.00987617558748356,55951.609,48006518.0
South Korea,2007,2012,28.3,33.601,142.94,36.912,37.687,148.75,30028.599061893696,0.047376324341489424,425.41,0.4017065889377306,0.01048400366705061,57405.418,48178122.0
South Korea,2008,2013,25.836,34.107,150.96,33.601,36.912,142.94,30552.782575760004,0.021222925799485204,442.61,0.43141817853189035,0.010031404622579699,58236.988,48356485.0
South Korea,2009,2014,28.944,32.66,147.77,34.107,33.601,150.96,30437.51431354022,0.00014579379113993508,452.45,0.46270306111172504,0.010188971157033927,58354.625,48546690.0
South Korea,2010,2015,30.077,30.018,148.6,32.66,34.107,147.77,32045.1984262691,0.05764747855435298,495.03,0.4412055834999899,0.01149425287356322,62667.0,48769329.0
South Korea,2011,2016,28.876,29.86,154.72,30.018,32.66,148.6,32755.89515392964,0.029687946284855,518.16,0.4343832020997376,0.014281303072410068,65306.441,49127640.0
South Korea,2012,2017,25.751,28.3,150.33,29.86,30.018,154.72,33223.85632158579,0.02402996404235823,531.21,0.4206057867886523,0.015379981551552116,65380.469,49599580.0
South Korea,2013,2018,22.518,25.836,138.78,28.3,29.86,150.33,33952.57552272398,0.03165005858211635,537.16,0.4165425571524313,0.019044604959416192,64755.305,50071168.0
South Korea,2014,2019,24.865,28.944,156.41,25.836,28.3,138.78,34715.342229885384,0.03202001926404607,540.38,0.418353751064066,0.023853584514600838,64689.973,50539055.0
South Korea,2015,2020,27.756,30.077,164.76,28.944,25.836,156.41,35379.08124867397,0.028089948021353155,547.8,0.4247535596933188,0.02774735304855787,65128.559,50983909.0
South Korea,2016,2021,25.999,28.876,161.99,30.077,28.944,164.76,36198.813421466744,0.02947000802856178,560.98,0.41518414203714926,0.03231844272523084,67038.734,51297836.0
South Korea,2017,2022,28.277,25.751,148.43,28.876,30.077,161.99,37206.02859762529,0.03160003672987443,576.41,0.452438368522406,0.038739785916274874,67581.461,51486268.0
South Korea,2018,2023,29.23,22.518,133.51,25.751,28.876,148.43,38172.96259092649,0.029069935285864996,592.91,0.4345853502217875,0.0468873859439038,68987.422,51640894.0
South Korea,2019,2024,30.182,24.865,145.91,22.518,25.751,133.51,38933.85313834975,0.022440032888354222,586.8,0.4175869120654397,0.05625426039536469,67917.344,51767844.0
South Korea,2020,2025,29.563,27.756,160.18,24.865,22.518,145.91,38590.24798782672,-0.007089972774642216,577.11,0.360364575210965,0.07000398537540503,65364.605,51858481.0
Spain,1980,1985,22.158,,5.186,,,6.7,13987.57693771252,0.03190526747603858,,,,23630.098,37537560.0
Spain,1981,1986,29.142,,9.568,,,5.186,13872.564951232796,-0.0009527697981847907,,,,23648.594,37812708.0
Spain,1982,1987,31.109,,8.771,,,9.568,14022.555294192352,0.017077715802502412,,,,23491.936,38047097.0
Spain,1983,1988,36.37,,10.661,,,8.771,14215.226093826754,0.019232795642408748,,,,23918.848,38253247.0
Spain,1984,1989,38.167,,23.086,,,10.661,14285.537872498051,0.009786270796766914,,,,24184.328,38437483.0
Spain,1985,1990,35.902,22.158,28.044,,,23.086,14671.660701299943,0.03140643497152698,,,,23892.525,38601315.0
Spain,1986,1991,35.925,29.142,37.458,22.158,,28.044,15231.9025783085,0.04179976379165775,,,,24310.701,38735706.0
Spain,1987,1992,35.608,31.109,41.271,29.142,22.158,37.458,16285.104275153662,0.07235448582239147,,,,25130.277,38852007.0
Spain,1988,1993,36.14,36.37,50.466,31.109,29.142,41.271,17320.57889006075,0.06632855438507707,,,,26180.391,38952258.0
Spain,1989,1994,34.528,38.167,56.126,36.37,31.109,50.466,18447.36379324008,0.0671682437630148,,,,27373.811,39029557.0
Spain,1990,1995,33.598,35.902,54.27,38.167,36.37,56.126,19345.670210662793,0.05018469366319374,150.74,0.3963115297863872,0.17268143823802573,27344.383,39084975.0
Spain,1991,1996,32.521,35.925,55.58,35.902,38.167,54.27,20069.45851154604,0.040512953787502914,154.03,0.38174381613971303,0.18054924365383365,28226.254,39201750.0
Spain,1992,1997,29.239,35.608,55.78,35.925,35.902,55.58,20376.811896999174,0.02097600735700265,157.29,0.40829041897132684,0.12461059190031154,29404.311,39420344.0
Spain,1993,1998,30.503,36.14,56.06,35.608,35.925,55.78,20029.98058710176,-0.011253647671124077,156.39,0.3991303791802545,0.1606880235309163,28283.867,39651627.0
Spain,1994,1999,28.619,34.528,55.31,36.14,35.608,56.06,20576.131919411062,0.03263193993428925,162.05,0.37994446158593026,0.17932736809626657,29471.383,39858721.0
Spain,1995,2000,28.16,33.598,55.46,34.528,36.14,55.31,21347.362926694666,0.042531760876143604,169.56,0.3887119603680113,0.14378391129983487,30445.111,40052733.0
Spain,1996,2001,27.335,32.521,56.33,33.598,34.528,55.46,21995.161320488725,0.03509545822879326,174.27,0.30951971079359614,0.23670166982268892,31477.406,40237375.0
Spain,1997,2002,26.268,29.239,55.3,32.521,33.598,56.33,22904.84402059152,0.046183653940799554,186.06,0.33682683005482106,0.1986993442975384,32594.49,40423823.0
Spain,1998,2003,24.05,30.503,58.99,29.239,32.521,55.3,24048.92822973858,0.05497825673331611,196.79,0.3129224045937294,0.18745871233294376,33915.09,40617436.0
Spain,1999,2004,22.996,28.619,58.85,30.503,29.239,58.99,25277.60590657037,0.056147763649725714,211.35,0.34828483558079015,0.12874378992193045,35324.004,40812855.0
Spain,2000,2005,19.878,28.16,62.21,28.619,30.503,58.85,26694.412204412056,0.06140392578380129,225.36,0.35094959176428825,0.15304401845935392,37185.68,41019772.0
Spain,2001,2006,20.342,27.335,63.71,28.16,28.619,62.21,27832.279746989752,0.04836574763678454,236.52,0.29709961102655164,0.20843903263994587,38478.723,41245602.0
Spain,2002,2007,18.253,26.268,63.02,27.335,28.16,63.71,28530.79697640344,0.03777517025561074,245.24,0.3310226716685696,0.1352552601533192,38668.391,41755703.0
Spain,2003,2008,19.035,24.05,61.88,26.268,27.335,63.02,29163.793700263537,0.04056704932334705,258.56,0.28902382425742573,0.21561726485148514,39871.066,42506540.0
Spain,2004,2009,18.148,22.996,63.61,24.05,26.268,61.88,29833.34758402317,0.040478903591986616,273.58,0.28912932231888294,0.18323707873382558,40348.723,43234562.0
Spain,2005,2010,20.816,19.878,57.54,22.996,24.05,63.61,30684.12205765101,0.04574861586877971,288.12,0.2743995557406636,0.14670970428987923,40272.402,43958883.0
Spain,2006,2011,19.798,20.342,60.13,19.878,22.996,57.54,31675.22934068048,0.0495972719976895,292.31,0.22831925011118331,0.1784064862645821,39893.699,44695446.0
Spain,2007,2012,20.912,18.253,55.1,20.342,19.878,60.13,32540.79676686923,0.04619829575089857,296.11,0.24585458106784638,0.1968862922562561,40170.227,45516501.0
Spain,2008,2013,20.156,19.035,58.97,18.253,20.342,55.1,32672.509860775554,0.019898198668618576,298.75,0.1630460251046025,0.20803347280334727,38382.004,46235055.0
Spain,2009,2014,20.883,18.148,52.76,19.035,18.253,58.97,31494.8018035611,-0.02770359634509648,282.62,0.1270610714032977,0.26211874601939,35426.023,46635182.0
Spain,2010,2015,20.637,20.816,61.99,18.148,19.035,52.76,31604.645367278452,0.00790500249055462,289.47,0.0875047500604553,0.33775520779355367,36130.031,46840469.0
Spain,2011,2016,21.659,19.798,57.72,20.816,18.148,61.99,31430.833039782083,-0.002154089405945229,285.45,0.15407251707829742,0.306638640742687,35349.469,46998040.0
Spain,2012,2017,21.308,20.912,61.47,19.798,20.816,57.72,30487.660000527878,-0.02958927122304005,282.75,0.19476569407603891,0.3075862068965517,35039.766,47018323.0
Spain,2013,2018,20.549,20.156,56.73,20.912,19.798,61.47,30161.121855334804,-0.01403340877123426,274.71,0.14538968366641186,0.40555494885515636,33685.816,46860394.0
Spain,2014,2019,21.57,20.883,57.31,20.156,20.912,56.73,30673.880003883547,0.013957751393870428,271.03,0.16164262258790543,0.40681843338375834,33266.539,46720187.0
Spain,2015,2020,22.469,20.637,57.2,20.883,20.156,57.31,31876.209577252077,0.03838522074961966,277.04,0.185424487438637,0.3504187120993358,33697.949,46683683.0
Spain,2016,2021,20.89,21.659,58.63,20.637,20.883,57.2,32810.03877292267,0.030377730955611148,278.37,0.13086898731903582,0.37586665229730215,33871.598,46732768.0
Spain,2017,2022,20.404,21.308,58.04,21.659,20.637,58.63,33688.47575946059,0.029757676810774982,281.55,0.16029124489433494,0.3123068726691529,34181.582,46868594.0
Spain,2018,2023,20.375,20.549,55.77,21.308,21.659,58.04,34294.008658454215,0.022844551054533643,282.5,0.13217699115044249,0.36768141592920356,34584.289,47092817.0
Spain,2019,2024,19.41,21.57,58.35,20.549,21.308,55.77,34722.008361188746,0.019839730516562876,277.38,0.046362390943831565,0.36408537025019827,33390.262,47435121.0
Spain,2020,2025,18.781,22.469,58.3,21.57,20.549,58.35,30631.791174304286,-0.11325434105615903,262.75,0.021008563273073263,0.4330732635585157,29844.283,47679482.0
Sweden,1980,1985,42.702,,26.488,,,21.039,23807.653478082466,0.01661751842872661,,,,77135.094,8310470.0
Sweden,1981,1986,50.451,,37.679,,,26.488,23775.685478927848,-0.00014227749833601032,,,,76448.516,8320460.0
Sweden,1982,1987,45.974,,39.045,,,37.679,24001.483932057195,0.010069574750647847,,,,72658.68,8325179.0
Sweden,1983,1988,47.476,,41.004,,,39.045,24412.249134491107,0.01757059784557493,,,,72201.234,8328915.0
Sweden,1984,1989,45.847,,50.926,,,41.004,25358.575595796883,0.03970815110601737,,,,76371.258,8336482.0
Sweden,1985,1990,46.705,42.702,58.561,,,50.926,25804.230508575252,0.019254568570339362,,,,82826.969,8350249.0
Sweden,1986,1991,52.228,50.451,69.951,42.702,,58.561,26310.002734871257,0.021973089279685155,,,,85655.281,8369681.0
Sweden,1987,1992,43.541,45.974,67.385,50.451,42.702,69.951,27017.12276444925,0.03030811148798493,,,,83579.477,8397651.0
Sweden,1988,1993,42.269,47.476,69.424,45.974,50.451,67.385,27466.834385169524,0.021331418150732195,,,,81306.312,8436358.0
Sweden,1989,1994,51.268,45.847,65.603,47.476,45.974,69.424,27933.58873335491,0.023799930336627584,,,,78987.438,8492821.0
Sweden,1990,1995,47.161,46.705,68.18,45.847,47.476,65.603,28069.406913841107,0.012641656551062672,144.21,0.00748907842729353,0.516261008251855,75270.344,8558571.0
Sweden,1991,1996,52.82,52.228,76.76,46.705,45.847,68.18,27614.179363940046,-0.009506859748901834,145.68,0.013454146073585941,0.446938495332235,74519.977,8616955.0
Sweden,1992,1997,46.867,43.541,63.54,52.228,46.705,76.76,27199.859792980184,-0.009217430959806948,143.77,0.012519997217778396,0.5311956597342978,75337.344,8667576.0
Sweden,1993,1998,46.338,42.269,61.4,43.541,52.228,63.54,26560.841545196294,-0.017808288528468542,144.67,0.014377548904403126,0.5313472039814752,74231.828,8718038.0
Sweden,1994,1999,47.268,51.268,73.16,42.269,43.541,61.4,27507.86543081642,0.04303820530449929,142.96,0.018256855064353664,0.4294907666480134,74005.148,8780190.0
Sweden,1995,2000,39.468,47.161,69.93,51.268,42.269,73.16,28521.711654535116,0.04230150834303447,146.6,0.01548431105047749,0.48124147339699863,75529.906,8826298.0
Sweden,1996,2001,44.623,52.82,74.27,47.161,51.268,69.93,29014.631164899954,0.018899525312072184,146.75,0.02514480408858603,0.3679727427597956,73551.977,8840330.0
Sweden,1997,2002,46.428,46.867,69.93,52.82,47.161,74.27,29864.945488142308,0.0299112673952644,146.5,0.013720136518771329,0.49167235494880546,76127.047,8845525.0
Sweden,1998,2003,49.797,46.338,73.58,46.867,52.82,69.93,31188.90340966483,0.044931382449671445,148.09,0.01377540684718752,0.5273819974339928,79713.688,8850606.0
Sweden,1999,2004,51.128,47.268,73.19,46.338,46.867,73.58,32706.355763031246,0.04949305536917309,147.36,0.01520086862106406,0.5072611292073832,77901.969,8857691.0
Sweden,2000,2005,45.706,39.468,57.32,47.268,46.338,73.19,34202.995584246746,0.04746095019859135,149.91,0.01093989727169635,0.5545994263224602,73464.344,8872099.0
Sweden,2001,2006,46.748,44.623,72.11,39.468,47.268,57.32,34666.98208389417,0.016298221099381775,154.31,0.012183267448642343,0.5399520445855744,78209.859,8896018.0
Sweden,2002,2007,45.001,46.428,68.11,44.623,39.468,72.11,35569.99107701978,0.029396012774530515,152.06,0.015585952913323688,0.46790740497172173,72769.648,8925045.0
Sweden,2003,2008,42.622,49.797,67.42,46.428,44.623,68.11,36435.20810690797,0.028156397378843342,148.22,0.01922817433544731,0.39623532586695454,68007.117,8958434.0
Sweden,2004,2009,38.192,51.128,77.49,49.797,46.428,67.42,38015.19433087553,0.0474838340948774,149.46,0.0067576609126187605,0.45617556536866055,73894.945,8993805.0
Sweden,2005,2010,38.956,45.706,72.38,51.128,49.797,77.49,39258.684347919785,0.03684012493011793,150.97,0.004305491157183546,0.5379876796714579,74532.344,9029771.0
Sweden,2006,2011,40.238,46.748,66.98,45.706,51.128,72.38,40992.17261856779,0.050036374269506335,149.32,0.005893383337798018,0.47589070452718996,69394.227,9080628.0
Sweden,2007,2012,38.476,45.001,66.97,46.748,45.706,66.98,42399.42861532441,0.04203577902246856,150.14,0.004329292660183829,0.5157186625815906,70079.531,9148280.0
Sweden,2008,2013,43.429,42.622,63.89,45.001,46.748,66.97,42189.22003365979,0.002832490248492233,147.94,0.0034473435176422874,0.5502906583750169,69259.43,9219903.0
Sweden,2009,2014,42.251,38.192,52.17,42.622,45.001,63.89,40115.8039337166,-0.041015334306355185,141.29,0.003609597282185576,0.5648665864533938,62353.945,9298738.0
Sweden,2010,2015,34.784,38.956,57.83,38.192,42.622,52.17,42634.78224855554,0.07187860588252087,150.53,0.006776057928652096,0.5453397993755398,66295.578,9378234.0
Sweden,2011,2016,40.477,40.238,60.47,38.956,38.192,57.83,42079.25522117439,-0.005554773882446022,143.05,0.004613771408598392,0.5878364208318769,64768.621,9449263.0
Sweden,2012,2017,40.005,38.476,64.04,40.238,38.956,60.47,41523.15966160746,-0.005882999161278288,146.87,0.0032681963641315445,0.669367467828692,67781.508,9519477.0
Sweden,2013,2018,41.963,43.429,66.46,38.476,40.238,64.04,41661.24157064856,0.01187765728171128,143.03,0.004544501153604139,0.5781304621408097,62865.043,9600620.0
Sweden,2014,2019,39.265,42.251,64.88,43.429,38.476,66.46,42345.88268124851,0.026577936555341932,137.94,0.0026823256488328257,0.6216470929389589,61958.484,9696438.0
Sweden,2015,2020,30.04,34.784,56.35,42.251,43.429,64.88,43781.638545115085,0.044892856660874246,139.4,0.0027977044476327115,0.7352941176470588,63479.047,9799483.0
Sweden,2016,2021,30.836,40.477,63.1,34.784,42.251,56.35,44130.67189360051,0.020705968326585063,144.16,0.0018035516093229745,0.6182713651498335,61411.199,9923281.0
Sweden,2017,2022,30.014,40.005,65.7,40.477,34.784,63.1,44658.24269864854,0.02567922555822839,145.24,0.0022032497934453316,0.6545028917653539,62771.066,10057864.0
Sweden,2018,2023,29.19,41.963,68.55,40.005,40.477,65.7,45003.18293885253,0.01950024215724762,146.14,0.0023265361981661425,0.6237169837142467,59869.379,10175400.0
Sweden,2019,2024,29.434,39.265,66.13,41.963,40.005,68.55,45433.91510031987,0.019861920642048485,142.26,0.0014761703922395613,0.695487136229439,60882.551,10279120.0
Sweden,2020,2025,27.591,30.04,49.2,39.265,41.963,66.13,44127.810224806984,-0.021702146635466272,138.78,0.0,0.808041504539559,57977.379,10353682.0
Switzerland,1980,1985,39.762,,14.346,,,11.805,27689.252188027305,0.03427164013492235,,,,48612.961,6319848.0
Switzerland,1981,1986,39.059,,15.33,,,14.346,28038.92721747419,0.018190607402648017,,,,48302.277,6354561.0
Switzerland,1982,1987,38.242,,15.133,,,15.33,27991.23317716983,0.004150023827582723,,,,47051.188,6391805.0
Switzerland,1983,1988,37.389,,15.71,,,15.133,28366.089497327517,0.017752554168777985,,,,48720.996,6419309.0
Switzerland,1984,1989,41.524,,18.44,,,15.71,28698.62087827569,0.015365128000825927,,,,47036.082,6442419.0
Switzerland,1985,1990,41.902,39.762,22.401,,,18.44,29838.66758250207,0.04433078492794129,,,,50035.336,6470959.0
Switzerland,1986,1991,39.258,39.059,22.424,39.762,,22.401,31314.852607818168,0.054952179715772285,,,,52248.512,6504748.0
Switzerland,1987,1992,39.123,38.242,22.843,39.059,39.762,22.424,32280.035691441084,0.0373229006316405,,,,51615.18,6545771.0
Switzerland,1988,1993,37.671,37.389,22.634,38.242,39.059,22.843,33024.607240969075,0.030626583007214242,,,,51627.258,6594145.0
Switzerland,1989,1994,36.583,41.524,22.677,37.389,38.242,22.634,33896.2510646024,0.03474326818087832,,,,47859.973,6647787.0
Switzerland,1990,1995,39.327,41.902,23.472,41.524,37.389,22.677,34879.871872266565,0.03913897212235174,,,,49399.234,6713168.0
Switzerland,1991,1996,43.552,39.258,22.794,41.902,41.524,23.472,34751.207051494624,0.00874422481439814,,,,50106.68,6796942.0
Switzerland,1992,1997,40.114,39.123,23.285,39.258,41.902,22.794,34902.81295115133,0.015904232360399548,,,,50334.934,6875049.0
Switzerland,1993,1998,40.53,37.671,23.188,39.123,39.258,23.285,35085.89151952997,0.014465353288967826,,,,49793.703,6938106.0
Switzerland,1994,1999,36.086,36.583,24.194,37.671,39.123,23.188,35854.550368379976,0.030080700232052737,,,,51901.148,6993594.0
Switzerland,1995,2000,40.003,39.327,24.722,36.583,37.671,24.194,36523.43719285657,0.025484913349245554,,,,48859.637,7040481.0
Switzerland,1996,2001,37.734,43.552,24.967,39.327,36.583,24.722,37252.954087771504,0.02452352294539851,,,,46987.613,7071885.0
Switzerland,1997,2002,41.63,40.114,25.233,43.552,39.327,24.967,38737.59133556143,0.04239314312151934,,,,50121.055,7089161.0
Switzerland,1998,2003,42.072,40.53,25.651,40.114,43.552,25.233,40502.59584990438,0.04867994868556832,,,,50254.688,7110294.0
Switzerland,1999,2004,42.211,36.086,24.761,40.53,40.114,25.651,41744.35877425894,0.03556188500223976,,,,52270.391,7144119.0
Switzerland,2000,2005,40.381,40.003,26.45,36.086,40.53,24.761,43923.33450890819,0.058072272388801596,59.05,0.0,0.6381033022861982,50714.938,7184003.0
Switzerland,2001,2006,44.777,37.734,26.81,40.003,36.086,26.45,45046.02186374914,0.031611302674363566,60.61,0.0,0.6962547434416764,53847.977,7226391.0
Switzerland,2002,2007,42.029,41.63,27.23,37.734,40.003,26.81,45585.0884239094,0.01929841069830666,60.9,0.0,0.5927750410509032,49767.43,7278744.0
Switzerland,2003,2008,41.319,42.072,27.49,41.63,37.734,27.23,46089.06150842216,0.018654745390196743,62.23,0.0,0.5739996786116022,48866.387,7333451.0
Switzerland,2004,2009,41.533,42.211,26.96,42.072,41.63,27.49,47925.96285445294,0.04705092107691739,63.17,0.0,0.5502611999366788,48367.953,7384196.0
Switzerland,2005,2010,39.879,40.381,23.34,42.211,42.072,26.96,49938.67715449128,0.048717191986239645,64.15,0.0,0.5033515198752923,45854.402,7431824.0
Switzerland,2006,2011,42.478,44.777,27.82,40.381,42.211,23.34,52560.59002978399,0.059114936137262084,64.83,0.0,0.4956038870893106,46813.234,7478514.0
Switzerland,2007,2012,37.34,42.029,27.92,44.777,40.381,27.82,55243.405921844154,0.06044064541901725,64.37,0.0,0.5667236290197296,47034.438,7545386.0
Switzerland,2008,2013,37.837,41.319,27.7,42.029,44.777,27.92,56759.29624482938,0.04055917475904548,65.91,0.0,0.5663783947807617,47442.336,7641730.0
Switzerland,2009,2014,39.326,41.533,27.69,41.319,42.029,27.7,55797.011004900196,-0.0046152374399980305,64.51,0.0,0.5740195318555262,45880.383,7737644.0
Switzerland,2010,2015,34.948,39.879,26.34,41.533,41.319,27.69,57648.11243906335,0.044940068121373536,66.57,0.0,0.5628661559260929,45935.188,7825750.0
Switzerland,2011,2016,34.615,42.478,26.71,39.879,41.533,26.34,59019.61413485505,0.03538566482546363,65.47,0.0,0.5196273102184207,42318.344,7914379.0
Switzerland,2012,2017,33.882,37.34,25.44,42.478,39.879,26.71,59084.416403475116,0.011792542413579883,65.93,0.0,0.614742909146064,44264.0,7998927.0
Switzerland,2013,2018,38.482,37.837,25.99,37.34,42.478,25.44,59457.42156545649,0.01792146084548604,66.29,0.0,0.6135163674762407,44387.238,8091199.0
Switzerland,2014,2019,37.438,39.326,27.56,37.837,37.34,25.99,60118.72217730425,0.023498731966335933,64.59,0.0,0.6296640346802911,42054.887,8190238.0
Switzerland,2015,2020,35.066,34.948,23.09,39.326,37.837,27.56,60416.25768716336,0.016446446982198097,65.04,0.0,0.6322263222632225,40599.23,8283940.0
Switzerland,2016,2021,30.686,34.615,21.15,34.948,39.326,23.09,60996.300198462,0.020686835728838584,65.02,0.0,0.5815133804983083,37761.055,8374903.0
Switzerland,2017,2022,39.128,33.882,20.38,34.615,34.948,21.15,61251.76921405361,0.013627989560261433,65.7,0.0,0.5747336377473363,37498.082,8453630.0
Switzerland,2018,2023,34.794,38.482,25.51,33.882,34.615,20.38,62539.902666297654,0.028604382639565825,64.7,0.0,0.6009273570324575,37746.012,8516341.0
Switzerland,2019,2024,30.649,37.438,26.42,38.482,33.882,25.51,62802.90590222704,0.011419885561964065,64.31,0.0,0.6569740320323433,39166.934,8577525.0
Switzerland,2020,2025,29.868,35.066,24.02,37.438,38.482,26.42,60863.549406972816,-0.02375563487421306,62.94,0.0,0.676993962503972,35831.172,8640582.0
Taiwan,1980,1985,51.707,,8.199,,,6.329,8245.620702842742,0.07284732004617626,,,,17398.014,18086521.0
Taiwan,1981,1986,43.22,,10.668,,,8.199,8598.931375509977,0.06166283004281126,,,,16003.523,18412829.0
Taiwan,1982,1987,47.888,,13.084,,,10.668,8755.352092230789,0.03539704342658146,,,,17498.916,18723986.0
Taiwan,1983,1988,40.192,,18.904,,,13.084,9346.826350868747,0.08458298952347541,,,,19131.791,19022629.0
Taiwan,1984,1989,33.639,,24.589,,,18.904,10184.705855906857,0.10591875049669235,,,,19664.119,19306762.0
Taiwan,1985,1990,36.439,51.707,28.727,,,24.589,10545.652382177424,0.049648663465058675,,,,20301.912,19571695.0
Taiwan,1986,1991,35.583,43.22,26.941,51.707,,28.727,11632.78789371756,0.11629319387191317,,,,21833.061,19805981.0
Taiwan,1987,1992,32.071,47.888,33.128,43.22,51.707,26.941,13376.463217594883,0.16207596519523176,,,,23386.168,20015820.0
Taiwan,1988,1993,29.82,40.192,30.651,47.888,43.22,33.128,13852.222777897055,0.04631991946840542,,,,25565.137,20223658.0
Taiwan,1989,1994,27.978,33.639,28.276,40.192,47.888,30.651,14848.656684124175,0.08228242217885193,,,,26852.451,20418913.0
Taiwan,1990,1995,26.53,36.439,32.866,33.639,40.192,28.276,15515.71230693103,0.05393000453185943,,,,28367.777,20594907.0
Taiwan,1991,1996,26.618,35.583,35.29,36.439,33.639,32.866,16611.27814372917,0.08032308043759719,,,,29703.441,20781752.0
Taiwan,1992,1997,24.101,32.071,33.845,35.583,36.439,35.29,17753.422944227477,0.07906000429631979,,,,31257.176,20982088.0
Taiwan,1993,1998,22.586,29.82,34.354,32.071,35.583,33.845,18728.783998321014,0.06462238142686048,,,,32770.891,21174678.0
Taiwan,1994,1999,22.481,27.978,34.871,29.82,32.071,34.354,19913.92283041577,0.07244152205205223,,,,34483.172,21357145.0
Taiwan,1995,2000,20.829,26.53,35.316,27.978,29.82,34.871,20977.430339329494,0.062152812812908347,,,,36338.0,21534497.0
Taiwan,1996,2001,18.825,26.618,37.788,26.53,27.978,35.316,22014.647617630624,0.057961682591584816,,,,37529.094,21709270.0
Taiwan,1997,2002,19.89,24.101,36.269,26.618,26.53,37.788,23052.046951995064,0.05561530057604259,,,,39398.664,21885332.0
Taiwan,1998,2003,18.602,22.586,36.866,24.101,26.618,36.269,23770.950340705836,0.038908402966609384,,,,41396.062,22049226.0
Taiwan,1999,2004,18.081,22.481,38.007,22.586,24.101,36.866,25114.677325103265,0.06393422850145238,,,,43024.375,22203788.0
Taiwan,2000,2005,17.569,20.829,38.5,22.481,22.586,38.007,26470.12426520314,0.06009772279285866,184.84,0.48804371348193026,0.030350573468946117,45722.125,22332873.0
Taiwan,2001,2006,16.927,18.825,35.49,20.829,22.481,38.5,25944.923205448893,-0.014865142358927799,188.53,0.5223041425767783,0.03405293587227497,46945.289,22446254.0
Taiwan,2002,2007,16.676,19.89,39.55,18.825,20.829,35.49,27155.20813711304,0.05227375626389803,198.84,0.5334942667471334,0.022128344397505533,48563.367,22566898.0
Taiwan,2003,2008,17.133,18.602,38.89,19.89,18.825,39.55,28072.557207578673,0.03823586299602862,209.06,0.5549124653209605,0.023055582129532192,50539.492,22664130.0
Taiwan,2004,2009,18.07,18.081,39.49,18.602,19.89,38.89,29688.265767605557,0.061348451771270865,218.41,0.5431985714939792,0.023304793736550523,52462.762,22745432.0
Taiwan,2005,2010,16.851,17.569,39.97,18.081,18.602,39.49,31076.28039360643,0.05041158954344028,227.5,0.5437362637362637,0.026417582417582415,52957.516,22824932.0
Taiwan,2006,2011,16.704,16.927,39.87,17.569,18.081,39.97,32554.116159474266,0.05167245594226455,235.54,0.5422433556933005,0.02640740426254564,54161.758,22914644.0
Taiwan,2007,2012,16.144,16.676,40.54,16.927,17.569,39.87,34420.102679059055,0.061577339578235066,243.11,0.5437044959072025,0.027724075521368928,56193.273,23006921.0
Taiwan,2008,2013,16.502,17.133,40.83,16.676,16.927,40.54,34409.66063712936,0.0031431114864221236,238.31,0.5266249842641937,0.028198564894465192,53926.07,23086238.0
Taiwan,2009,2014,16.306,18.07,41.57,17.133,16.676,40.83,33629.88391339918,-0.01935462443025435,230.05,0.538795913931754,0.027385351010649858,52161.855,23164353.0
Taiwan,2010,2015,14.128,16.851,41.63,18.07,17.133,41.57,37008.51145052269,0.1033010050332118,247.05,0.507063347500506,0.028617688726978344,55741.184,23224049.0
Taiwan,2011,2016,11.987,16.704,42.12,16.851,18.07,41.63,38179.17271785021,0.0338101273807257,252.15,0.5048185603807258,0.029268292682926828,55435.527,23273078.0
Taiwan,2012,2017,8.307,16.144,40.42,16.704,16.851,42.12,38905.67192991782,0.02222000157081601,250.37,0.5002995566561489,0.036226384950273596,54801.141,23345963.0
Taiwan,2013,2018,10.046,16.502,41.64,16.144,16.704,40.42,39751.35568455562,0.02484001987165009,252.33,0.49308445289898145,0.03657908294693457,55716.605,23416870.0
Taiwan,2014,2019,11.788,16.306,42.39,16.502,16.144,41.64,41528.01534243172,0.04719000598625896,259.97,0.4859406854637073,0.03181136284955956,56826.914,23472811.0
Taiwan,2015,2020,11.229,14.128,36.47,16.306,16.502,42.39,42035.72604047046,0.01466000828263925,258.14,0.4641667312311149,0.03405128999767568,56650.766,23529260.0
Taiwan,2016,2021,9.549,11.987,31.66,14.128,16.306,36.47,42842.231479546885,0.021649986884706898,264.12,0.4695592912312585,0.04179918218991367,56802.785,23586140.0
Taiwan,2017,2022,8.241,8.307,22.45,11.987,14.128,31.66,44173.06971478381,0.03310999061330768,270.26,0.483645378524384,0.03959150447717013,56732.984,23632950.0
Taiwan,2018,2023,6.306,10.046,27.68,8.307,11.987,22.45,45353.588938569126,0.02786997637659238,275.53,0.486988712662868,0.03941494574093565,57252.355,23659308.0
Taiwan,2019,2024,4.221,11.788,32.32,10.046,8.307,27.68,46713.94637388472,0.0306400546822702,274.18,0.47136917353563357,0.049018892698227436,56101.125,23674137.0
Taiwan,2020,2025,1.127,11.229,31.44,11.788,10.046,32.32,48317.93335078922,0.03386992163535551,279.99,0.4593378334940534,0.04785885210186078,54479.203,23663461.0
Ukraine,1975,1985,19.598,,,,,,,,,,,,48865230.0
Ukraine,1976,1986,15.662,,,,,,,,,,,,49120842.0
Ukraine,1977,1987,17.913,,,,,,,,,,,,49336485.0
Ukraine,1978,1988,24.226,,,,,,,,,,,,49521243.0
Ukraine,1979,1989,22.525,,,,,,,,,,,,49721384.0
Ukraine,1985,1990,25.333,19.598,53.307,,,,9356.78218679921,,,,,54406.703,51108771.0
Ukraine,1986,1991,26.832,15.662,42.709,19.598,,53.307,9366.996154504033,0.005204333837031316,,,,54423.527,51318738.0
Ukraine,1987,1992,29.042,17.913,50.425,15.662,19.598,42.709,9592.259930156863,0.027979518665686605,,,,55371.176,51515727.0
Ukraine,1988,1993,32.521,24.226,72.001,17.913,15.662,50.425,9647.363158202437,0.009827349826278272,,,,55202.676,51724854.0
Ukraine,1989,1994,33.72,22.525,66.516,24.226,17.913,72.001,10001.148674910784,0.04053926506820756,,,,52622.719,51917825.0
Ukraine,1990,1995,36.079,25.333,76.18,22.525,24.226,66.516,9527.303690260993,-0.044878670038823586,272.25,0.4257851239669422,0.03860422405876951,61372.645,52054096.0
Ukraine,1991,1996,43.198,26.832,75.13,25.333,22.525,76.18,8823.9397470436,-0.071746697815274,265.19,0.4072174667219729,0.04415701949545609,57399.133,52170967.0
Ukraine,1992,1997,44.34,29.042,73.75,26.832,25.333,75.13,8059.649356357328,-0.0839420106278562,248.85,0.4309423347398031,0.03166566204540888,48363.441,52323675.0
Ukraine,1993,1998,43.409,32.521,75.24,29.042,26.832,73.75,7027.561031892151,-0.12761550763193422,229.82,0.38752066834914284,0.048037594639282914,42373.891,52350122.0
Ukraine,1994,1999,41.76,33.72,68.85,32.521,29.042,75.24,5538.418204009525,-0.21602711836626004,203.14,0.385645367726691,0.05966328640346559,36405.477,52076000.0
Ukraine,1995,2000,45.007,36.079,70.52,33.72,32.521,68.85,4983.553268073194,-0.10727710859722017,192.51,0.3722923484494312,0.05168562672068983,35802.496,51665535.0
Ukraine,1996,2001,43.953,43.198,79.58,36.079,33.72,70.52,4599.269925839188,-0.08495964183795286,182.2,0.31602634467618,0.04736553238199781,33656.121,51226111.0
Ukraine,1997,2002,44.814,44.34,79.43,43.198,36.079,79.58,4574.670663315591,-0.013876992857399783,178.99,0.3147103190122353,0.05508687636180792,32742.49,50786881.0
Ukraine,1998,2003,45.083,43.409,75.24,44.34,43.198,79.43,4599.81234626753,-0.0025651073370730497,172.66,0.29381443298969073,0.09116182091972663,31851.186,50379728.0
Ukraine,1999,2004,47.698,41.76,72.07,43.409,44.34,75.24,4705.1828054796615,0.014719317575186082,169.14,0.3212723187891688,0.08466359229041032,31626.572,49976445.0
Ukraine,2000,2005,47.621,45.007,77.34,41.76,43.409,72.07,5109.223689880273,0.07675037485305493,167.99,0.3090064884814572,0.06714685397940352,31992.809,49556654.0
Ukraine,2001,2006,46.599,43.953,76.17,45.007,41.76,77.34,5724.462333262074,0.11024780030306691,170.24,0.314203477443609,0.07078242481203008,31826.52,49106854.0
Ukraine,2002,2007,47.154,44.814,77.99,43.953,45.007,76.17,6185.371436427837,0.07106363134584356,170.91,0.32139722661049674,0.056462465625182846,31908.885,48677280.0
Ukraine,2003,2008,46.651,45.083,81.41,44.814,43.953,77.99,6938.972314119471,0.11348980998957624,175.64,0.31234342974265544,0.05277841038487816,32948.844,48315133.0
Ukraine,2004,2009,47.762,47.698,87.02,45.083,44.814,81.41,7942.518829603525,0.13667329012692073,177.11,0.2564507932923042,0.0665123369657275,33053.113,47979502.0
Ukraine,2005,2010,47.214,47.621,88.76,47.698,45.083,87.02,8392.593487166841,0.04799054623349323,178.04,0.2827454504605707,0.0696472702763424,33739.07,47585558.0
Ukraine,2006,2011,46.294,46.599,90.22,47.621,47.698,88.76,9238.554458857585,0.09369975039395227,183.17,0.35578970355407546,0.07059016214445597,34358.633,47278691.0
Ukraine,2007,2012,45.324,47.154,92.54,46.599,47.621,90.22,10211.476203584309,0.10026384727158814,187.08,0.3743852897156297,0.05596536241180244,34377.082,47062802.0
Ukraine,2008,2013,42.81,46.651,89.84,47.154,46.599,92.54,10670.67594806469,0.03955940776126971,185.85,0.3800376647834275,0.0635996771589992,33363.531,46819168.0
Ukraine,2009,2014,48.348,47.762,82.92,46.651,47.154,89.84,9245.815540909844,-0.13714737211881203,169.34,0.38496515885201366,0.07157198535490727,28538.205,46623731.0
Ukraine,2010,2015,53.537,47.214,89.15,47.762,46.651,82.92,9459.053973246984,0.01938265419190259,184.76,0.37757090279281236,0.0724723966226456,30715.402,46455997.0
Ukraine,2011,2016,49.186,46.294,90.25,47.214,47.762,89.15,10175.836852988265,0.0723469039687522,188.66,0.39489027880843847,0.05931304993109297,31846.529,46307854.0
Ukraine,2012,2017,54.845,45.324,90.14,46.294,47.214,90.25,10220.216402141603,0.0022400391391843985,187.41,0.4291126407342191,0.05992209593938424,31226.742,46210051.0
Ukraine,2013,2018,52.796,42.81,83.21,45.324,46.294,90.14,10238.87578808917,1.9998811240413025e-05,184.48,0.43912619254119695,0.08190589765828274,29691.408,46126760.0
Ukraine,2014,2019,53.847,48.348,88.39,42.81,45.324,83.21,9597.791473441042,-0.06575009219587163,174.39,0.4042089569356041,0.058317564080509206,26284.715,45972379.0
Ukraine,2015,2020,51.56,53.537,87.63,48.348,42.81,88.39,8693.813558438389,-0.09787993632897167,162.33,0.34824123698638576,0.043738064436641404,21915.693,45784904.0
Ukraine,2016,2021,55.107,49.186,80.95,53.537,48.348,87.63,8936.749649619458,0.024170054033365477,160.83,0.3810856183547845,0.05757632282534352,23017.719,45616831.0
Ukraine,2017,2022,55.762,54.845,85.58,49.186,53.537,80.95,9184.055632426745,0.023599928337051955,150.86,0.32699191303195013,0.07198727296831499,21466.02,45436037.0
United Arab Emirates,1980,1985,0.0,,0.0,,,0.0,43497.20215002102,0.26412149392103385,,,,106483.453,1015711.0
United Arab Emirates,1981,1986,0.0,,0.0,,,0.0,41292.486325582075,0.027965506560277492,,,,114494.5,1099864.0
United Arab Emirates,1982,1987,0.0,,0.0,,,0.0,35729.349441821425,-0.08239394861478783,,,,116570.617,1166383.0
United Arab Emirates,1983,1988,0.0,,0.0,,,0.0,32042.433026878294,-0.05019423573335417,,,,105653.945,1235309.0
United Arab Emirates,1984,1989,0.0,,0.0,,,0.0,31603.027774013117,0.04273137578879658,,,,124461.07,1306005.0
United Arab Emirates,1985,1990,0.0,0.0,0.0,,,0.0,29252.289707370106,-0.023415770121579037,,,,146332.031,1377918.0
United Arab Emirates,1986,1991,0.0,0.0,0.0,0.0,,0.0,21637.695990012173,-0.21227950244750332,,,,166545.969,1467386.0
United Arab Emirates,1987,1992,0.0,0.0,0.0,0.0,0.0,0.0,20888.98362085503,0.03570919618159711,,,,173464.0,1574258.0
United Arab Emirates,1988,1993,0.0,0.0,0.0,0.0,0.0,0.0,19505.225397595546,-0.002457682232883719,,,,179499.984,1681797.0
United Arab Emirates,1989,1994,0.0,0.0,0.0,0.0,0.0,0.0,20273.849260108902,0.10619131296365578,,,,190051.359,1789858.0
United Arab Emirates,1990,1995,0.0,0.0,0.0,0.0,0.0,0.0,21410.251446091603,0.11998839418890406,,,,181724.297,1898220.0
United Arab Emirates,1991,1996,0.0,0.0,0.0,0.0,0.0,0.0,,,,,,209723.5,2006630.0
United Arab Emirates,1992,1997,0.0,0.0,0.0,0.0,0.0,0.0,,,,,,192314.922,2114738.0
United Arab Emirates,1993,1998,0.0,0.0,0.0,0.0,0.0,0.0,24818.734948683632,,,,,190572.297,2222098.0
United Arab Emirates,1994,1999,0.0,0.0,0.0,0.0,0.0,0.0,27770.23788297438,0.1723447867553587,,,,199585.922,2328191.0
United Arab Emirates,1995,2000,0.0,0.0,0.0,0.0,0.0,0.0,30905.18911251518,0.16378503583826257,,,,199152.906,2434667.0
United Arab Emirates,1996,2001,0.0,0.0,0.0,0.0,0.0,0.0,33781.93950268905,0.1662210203250716,,,,192367.453,2597570.0
United Arab Emirates,1997,2002,0.0,0.0,0.0,0.0,0.0,0.0,37241.01198192666,0.19569299781224436,,,,185083.609,2817410.0
United Arab Emirates,1998,2003,0.0,0.0,0.0,0.0,0.0,0.0,38139.99205310298,0.10520888416908976,,,,175670.047,3040432.0
United Arab Emirates,1999,2004,0.0,0.0,0.0,0.0,0.0,0.0,40235.90701378532,0.13322343193474145,,,,164839.906,3266011.0
United Arab Emirates,2000,2005,0.0,0.0,0.0,0.0,0.0,0.0,45950.157669647466,0.22159327329633266,39.94,0.0,0.0,153361.734,3493583.0
United Arab Emirates,2001,2006,0.0,0.0,0.0,0.0,0.0,0.0,47607.69684895998,0.10428622655993705,43.17,0.0,0.0,145441.672,3723596.0
United Arab Emirates,2002,2007,0.0,0.0,0.0,0.0,0.0,0.0,49381.68231631946,0.10223306854445786,46.85,0.0,0.0,149537.203,3956829.0
United Arab Emirates,2003,2008,0.0,0.0,0.0,0.0,0.0,0.0,53559.71399641977,0.14919712726047535,49.45,0.0,0.0,150545.172,4192465.0
United Arab Emirates,2004,2009,0.0,0.0,0.0,0.0,0.0,0.0,56909.01012652169,0.12247192376520183,52.41,0.0,0.0,152420.609,4428964.0
United Arab Emirates,2005,2010,0.0,0.0,0.0,0.0,0.0,0.0,56253.95384708059,0.04112438813704936,60.7,0.0,0.0,151045.812,4664797.0
United Arab Emirates,2006,2011,0.0,0.0,0.0,0.0,0.0,0.0,61363.95871139481,0.1713529873682083,62.44,0.0,0.0,147989.078,5009106.0
United Arab Emirates,2007,2012,0.0,0.0,0.0,0.0,0.0,0.0,65393.728094953636,0.19662269977609545,78.76,0.0,0.0,145495.719,5624640.0
United Arab Emirates,2008,2013,0.0,0.0,0.0,0.0,0.0,0.0,73729.47370772605,0.26338234998298843,80.46,0.0,0.0,148889.391,6302669.0
United Arab Emirates,2009,2014,0.0,0.0,0.0,0.0,0.0,0.0,71648.58140425995,0.034128121491184764,85.7,0.0,0.00011668611435239206,138000.094,6707063.0
United Arab Emirates,2010,2015,0.0,0.0,0.0,0.0,0.0,0.0,70628.80531081355,0.019763490173039015,93.95,0.0,0.00021287919105907396,140161.359,6938372.0
United Arab Emirates,2011,2016,0.0,0.0,0.0,0.0,0.0,0.0,76543.53584919707,0.12452095957118486,99.11,0.0,0.00020179598425991324,141807.125,7199436.0
United Arab Emirates,2012,2017,0.0,0.0,0.0,0.0,0.0,0.0,77015.545872136,0.047770050997594016,106.18,0.0,0.0001883593897155773,143268.297,7497122.0
United Arab Emirates,2013,2018,0.0,0.0,0.0,0.0,0.0,0.0,77451.41907602685,0.05055990008355863,109.97,0.0,0.0008184050195507866,144520.031,7831851.0
United Arab Emirates,2014,2019,0.0,0.0,0.0,0.0,0.0,0.0,76710.8979681627,0.04166005328093808,116.51,0.0,0.002660715818384688,137818.312,8236880.0
United Arab Emirates,2015,2020,1.187,0.0,0.0,0.0,0.0,0.0,77783.42963154752,0.06787001663909867,127.37,0.0,0.0023553427023631935,140994.875,8674633.0
United Arab Emirates,2016,2021,7.078,0.0,0.0,0.0,0.0,0.0,78870.01786505025,0.0556099517700583,130.24,0.0,0.002457002457002457,140575.797,9030873.0
United Arab Emirates,2017,2022,12.933,0.0,0.0,0.0,0.0,0.0,77699.21943930961,0.007349957324702816,134.47,0.0,0.005577452219825984,131237.281,9234330.0
United Arab Emirates,2018,2023,20.558,0.0,0.0,0.0,0.0,0.0,77772.36339887042,0.01313997794396354,135.98,0.0,0.008824827180467716,121187.641,9346870.0
United Arab Emirates,2019,2024,22.921,0.0,0.0,0.0,0.0,0.0,78374.26619093599,0.011079958264480865,138.44,0.0,0.0264374458249061,129769.297,9377855.0
United Kingdom,1980,1985,20.496,,37.023,,,38.308,20623.68189446798,-0.01641291271852021,,,,42306.977,56282102.0
United Kingdom,1981,1986,19.623,,37.969,,,37.023,20347.15112528126,-0.013014208160122326,,,,41119.059,56304590.0
United Kingdom,1982,1987,18.284,,43.972,,,37.969,20667.21988518204,0.015517002514255189,,,,40594.371,56292761.0
United Kingdom,1983,1988,20.548,,49.928,,,43.972,21385.17714937107,0.03546130777461298,,,,40730.074,56332060.0
United Kingdom,1984,1989,22.803,,53.979,,,49.928,21873.228255438953,0.024987194304360916,,,,40626.453,56451312.0
United Kingdom,1985,1990,20.563,20.496,61.095,,,53.979,22584.51339070822,0.035355443886706375,,,,42234.191,56606416.0
United Kingdom,1986,1991,21.847,19.623,59.079,20.496,,61.095,23516.357098911496,0.04393691462564362,,,,43294.66,56751926.0
United Kingdom,1987,1992,23.925,18.284,55.238,19.623,20.496,59.079,24577.234100377667,0.04758172179542275,,,,43120.188,56886021.0
United Kingdom,1988,1993,27.653,20.548,63.456,18.284,19.623,55.238,25738.91795402488,0.04985358755717614,,,,43588.254,57026539.0
United Kingdom,1989,1994,27.033,22.803,71.734,20.548,18.284,63.456,26229.12645915979,0.02182590496846359,,,,43522.199,57182137.0
United Kingdom,1990,1995,26.365,20.563,65.75,22.803,20.548,71.734,26246.265331095543,0.003903593671272078,331.69,0.622388374687208,0.017275166571196,43724.711,57367867.0
United Kingdom,1991,1996,26.982,21.847,70.54,20.563,22.803,65.75,25854.751489105267,-0.011700194118349615,339.29,0.6232426537770049,0.015444015444015444,44500.176,57555199.0
United Kingdom,1992,1997,27.989,23.925,76.81,21.847,20.563,70.54,25844.95622754985,0.0024707868979017846,337.73,0.5733574156870872,0.018683563793562903,44098.398,57719273.0
United Kingdom,1993,1998,27.43,27.653,89.35,23.925,21.847,76.81,26399.613530759914,0.023969754423283363,339.83,0.5039284348056381,0.016831945384456936,44498.426,57861037.0
United Kingdom,1994,1999,25.84,27.033,88.28,27.653,23.925,89.35,27332.513517530067,0.03788143453939109,343.45,0.4697627019944679,0.020323191148638814,43856.598,58003200.0
United Kingdom,1995,2000,22.559,26.365,88.96,27.033,27.653,88.28,27923.10747733732,0.024274909159778823,353.73,0.4387809911514432,0.018884459898792862,43892.383,58154632.0
United Kingdom,1996,2001,23.414,26.982,94.67,26.365,27.033,88.96,28533.237010833356,0.024379394542242253,367.62,0.40060388444589523,0.015477939176323379,45906.703,58298563.0
United Kingdom,1997,2002,22.686,27.989,98.15,26.982,26.365,94.67,29323.351569421993,0.030309285932705477,367.24,0.3321261300511927,0.01955124714083433,44997.941,58447091.0
United Kingdom,1998,2003,22.272,27.43,99.49,27.989,26.982,98.15,30133.304293093013,0.030781468695825317,375.42,0.3275531404826594,0.023040860902455915,45228.754,58626822.0
United Kingdom,1999,2004,20.309,25.84,95.13,27.43,27.989,99.49,30988.84082061824,0.032107696624232074,382.39,0.27767462538246296,0.02515756165171683,44855.188,58838663.0
United Kingdom,2000,2005,20.49,22.559,85.06,25.84,27.43,95.13,31995.438946100054,0.03631975345449893,391.23,0.3065971423459346,0.02533036832553741,45110.676,59057333.0
United Kingdom,2001,2006,18.992,23.414,90.09,22.559,25.84,85.06,32709.236359694136,0.026303944379158523,395.17,0.3326669534630665,0.024141508717767032,45402.137,59288095.0
United Kingdom,2002,2007,15.884,22.686,87.85,23.414,22.559,90.09,33321.61321643437,0.023063335617750508,395.65,0.31411601162643754,0.02810564893213699,44185.527,59540764.0
United Kingdom,2003,2008,13.495,22.272,88.69,22.686,23.414,87.85,34279.70921175114,0.033584317165899505,400.37,0.34583010715088547,0.026700302220446087,44612.457,59820385.0
United Kingdom,2004,2009,18.341,20.309,80.0,22.272,22.686,88.69,34893.26736783489,0.023846987638394847,401.41,0.3283176801773747,0.03522582895294088,44717.523,60169964.0
United Kingdom,2005,2010,16.264,20.49,81.62,20.309,22.272,80.0,35674.39589516864,0.029627092237590764,406.67,0.3310792534487422,0.041630806304866354,44766.613,60596107.0
United Kingdom,2006,2011,18.746,18.992,75.45,20.49,20.309,81.62,36242.08444182973,0.02354103817947241,404.79,0.36772153462289087,0.044714543343462046,43870.426,61051093.0
United Kingdom,2007,2012,19.35,15.884,63.03,18.992,20.49,75.45,36850.57089236375,0.024863146351723507,402.02,0.33814238097607086,0.048952788418486645,42319.914,61535859.0
United Kingdom,2008,2013,19.708,13.495,52.49,15.884,18.992,63.03,36307.15266728589,-0.006878002313733587,399.98,0.31096554827741385,0.05485274263713186,41253.062,62027303.0
United Kingdom,2009,2014,18.856,18.341,69.1,13.495,15.884,52.49,34420.2407325306,-0.04465097646166073,379.62,0.27142932406090303,0.0664875401717507,38761.125,62506222.0
United Kingdom,2010,2015,20.757,16.264,62.14,18.341,13.495,69.1,34772.92891634547,0.018331904476600956,384.72,0.2796579330422125,0.06804949053857351,39283.996,63006482.0
United Kingdom,2011,2016,21.148,18.746,68.98,16.264,18.341,62.14,35002.93528092782,0.014647487773137726,374.19,0.2897992998209466,0.09406985755899411,36722.008,63509285.0
United Kingdom,2012,2017,20.797,19.35,70.41,18.746,16.264,68.98,35259.4331586557,0.014484477652830088,375.73,0.38003353471908013,0.10975966784659197,37134.582,63960488.0
United Kingdom,2013,2018,19.493,19.708,70.61,19.35,18.746,70.41,35661.97384584472,0.01819876553209525,372.71,0.3494942448552494,0.14276515253145877,37094.207,64389386.0
United Kingdom,2014,2019,17.17,18.856,63.75,19.708,19.35,70.61,36532.67806327373,0.03199689527910579,358.6,0.27953151143335186,0.1798940323480201,34774.93,64865914.0
United Kingdom,2015,2020,16.191,20.757,70.34,18.856,19.708,63.75,37111.61938031456,0.023931174537333615,359.98,0.2107894883049058,0.23156842046780376,34863.777,65382107.0
United Kingdom,2016,2021,14.972,21.148,71.73,20.757,18.856,70.34,37620.984185614216,0.021651982759746665,356.93,0.08592721261872076,0.23256660969938084,34099.367,65893359.0
United Kingdom,2017,2022,14.603,20.797,70.34,21.148,20.757,71.73,38272.45442719438,0.02443573473556289,352.98,0.06382797892231855,0.28015751600657257,33924.512,66354473.0
United Kingdom,2018,2023,13.879,19.493,65.06,20.797,21.148,70.34,38692.921105949135,0.017050127900269173,352.87,0.047694618414713626,0.3121262787995579,33653.051,66752473.0
United Kingdom,2019,2024,14.284,17.17,56.18,19.493,20.797,65.06,39103.67479340706,0.016043105339514772,348.36,0.019864507980250315,0.3437248823056608,32676.998,67110958.0
United Kingdom,2020,2025,12.446,16.191,50.24,17.17,19.493,56.18,34665.76958349777,-0.1103085253563063,328.55,0.017348957540709177,0.4067265256429767,29440.059,67351860.0
United States,1980,1985,15.2,,264.332,,,268.584,29336.325999208835,0.00045047382591387934,,,,90281.383,229858656.0
United States,1981,1986,16.286,,287.025,,,264.332,29766.65429268573,0.025011339196390526,,,,86726.758,232201613.0
United States,1982,1987,17.287,,297.656,,,287.025,28911.73690425896,-0.018758855708368962,,,,82350.93,234583155.0
United States,1983,1988,19.033,,309.134,,,297.656,29817.060240128925,0.04187872693153625,,,,81230.547,236986362.0
United States,1984,1989,17.659,,344.877,,,309.134,31673.207950474454,0.07286358574503504,,,,84542.945,239353967.0
United States,1985,1990,18.783,15.2,403.885,,,344.877,32582.472318238753,0.03874948573436856,,,,83512.805,241690438.0
United States,1986,1991,19.714,16.286,435.83,15.2,,403.885,33391.6817600637,0.034433052573440155,,,,83506.0,243953807.0
United States,1987,1992,19.831,17.287,479.232,16.286,15.2,435.83,34256.26576704838,0.035175272754920335,,,,85534.43,246161292.0
United States,1988,1993,18.869,19.033,554.708,17.287,16.286,479.232,35376.175429925956,0.04205552913577433,,,,88627.953,248393236.0
United States,1989,1994,19.492,17.659,557.216,19.033,17.287,554.708,36267.23819887027,0.03460588748953945,,,,89944.43,250675047.0
United States,1990,1995,19.87,18.783,607.223,17.659,19.033,557.216,36508.87604503231,0.017498716940282325,,,,89232.719,253373387.0
United States,1991,1996,19.388,19.714,644.805,18.783,17.659,607.223,35967.704198195584,-0.0027771045183129523,,,,88039.898,256471424.0
United States,1992,1997,17.806,19.831,651.343,19.714,18.783,644.805,36796.75254758826,0.03555352655017455,,,,88261.094,259606021.0
United States,1993,1998,18.392,18.869,642.412,19.831,19.714,651.343,37371.28197238515,0.02745643438160263,,,,89083.875,262633229.0
United States,1994,1999,19.476,19.492,674.147,18.869,19.831,642.412,38463.930524041316,0.04037357451889329,,,,89741.586,265474811.0
United States,1995,2000,19.828,19.87,708.844,19.492,18.869,674.147,39107.49506602758,0.02719093056067991,,,,90763.953,268205796.0
United States,1996,2001,20.626,19.388,710.241,19.87,19.492,708.844,40193.91729575234,0.03795413891907709,,,,92908.914,270860695.0
United States,1997,2002,20.292,17.806,661.731,19.388,19.87,710.241,41597.41079884757,0.04488023171593238,,,,92713.203,273468014.0
United States,1998,2003,19.74,18.392,709.16,17.806,19.388,661.731,43031.36920848165,0.04450164705926957,,,,92399.773,276119323.0
United States,1999,2004,19.953,19.476,766.583,18.392,17.806,709.16,44616.54330335609,0.046849159738856457,,,,93136.398,278785482.0
United States,2000,2005,19.38,19.828,753.89,19.476,18.392,766.583,45996.97318433154,0.04091936609995076,3835.86,0.5126021283362792,0.09148665488312921,94308.109,281484126.0
United States,2001,2006,19.452,20.626,768.83,19.828,19.476,753.89,45989.26002669611,0.009761962955080035,3749.6,0.507776829528483,0.07469063366759121,91172.055,284279634.0
United States,2002,2007,19.467,20.292,780.06,20.626,19.828,768.83,46353.43004232885,0.017862706449182166,3865.21,0.5001358270313903,0.08701726426248509,91601.203,287084335.0
United States,2003,2008,19.628,19.74,763.73,20.292,20.626,780.06,47190.51435775554,0.028072341275415365,3875.36,0.5093049419924859,0.09010259692002807,91004.992,289908091.0
United States,2004,2009,20.276,19.953,788.53,19.74,20.292,763.73,48495.82454976847,0.03786286948190558,3963.26,0.4991597826032104,0.08708487457295257,91872.883,292786248.0
United States,2005,2010,19.616,19.38,781.99,19.953,19.74,788.53,49621.235141474914,0.03344733420154669,4059.77,0.49580887587227845,0.08696059136355015,91007.938,295716666.0
United States,2006,2011,19.326,19.452,787.22,19.38,19.953,781.99,50430.669001214636,0.026669119262880493,4065.36,0.4896269949032804,0.09375799437196214,89378.18,298730208.0
United States,2007,2012,19.04,19.467,806.42,19.452,19.38,787.22,50798.33473429107,0.01779068803888787,4173.82,0.48312097790513253,0.08335529562846507,89671.125,301844223.0
United States,2008,2013,19.455,19.628,806.21,19.467,19.452,806.42,50131.27992906195,-0.002910755214988316,4140.35,0.4796212880553576,0.09108167183933726,86589.57,304970325.0
United States,2009,2014,19.462,20.276,798.85,19.628,19.467,806.21,48256.076762690784,-0.027769102519745945,3973.87,0.44186145998736753,0.10457312393208636,81521.477,308023452.0
United States,2010,2015,19.52,19.616,806.97,20.276,19.628,798.85,48991.9960248861,0.02526798286344372,4139.92,0.4462139365011884,0.10253338228758044,83435.078,311062785.0
United States,2011,2016,19.711,19.326,790.2,19.616,20.276,806.97,49276.13960073711,0.01563682815493669,4126.12,0.42011138793830527,0.12353979040842245,81912.359,314105075.0
United States,2012,2017,19.864,19.04,769.33,19.326,19.616,790.2,49921.54102114748,0.022806821898820058,4087.93,0.3703683771493152,0.12043259057762731,78985.039,317115349.0
United States,2013,2018,19.209,19.455,789.02,19.04,19.326,769.33,50365.29500987208,0.01841877581146865,4113.49,0.38437190803915894,0.1265057165569869,80374.148,320110752.0
United States,2014,2019,19.465,19.462,797.17,19.455,19.04,789.02,51038.48401357265,0.022877790248981584,4149.22,0.38120658822622083,0.13179103542352538,80453.969,323115377.0
United States,2015,2020,19.536,19.52,797.18,19.462,19.455,797.17,51935.78008019931,0.027063630927994048,4150.66,0.3258276996911335,0.13407265350570755,78949.203,326126496.0
United States,2016,2021,18.77,19.711,805.69,19.52,19.462,797.18,52312.09643380412,0.016674805102167175,4154.06,0.2982985320385358,0.15043355175418746,78155.102,329179423.0
United States,2017,2022,17.998,19.864,804.95,19.711,19.52,805.69,52997.82614042644,0.022419132482033293,4108.62,0.29349027167272707,0.17212348671816816,77729.664,332204657.0
United States,2018,2023,18.215,19.209,807.08,19.864,19.711,804.95,54094.43840762829,0.029453847738423293,4246.01,0.27072239584927965,0.1726726974265251,79893.953,335056492.0
United States,2019,2024,17.806,19.465,809.41,19.209,19.864,807.08,54887.79689410289,0.022944385090223302,4197.42,0.22989360130746983,0.1812446693445021,78683.469,337790069.0
United States,2020,2025,17.363,19.536,789.88,19.465,19.209,809.41,53109.721409121186,-0.02767948869025687,4090.49,0.18907025808643954,0.2008072382526299,72562.672,339436156.0
