reactor_id,reactor_name,unit_name,plant_name,country,region,latitude,longitude,status,status_group,reactor_type,reactor_type_standardized,technology_family,generation_category,size_category,capacity_mwe,gross_capacity_mwe,net_capacity_mwe,construction_start_date,grid_connection_date,commercial_operation_date,shutdown_date,expected_start_year,age_years,owner,operator,vendor,source_name,source_confidence,source_last_updated,smr_flag,geniv_flag,molten_salt_flag,thorium_potential_flag,fast_reactor_flag
ARG-ATUCHA-CAREM,CAREM-25,CAREM,Atucha,Argentina,Latin America,-33.967,-59.205,Under Construction,Construction,SMR-LWR,SMR-LWR,Small Modular Reactor,Advanced/Gen IV candidate,Micro/small,27.0,30.0,27.0,2014-02-08,,,,,,CNEA,CNEA,CNEA,IAEA-PRIS/WNA-sample,0.55,2026-05-17,True,False,False,False,False
ARG-ATUCHA-UNIT-1,Atucha-1,Unit 1,Atucha,Argentina,Latin America,-33.967,-59.205,Operating,Operating,PHWR,PHWR,Heavy Water Reactor,Gen II/legacy or unspecified,Mid-size,335.0,362.0,335.0,1968-06-01,1974-03-19,1974-06-24,,1974.0,52.0,NASA,NA-SA,Siemens/CNEA,IAEA-PRIS/WNA-sample,0.55,2026-05-17,False,False,False,False,False
ARG-ATUCHA-UNIT-2,Atucha-2,Unit 2,Atucha,Argentina,Latin America,-33.967,-59.205,Operating,Operating,PHWR,PHWR,Heavy Water Reactor,Gen II/legacy or unspecified,Mid-size,693.0,745.0,693.0,1981-07-14,2014-06-02,2014-05-26,,2014.0,12.0,NASA,NA-SA,CNEA/INVAP,IAEA-PRIS/WNA-sample,0.55,2026-05-17,False,False,False,False,False
ARG-EMBALSE-UNIT-1,Embalse,Unit 1,Embalse,Argentina,Latin America,-32.236,-64.438,Operating,Operating,PHWR,PHWR,Heavy Water Reactor,Gen II/legacy or unspecified,Mid-size,648.0,683.0,648.0,1974-04-01,1983-11-15,1984-04-01,,1984.0,42.0,NASA,NA-SA,AECL,IAEA-PRIS/WNA-sample,0.55,2026-05-17,False,False,False,False,False
ARM-METSAMOR-UNIT-2,Metsamor-2,Unit 2,Metsamor,Armenia,Other,40.18,44.149,Operating,Operating,VVER,VVER,Light Water Reactor,Gen III/III+ or modern LWR,Mid-size,376.0,408.0,376.0,1975-07-01,1980-01-05,1980-05-03,,1980.0,46.0,ANPP,ANPP,AtomEnergoProject,IAEA-PRIS/WNA-sample,0.55,2026-05-17,False,False,False,False,False
BAN-ROOPPUR-UNIT-1,Rooppur-1,Unit 1,Rooppur,Bangladesh,Asia,24.065,89.047,Under Construction,Construction,VVER,VVER,Light Water Reactor,Gen III/III+ or modern LWR,Large,1114.0,1200.0,1114.0,2017-11-30,,,,,,BAEC,BAEC,Rosatom,IAEA-PRIS/WNA-sample,0.55,2026-05-17,False,False,False,False,False
BAN-ROOPPUR-UNIT-2,Rooppur-2,Unit 2,Rooppur,Bangladesh,Asia,24.065,89.047,Under Construction,Construction,VVER,VVER,Light Water Reactor,Gen III/III+ or modern LWR,Large,1114.0,1200.0,1114.0,2018-07-14,,,,,,BAEC,BAEC,Rosatom,IAEA-PRIS/WNA-sample,0.55,2026-05-17,False,False,False,False,False
BEL-DOEL-UNIT-1,Doel-1,Unit 1,Doel,Belgium,Other,51.325,4.259,Operating,Operating,PWR,PWR,Light Water Reactor,Gen III/III+ or modern LWR,Mid-size,433.0,454.0,433.0,1969-07-01,1974-08-28,1975-02-15,,1975.0,51.0,Electrabel,Engie,Framatome,IAEA-PRIS/WNA-sample,0.55,2026-05-17,False,False,False,False,False
BEL-DOEL-UNIT-2,Doel-2,Unit 2,Doel,Belgium,Other,51.325,4.259,Operating,Operating,PWR,PWR,Light Water Reactor,Gen III/III+ or modern LWR,Mid-size,433.0,454.0,433.0,1971-09-01,1975-08-21,1975-12-01,,1975.0,51.0,Electrabel,Engie,Framatome,IAEA-PRIS/WNA-sample,0.55,2026-05-17,False,False,False,False,False
BEL-DOEL-UNIT-3,Doel-3,Unit 3,Doel,Belgium,Other,51.325,4.259,Operating,Operating,PWR,PWR,Light Water Reactor,Gen III/III+ or modern LWR,Large,1006.0,1056.0,1006.0,1975-01-01,1982-06-24,1982-10-01,,1982.0,44.0,Electrabel,Engie,Framatome,IAEA-PRIS/WNA-sample,0.55,2026-05-17,False,False,False,False,False
BEL-DOEL-UNIT-4,Doel-4,Unit 4,Doel,Belgium,Other,51.325,4.259,Operating,Operating,PWR,PWR,Light Water Reactor,Gen III/III+ or modern LWR,Large,1037.0,1084.0,1037.0,1978-12-01,1985-04-09,1985-07-01,,1985.0,41.0,Electrabel,Engie,Framatome,IAEA-PRIS/WNA-sample,0.55,2026-05-17,False,False,False,False,False
BEL-TIHANGE-UNIT-1,Tihange-1,Unit 1,Tihange,Belgium,Other,50.534,5.271,Operating,Operating,PWR,PWR,Light Water Reactor,Gen III/III+ or modern LWR,Large,962.0,1009.0,962.0,1975-06-01,1975-10-07,1975-10-07,,1975.0,51.0,Electrabel,Engie,Framatome,IAEA-PRIS/WNA-sample,0.55,2026-05-17,False,False,False,False,False
BEL-TIHANGE-UNIT-2,Tihange-2,Unit 2,Tihange,Belgium,Other,50.534,5.271,Operating,Operating,PWR,PWR,Light Water Reactor,Gen III/III+ or modern LWR,Large,1008.0,1055.0,1008.0,1976-04-01,1982-10-13,1983-06-01,,1983.0,43.0,Electrabel,Engie,Framatome,IAEA-PRIS/WNA-sample,0.55,2026-05-17,False,False,False,False,False
BEL-TIHANGE-UNIT-3,Tihange-3,Unit 3,Tihange,Belgium,Other,50.534,5.271,Operating,Operating,PWR,PWR,Light Water Reactor,Gen III/III+ or modern LWR,Large,1046.0,1089.0,1046.0,1978-11-01,1985-06-28,1985-09-01,,1985.0,41.0,Electrabel,Engie,Framatome,IAEA-PRIS/WNA-sample,0.55,2026-05-17,False,False,False,False,False
BRA-ANGRA-UNIT-1,Angra-1,Unit 1,Angra,Brazil,Latin America,-23.008,-44.458,Operating,Operating,PWR,PWR,Light Water Reactor,Gen III/III+ or modern LWR,Mid-size,640.0,657.0,640.0,1971-05-01,1982-03-01,1985-04-22,,1985.0,41.0,Eletronuclear,Eletronuclear,Westinghouse,IAEA-PRIS/WNA-sample,0.55,2026-05-17,False,False,False,False,False
BRA-ANGRA-UNIT-2,Angra-2,Unit 2,Angra,Brazil,Latin America,-23.008,-44.458,Operating,Operating,PWR,PWR,Light Water Reactor,Gen III/III+ or modern LWR,Large,1350.0,1400.0,1350.0,1976-01-01,2000-07-21,2001-02-01,,2001.0,25.0,Eletronuclear,Eletronuclear,Siemens/KWU,IAEA-PRIS/WNA-sample,0.55,2026-05-17,False,False,False,False,False
BRA-ANGRA-UNIT-3,Angra-3,Unit 3,Angra,Brazil,Latin America,-23.008,-44.458,Planned,Planned,PWR,PWR,Light Water Reactor,Gen III/III+ or modern LWR,Large,1405.0,1450.0,1405.0,2010-06-01,,,,,,Eletronuclear,Eletronuclear,Siemens/Areva,IAEA-PRIS/WNA-sample,0.55,2026-05-17,False,False,False,False,False
BUL-BELENE-UNIT-1,Belene-1,Unit 1,Belene,Bulgaria,Other,43.626,25.169,Proposed,Proposed,VVER,VVER,Light Water Reactor,Gen III/III+ or modern LWR,Large,1000.0,1060.0,1000.0,,,,,,,BEH,BEH,Rosatom,IAEA-PRIS/WNA-sample,0.55,2026-05-17,False,False,False,False,False
BUL-KOZLODUY-UNIT-5,Kozloduy-5,Unit 5,Kozloduy,Bulgaria,Other,43.797,23.786,Operating,Operating,VVER,VVER,Light Water Reactor,Gen III/III+ or modern LWR,Large,1000.0,1000.0,,1980-07-01,1988-11-23,1989-12-24,,1989.0,37.0,Kozloduy NPP,Kozloduy NPP,Rosatom,IAEA-PRIS/WNA-sample,0.55,2026-05-17,False,False,False,False,False
BUL-KOZLODUY-UNIT-6,Kozloduy-6,Unit 6,Kozloduy,Bulgaria,Other,43.797,23.786,Operating,Operating,VVER,VVER,Light Water Reactor,Gen III/III+ or modern LWR,Large,953.0,1000.0,953.0,1982-04-01,1993-08-30,1993-12-30,,1993.0,33.0,Kozloduy NPP,Kozloduy NPP,Rosatom,IAEA-PRIS/WNA-sample,0.55,2026-05-17,False,False,False,False,False
CAN-BRUCE-UNIT-3,Bruce-3,Unit 3,Bruce,Canada,North America,44.326,-81.593,Operating,Operating,PHWR,PHWR,Heavy Water Reactor,Gen II/legacy or unspecified,Large,769.0,817.0,769.0,1967-06-01,1977-02-01,1978-02-01,,1978.0,48.0,Bruce Power,Bruce Power,AECL,IAEA-PRIS/WNA-sample,0.55,2026-05-17,False,False,False,False,False
CAN-BRUCE-UNIT-4,Bruce-4,Unit 4,Bruce,Canada,North America,44.326,-81.593,Operating,Operating,PHWR,PHWR,Heavy Water Reactor,Gen II/legacy or unspecified,Large,769.0,817.0,769.0,1967-06-01,1978-12-15,1979-01-18,,1979.0,47.0,Bruce Power,Bruce Power,AECL,IAEA-PRIS/WNA-sample,0.55,2026-05-17,False,False,False,False,False
CAN-BRUCE-UNIT-5,Bruce-5,Unit 5,Bruce,Canada,North America,44.326,-81.593,Operating,Operating,PHWR,PHWR,Heavy Water Reactor,Gen II/legacy or unspecified,Large,817.0,872.0,817.0,1978-06-01,1984-12-29,1985-03-01,,1985.0,41.0,Bruce Power,Bruce Power,AECL,IAEA-PRIS/WNA-sample,0.55,2026-05-17,False,False,False,False,False
CAN-BRUCE-UNIT-6,Bruce-6,Unit 6,Bruce,Canada,North America,44.326,-81.593,Operating,Operating,PHWR,PHWR,Heavy Water Reactor,Gen II/legacy or unspecified,Large,817.0,872.0,817.0,1978-09-01,1984-09-14,1984-09-14,,1984.0,42.0,Bruce Power,Bruce Power,AECL,IAEA-PRIS/WNA-sample,0.55,2026-05-17,False,False,False,False,False
CAN-BRUCE-UNIT-7,Bruce-7,Unit 7,Bruce,Canada,North America,44.326,-81.593,Operating,Operating,PHWR,PHWR,Heavy Water Reactor,Gen II/legacy or unspecified,Large,817.0,872.0,817.0,1979-05-01,1986-04-10,1986-04-10,,1986.0,40.0,Bruce Power,Bruce Power,AECL,IAEA-PRIS/WNA-sample,0.55,2026-05-17,False,False,False,False,False
CAN-BRUCE-UNIT-8,Bruce-8,Unit 8,Bruce,Canada,North America,44.326,-81.593,Operating,Operating,PHWR,PHWR,Heavy Water Reactor,Gen II/legacy or unspecified,Large,817.0,872.0,817.0,1979-08-01,1987-05-22,1987-05-22,,1987.0,39.0,Bruce Power,Bruce Power,AECL,IAEA-PRIS/WNA-sample,0.55,2026-05-17,False,False,False,False,False
CAN-DARLINGTON-BWRX-300,Darlington-SMR-1,BWRX-300,Darlington,Canada,North America,43.872,-78.719,Planned,Planned,SMR-LWR,SMR-LWR,Small Modular Reactor,Advanced/Gen IV candidate,SMR,300.0,300.0,300.0,,,,,,,OPG,OPG,GE Hitachi,IAEA-PRIS/WNA-sample,0.55,2026-05-17,True,False,False,False,False
CAN-DARLINGTON-UNIT-1,Darlington-1,Unit 1,Darlington,Canada,North America,43.872,-78.719,Operating,Operating,PHWR,PHWR,Heavy Water Reactor,Gen II/legacy or unspecified,Large,878.0,935.0,878.0,1981-04-01,1990-11-14,1992-11-14,,1992.0,34.0,OPG,OPG,AECL,IAEA-PRIS/WNA-sample,0.55,2026-05-17,False,False,False,False,False
CAN-DARLINGTON-UNIT-2,Darlington-2,Unit 2,Darlington,Canada,North America,43.872,-78.719,Operating,Operating,PHWR,PHWR,Heavy Water Reactor,Gen II/legacy or unspecified,Large,878.0,935.0,878.0,1981-09-01,1990-01-09,1990-10-09,,1990.0,36.0,OPG,OPG,AECL,IAEA-PRIS/WNA-sample,0.55,2026-05-17,False,False,False,False,False
CAN-DARLINGTON-UNIT-3,Darlington-3,Unit 3,Darlington,Canada,North America,43.872,-78.719,Operating,Operating,PHWR,PHWR,Heavy Water Reactor,Gen II/legacy or unspecified,Large,878.0,935.0,878.0,1984-09-01,1992-02-01,1993-02-14,,1993.0,33.0,OPG,OPG,AECL,IAEA-PRIS/WNA-sample,0.55,2026-05-17,False,False,False,False,False
CAN-DARLINGTON-UNIT-4,Darlington-4,Unit 4,Darlington,Canada,North America,43.872,-78.719,Operating,Operating,PHWR,PHWR,Heavy Water Reactor,Gen II/legacy or unspecified,Large,878.0,935.0,878.0,1985-07-01,1993-06-14,1993-06-14,,1993.0,33.0,OPG,OPG,AECL,IAEA-PRIS/WNA-sample,0.55,2026-05-17,False,False,False,False,False
CAN-PICKERING-UNIT-5,Pickering-5,Unit 5,Pickering,Canada,North America,43.81,-79.072,Operating,Operating,PHWR,PHWR,Heavy Water Reactor,Gen II/legacy or unspecified,Mid-size,516.0,540.0,516.0,1974-11-01,1982-05-10,1983-05-10,,1983.0,43.0,OPG,OPG,AECL,IAEA-PRIS/WNA-sample,0.55,2026-05-17,False,False,False,False,False
CAN-PICKERING-UNIT-6,Pickering-6,Unit 6,Pickering,Canada,North America,43.81,-79.072,Operating,Operating,PHWR,PHWR,Heavy Water Reactor,Gen II/legacy or unspecified,Mid-size,516.0,540.0,516.0,1975-10-01,1983-10-21,1984-02-01,,1984.0,42.0,OPG,OPG,AECL,IAEA-PRIS/WNA-sample,0.55,2026-05-17,False,False,False,False,False
CAN-PICKERING-UNIT-7,Pickering-7,Unit 7,Pickering,Canada,North America,43.81,-79.072,Operating,Operating,PHWR,PHWR,Heavy Water Reactor,Gen II/legacy or unspecified,Mid-size,516.0,540.0,516.0,1976-01-01,1985-09-13,1986-01-13,,1986.0,40.0,OPG,OPG,AECL,IAEA-PRIS/WNA-sample,0.55,2026-05-17,False,False,False,False,False
CAN-PICKERING-UNIT-8,Pickering-8,Unit 8,Pickering,Canada,North America,43.81,-79.072,Operating,Operating,PHWR,PHWR,Heavy Water Reactor,Gen II/legacy or unspecified,Mid-size,516.0,540.0,516.0,1976-09-01,1986-02-09,1986-02-09,,1986.0,40.0,OPG,OPG,AECL,IAEA-PRIS/WNA-sample,0.55,2026-05-17,False,False,False,False,False
CHI-CHANGJIANG-UNIT-1,Changjiang-1,Unit 1,Changjiang,China,Asia,19.49,109.141,Operating,Operating,PWR,PWR,Light Water Reactor,Gen III/III+ or modern LWR,Large,1000.0,1080.0,1000.0,2010-04-25,2015-11-07,2015-11-07,,2015.0,11.0,CNNC,CNNC,CNNC,IAEA-PRIS/WNA-sample,0.55,2026-05-17,False,False,False,False,False
CHI-CHANGJIANG-UNIT-2,Changjiang-2,Unit 2,Changjiang,China,Asia,19.49,109.141,Operating,Operating,PWR,PWR,Light Water Reactor,Gen III/III+ or modern LWR,Large,1000.0,1080.0,1000.0,2010-11-21,2016-08-26,2016-08-26,,2016.0,10.0,CNNC,CNNC,CNNC,IAEA-PRIS/WNA-sample,0.55,2026-05-17,False,False,False,False,False
CHI-CHANGJIANG-UNIT-3,Changjiang-3,Unit 3,Changjiang,China,Asia,19.49,109.141,Under Construction,Construction,PWR,PWR,Light Water Reactor,Gen III/III+ or modern LWR,Large,1000.0,1080.0,1000.0,2021-07-28,,,,,,CNNC,CNNC,CNNC,IAEA-PRIS/WNA-sample,0.55,2026-05-17,False,False,False,False,False
CHI-DAYA-BAY-UNIT-1,Daya Bay-1,Unit 1,Daya Bay,China,Asia,22.598,114.538,Operating,Operating,PWR,PWR,Light Water Reactor,Gen III/III+ or modern LWR,Large,944.0,984.0,944.0,1987-08-07,1993-08-31,1994-02-01,,1994.0,32.0,CGNPC,CGN,Framatome,IAEA-PRIS/WNA-sample,0.55,2026-05-17,False,False,False,False,False
CHI-DAYA-BAY-UNIT-2,Daya Bay-2,Unit 2,Daya Bay,China,Asia,22.598,114.538,Operating,Operating,PWR,PWR,Light Water Reactor,Gen III/III+ or modern LWR,Large,944.0,984.0,944.0,1988-04-07,1994-02-07,1994-05-06,,1994.0,32.0,CGNPC,CGN,Framatome,IAEA-PRIS/WNA-sample,0.55,2026-05-17,False,False,False,False,False
CHI-FANGCHENGGANG-UNIT-1,Fangchenggang-1,Unit 1,Fangchenggang,China,Asia,21.483,108.14,Operating,Operating,PWR,PWR,Light Water Reactor,Gen III/III+ or modern LWR,Large,1000.0,1086.0,1000.0,2010-07-30,2015-10-26,2016-01-01,,2016.0,10.0,CGNPC,CGN,CGN,IAEA-PRIS/WNA-sample,0.55,2026-05-17,False,False,False,False,False
CHI-FANGCHENGGANG-UNIT-2,Fangchenggang-2,Unit 2,Fangchenggang,China,Asia,21.483,108.14,Operating,Operating,PWR,PWR,Light Water Reactor,Gen III/III+ or modern LWR,Large,1000.0,1086.0,1000.0,2010-12-23,2016-07-16,2016-10-01,,2016.0,10.0,CGNPC,CGN,CGN,IAEA-PRIS/WNA-sample,0.55,2026-05-17,False,False,False,False,False
CHI-FANGCHENGGANG-UNIT-3,Fangchenggang-3,Unit 3,Fangchenggang,China,Asia,21.483,108.14,Operating,Operating,PWR,PWR,Light Water Reactor,Gen III/III+ or modern LWR,Large,1000.0,1080.0,1000.0,2015-12-24,2022-03-24,2022-06-10,,2022.0,4.0,CGNPC,CGN,CGN,IAEA-PRIS/WNA-sample,0.55,2026-05-17,False,False,False,False,False
CHI-FANGCHENGGANG-UNIT-4,Fangchenggang-4,Unit 4,Fangchenggang,China,Asia,21.483,108.14,Operating,Operating,PWR,PWR,Light Water Reactor,Gen III/III+ or modern LWR,Large,1000.0,1080.0,1000.0,2016-12-23,2022-10-25,2023-03-25,,2023.0,3.0,CGNPC,CGN,CGN,IAEA-PRIS/WNA-sample,0.55,2026-05-17,False,False,False,False,False
CHI-FUQING-UNIT-1,Fuqing-1,Unit 1,Fuqing,China,Asia,25.432,119.462,Operating,Operating,PWR,PWR,Light Water Reactor,Gen III/III+ or modern LWR,Large,1000.0,1089.0,1000.0,2008-11-21,2013-11-22,2014-11-22,,2014.0,12.0,CNNC,CNNC,CNNC,IAEA-PRIS/WNA-sample,0.55,2026-05-17,False,False,False,False,False
CHI-FUQING-UNIT-2,Fuqing-2,Unit 2,Fuqing,China,Asia,25.432,119.462,Operating,Operating,PWR,PWR,Light Water Reactor,Gen III/III+ or modern LWR,Large,1000.0,1089.0,1000.0,2009-06-29,2015-10-16,2015-10-16,,2015.0,11.0,CNNC,CNNC,CNNC,IAEA-PRIS/WNA-sample,0.55,2026-05-17,False,False,False,False,False
CHI-FUQING-UNIT-3,Fuqing-3,Unit 3,Fuqing,China,Asia,25.432,119.462,Operating,Operating,PWR,PWR,Light Water Reactor,Gen III/III+ or modern LWR,Large,1000.0,1089.0,1000.0,2010-12-31,2016-06-10,2016-10-10,,2016.0,10.0,CNNC,CNNC,CNNC,IAEA-PRIS/WNA-sample,0.55,2026-05-17,False,False,False,False,False
CHI-FUQING-UNIT-4,Fuqing-4,Unit 4,Fuqing,China,Asia,25.432,119.462,Operating,Operating,PWR,PWR,Light Water Reactor,Gen III/III+ or modern LWR,Large,1000.0,1089.0,1000.0,2012-11-17,2017-09-17,2017-09-17,,2017.0,9.0,CNNC,CNNC,CNNC,IAEA-PRIS/WNA-sample,0.55,2026-05-17,False,False,False,False,False
CHI-FUQING-UNIT-5,Fuqing-5,Unit 5,Fuqing,China,Asia,25.432,119.462,Operating,Operating,PWR,PWR,Light Water Reactor,Gen III/III+ or modern LWR,Large,1000.0,1089.0,1000.0,2015-05-07,2021-01-30,2021-09-30,,2021.0,5.0,CNNC,CNNC,CNNC,IAEA-PRIS/WNA-sample,0.55,2026-05-17,False,False,False,False,False
CHI-FUQING-UNIT-6,Fuqing-6,Unit 6,Fuqing,China,Asia,25.432,119.462,Operating,Operating,PWR,PWR,Light Water Reactor,Gen III/III+ or modern LWR,Large,1000.0,1089.0,1000.0,2015-12-22,2022-01-11,2022-03-25,,2022.0,4.0,CNNC,CNNC,CNNC,IAEA-PRIS/WNA-sample,0.55,2026-05-17,False,False,False,False,False
CHI-HAIYANG-UNIT-1,Haiyang-1,Unit 1,Haiyang,China,Asia,36.776,121.461,Operating,Operating,PWR,AP1000,Light Water Reactor,Gen III/III+ or modern LWR,Large,1157.0,1250.0,1157.0,2009-09-26,2018-10-22,2018-11-22,,2018.0,8.0,SPNC,SPNC,Westinghouse,IAEA-PRIS/WNA-sample,0.55,2026-05-17,False,False,False,False,False
CHI-HAIYANG-UNIT-2,Haiyang-2,Unit 2,Haiyang,China,Asia,36.776,121.461,Operating,Operating,PWR,AP1000,Light Water Reactor,Gen III/III+ or modern LWR,Large,1157.0,1250.0,1157.0,2010-06-20,2019-01-09,2019-05-09,,2019.0,7.0,SPNC,SPNC,Westinghouse,IAEA-PRIS/WNA-sample,0.55,2026-05-17,False,False,False,False,False
CHI-HAIYANG-UNIT-3,Haiyang-3,Unit 3,Haiyang,China,Asia,36.776,121.461,Under Construction,Construction,PWR,AP1000,Light Water Reactor,Gen III/III+ or modern LWR,Large,1157.0,1250.0,1157.0,2022-01-01,,,,,,SPNC,SPNC,Westinghouse,IAEA-PRIS/WNA-sample,0.55,2026-05-17,False,False,False,False,False
CHI-HONGYANHE-UNIT-1,Hongyanhe-1,Unit 1,Hongyanhe,China,Asia,39.794,121.474,Operating,Operating,PWR,PWR,Light Water Reactor,Gen III/III+ or modern LWR,Large,1061.0,1119.0,1061.0,2007-08-18,2013-02-17,2013-06-06,,2013.0,13.0,CGNPC/CNOOC,CGN,CGN,IAEA-PRIS/WNA-sample,0.55,2026-05-17,False,False,False,False,False
CHI-HONGYANHE-UNIT-2,Hongyanhe-2,Unit 2,Hongyanhe,China,Asia,39.794,121.474,Operating,Operating,PWR,PWR,Light Water Reactor,Gen III/III+ or modern LWR,Large,1061.0,1119.0,1061.0,2008-03-28,2014-05-13,2014-05-13,,2014.0,12.0,CGNPC,CGN,CGN,IAEA-PRIS/WNA-sample,0.55,2026-05-17,False,False,False,False,False
CHI-HONGYANHE-UNIT-3,Hongyanhe-3,Unit 3,Hongyanhe,China,Asia,39.794,121.474,Operating,Operating,PWR,PWR,Light Water Reactor,Gen III/III+ or modern LWR,Large,1061.0,1119.0,1061.0,2009-03-07,2015-08-16,2015-08-16,,2015.0,11.0,CGNPC,CGN,CGN,IAEA-PRIS/WNA-sample,0.55,2026-05-17,False,False,False,False,False
CHI-HONGYANHE-UNIT-4,Hongyanhe-4,Unit 4,Hongyanhe,China,Asia,39.794,121.474,Operating,Operating,PWR,PWR,Light Water Reactor,Gen III/III+ or modern LWR,Large,1061.0,1119.0,1061.0,2009-08-15,2016-09-25,2016-09-25,,2016.0,10.0,CGNPC,CGN,CGN,IAEA-PRIS/WNA-sample,0.55,2026-05-17,False,False,False,False,False
CHI-HONGYANHE-UNIT-5,Hongyanhe-5,Unit 5,Hongyanhe,China,Asia,39.794,121.474,Operating,Operating,PWR,PWR,Light Water Reactor,Gen III/III+ or modern LWR,Large,1061.0,1119.0,1061.0,2015-03-29,2021-07-24,2021-09-08,,2021.0,5.0,CGNPC/CNOOC,CGN,CGN,IAEA-PRIS/WNA-sample,0.55,2026-05-17,False,False,False,False,False
CHI-HONGYANHE-UNIT-6,Hongyanhe-6,Unit 6,Hongyanhe,China,Asia,39.794,121.474,Operating,Operating,PWR,PWR,Light Water Reactor,Gen III/III+ or modern LWR,Large,1061.0,1119.0,1061.0,2015-07-24,2022-08-28,2022-08-28,,2022.0,4.0,CGNPC,CGN,CGN,IAEA-PRIS/WNA-sample,0.55,2026-05-17,False,False,False,False,False
CHI-LIANJIANG-UNIT-1,Lianjiang-1,Unit 1,Lianjiang,China,Asia,20.55,110.143,Under Construction,Construction,PWR,PWR,Light Water Reactor,Gen III/III+ or modern LWR,Large,1000.0,1080.0,1000.0,2023-02-23,,,,,,CGN,CGN,CGN,IAEA-PRIS/WNA-sample,0.55,2026-05-17,False,False,False,False,False
CHI-LING-AO-UNIT-1,Ling Ao-1,Unit 1,Ling Ao,China,Asia,22.598,114.538,Operating,Operating,PWR,PWR,Light Water Reactor,Gen III/III+ or modern LWR,Large,990.0,1036.0,990.0,1997-05-15,2002-05-28,2002-05-28,,2002.0,24.0,CGNPC,CGN,Framatome,IAEA-PRIS/WNA-sample,0.55,2026-05-17,False,False,False,False,False
CHI-LING-AO-UNIT-2,Ling Ao-2,Unit 2,Ling Ao,China,Asia,22.598,114.538,Operating,Operating,PWR,PWR,Light Water Reactor,Gen III/III+ or modern LWR,Large,990.0,1036.0,990.0,1997-11-01,2003-01-08,2003-01-08,,2003.0,23.0,CGNPC,CGN,Framatome,IAEA-PRIS/WNA-sample,0.55,2026-05-17,False,False,False,False,False
CHI-LUFENG-UNIT-5,Lufeng-5,Unit 5,Lufeng,China,Asia,22.639,115.699,Under Construction,Construction,PWR,PWR,Light Water Reactor,Gen III/III+ or modern LWR,Large,1000.0,1080.0,1000.0,2022-07-08,,,,,,CGN,CGN,CGN,IAEA-PRIS/WNA-sample,0.55,2026-05-17,False,False,False,False,False
CHI-NINGDE-UNIT-1,Ningde-1,Unit 1,Ningde,China,Asia,27.06,120.21,Operating,Operating,PWR,PWR,Light Water Reactor,Gen III/III+ or modern LWR,Large,1000.0,1089.0,1000.0,2008-02-18,2012-12-28,2013-04-15,,2013.0,13.0,CGNPC,CGN,CGN,IAEA-PRIS/WNA-sample,0.55,2026-05-17,False,False,False,False,False
CHI-NINGDE-UNIT-2,Ningde-2,Unit 2,Ningde,China,Asia,27.06,120.21,Operating,Operating,PWR,PWR,Light Water Reactor,Gen III/III+ or modern LWR,Large,1000.0,1089.0,1000.0,2008-11-12,2014-01-04,2014-05-04,,2014.0,12.0,CGNPC,CGN,CGN,IAEA-PRIS/WNA-sample,0.55,2026-05-17,False,False,False,False,False
CHI-NINGDE-UNIT-3,Ningde-3,Unit 3,Ningde,China,Asia,27.06,120.21,Operating,Operating,PWR,PWR,Light Water Reactor,Gen III/III+ or modern LWR,Large,1000.0,1089.0,1000.0,2010-01-08,2015-06-10,2015-06-10,,2015.0,11.0,CGNPC,CGN,CGN,IAEA-PRIS/WNA-sample,0.55,2026-05-17,False,False,False,False,False
CHI-NINGDE-UNIT-4,Ningde-4,Unit 4,Ningde,China,Asia,27.06,120.21,Operating,Operating,PWR,PWR,Light Water Reactor,Gen III/III+ or modern LWR,Large,1000.0,1089.0,1000.0,2012-09-29,2016-07-21,2016-07-21,,2016.0,10.0,CGNPC,CGN,CGN,IAEA-PRIS/WNA-sample,0.55,2026-05-17,False,False,False,False,False
CHI-QINSHAN-II-UNIT-1,Qinshan-2-1,Unit 1,Qinshan II,China,Asia,30.437,120.954,Operating,Operating,PWR,PWR,Light Water Reactor,Gen III/III+ or modern LWR,Mid-size,650.0,688.0,650.0,1996-06-02,2002-02-06,2002-04-15,,2002.0,24.0,CNNC,CNNC,CNNC,IAEA-PRIS/WNA-sample,0.55,2026-05-17,False,False,False,False,False
CHI-QINSHAN-III-UNIT-1,Qinshan-3-1,Unit 1,Qinshan III,China,Asia,30.437,120.954,Operating,Operating,PHWR,PHWR,Heavy Water Reactor,Gen II/legacy or unspecified,Mid-size,677.0,728.0,677.0,1998-06-08,2002-11-19,2003-07-24,,2003.0,23.0,CNNC,CNNC,AECL,IAEA-PRIS/WNA-sample,0.55,2026-05-17,False,False,False,False,False
CHI-QINSHAN-III-UNIT-2,Qinshan-3-2,Unit 2,Qinshan III,China,Asia,30.437,120.954,Operating,Operating,PHWR,PHWR,Heavy Water Reactor,Gen II/legacy or unspecified,Mid-size,677.0,728.0,677.0,1998-09-25,2004-06-12,2004-07-01,,2004.0,22.0,CNNC,CNNC,AECL,IAEA-PRIS/WNA-sample,0.55,2026-05-17,False,False,False,False,False
CHI-QINSHAN-UNIT-1,Qinshan-1,Unit 1,Qinshan,China,Asia,30.437,120.954,Operating,Operating,PWR,PWR,Light Water Reactor,Gen III/III+ or modern LWR,SMR,300.0,320.0,300.0,1985-03-20,1991-12-15,1994-04-01,,1994.0,32.0,CNNC,CNNC,CNNC,IAEA-PRIS/WNA-sample,0.55,2026-05-17,False,False,False,False,False
CHI-SANMEN-UNIT-1,Sanmen-1,Unit 1,Sanmen,China,Asia,29.101,121.641,Operating,Operating,PWR,AP1000,Light Water Reactor,Gen III/III+ or modern LWR,Large,1157.0,1250.0,1157.0,2009-04-19,2018-06-30,2018-09-21,,2018.0,8.0,CNNC,CNNC,Westinghouse,IAEA-PRIS/WNA-sample,0.55,2026-05-17,False,False,False,False,False
CHI-SANMEN-UNIT-2,Sanmen-2,Unit 2,Sanmen,China,Asia,29.101,121.641,Operating,Operating,PWR,AP1000,Light Water Reactor,Gen III/III+ or modern LWR,Large,1157.0,1250.0,1157.0,2009-12-15,2018-08-17,2018-11-05,,2018.0,8.0,CNNC,CNNC,Westinghouse,IAEA-PRIS/WNA-sample,0.55,2026-05-17,False,False,False,False,False
CHI-SANMEN-UNIT-2B,Sanmen-2b,Unit 2b,Sanmen,China,Asia,29.101,121.641,Under Construction,Construction,PWR,AP1000,Light Water Reactor,Gen III/III+ or modern LWR,Large,1157.0,1250.0,1157.0,2010-01-01,,,,,,CNNC,CNNC,Westinghouse,IAEA-PRIS/WNA-sample,0.55,2026-05-17,False,False,False,False,False
CHI-SANMEN-UNIT-3,Sanmen-3,Unit 3,Sanmen,China,Asia,29.101,121.641,Under Construction,Construction,PWR,AP1000,Light Water Reactor,Gen III/III+ or modern LWR,Large,1157.0,1250.0,1157.0,2022-07-21,,,,,,CNNC,CNNC,Westinghouse,IAEA-PRIS/WNA-sample,0.55,2026-05-17,False,False,False,False,False
CHI-SHIDAOWAN-HTR-PM,Shidaowan-HTR,HTR-PM,Shidaowan,China,Asia,37.086,122.688,Operating,Operating,HTGR,HTGR,Gas-Cooled Reactor,Advanced/Gen IV candidate,SMR,200.0,211.0,200.0,2012-12-09,2021-12-20,2023-12-06,,2023.0,3.0,CNNC,CNNC,CNNC,IAEA-PRIS/WNA-sample,0.55,2026-05-17,False,True,False,False,False
CHI-TAISHAN-UNIT-1,Taishan-1,Unit 1,Taishan,China,Asia,21.918,112.981,Operating,Operating,PWR,EPR,Light Water Reactor,Gen III/III+ or modern LWR,Large,1660.0,1750.0,1660.0,2009-10-28,2018-06-29,2018-12-13,,2018.0,8.0,TNPJVC,CGN,Framatome,IAEA-PRIS/WNA-sample,0.55,2026-05-17,False,False,False,False,False
CHI-TAISHAN-UNIT-2,Taishan-2,Unit 2,Taishan,China,Asia,21.918,112.981,Operating,Operating,PWR,EPR,Light Water Reactor,Gen III/III+ or modern LWR,Large,1660.0,1750.0,1660.0,2010-04-15,2019-06-23,2019-09-07,,2019.0,7.0,TNPJVC,CGN,Framatome,IAEA-PRIS/WNA-sample,0.55,2026-05-17,False,False,False,False,False
CHI-TIANWAN-UNIT-1,Tianwan-1,Unit 1,Tianwan,China,Asia,34.692,119.455,Operating,Operating,VVER,VVER,Light Water Reactor,Gen III/III+ or modern LWR,Large,1060.0,1126.0,1060.0,2000-10-20,2006-05-12,2007-05-17,,2007.0,19.0,JNPC,JNPC,Rosatom,IAEA-PRIS/WNA-sample,0.55,2026-05-17,False,False,False,False,False
CHI-TIANWAN-UNIT-2,Tianwan-2,Unit 2,Tianwan,China,Asia,34.692,119.455,Operating,Operating,VVER,VVER,Light Water Reactor,Gen III/III+ or modern LWR,Large,1060.0,1126.0,1060.0,2000-10-20,2007-08-16,2007-08-16,,2007.0,19.0,JNPC,JNPC,Rosatom,IAEA-PRIS/WNA-sample,0.55,2026-05-17,False,False,False,False,False
CHI-TIANWAN-UNIT-3,Tianwan-3,Unit 3,Tianwan,China,Asia,34.692,119.455,Operating,Operating,VVER,VVER,Light Water Reactor,Gen III/III+ or modern LWR,Large,1060.0,1126.0,1060.0,2012-12-27,2018-02-15,2018-02-15,,2018.0,8.0,JNPC,JNPC,Rosatom,IAEA-PRIS/WNA-sample,0.55,2026-05-17,False,False,False,False,False
CHI-TIANWAN-UNIT-4,Tianwan-4,Unit 4,Tianwan,China,Asia,34.692,119.455,Operating,Operating,VVER,VVER,Light Water Reactor,Gen III/III+ or modern LWR,Large,1060.0,1126.0,1060.0,2013-09-27,2018-12-22,2018-12-22,,2018.0,8.0,JNPC,JNPC,Rosatom,IAEA-PRIS/WNA-sample,0.55,2026-05-17,False,False,False,False,False
CHI-TIANWAN-UNIT-5,Tianwan-5,Unit 5,Tianwan,China,Asia,34.692,119.455,Operating,Operating,PWR,VVER,Light Water Reactor,Gen III/III+ or modern LWR,Large,1060.0,1126.0,1060.0,2015-12-27,2020-07-08,2020-09-08,,2020.0,6.0,JNPC,JNPC,Rosatom,IAEA-PRIS/WNA-sample,0.55,2026-05-17,False,False,False,False,False
CHI-TIANWAN-UNIT-6,Tianwan-6,Unit 6,Tianwan,China,Asia,34.692,119.455,Operating,Operating,PWR,VVER,Light Water Reactor,Gen III/III+ or modern LWR,Large,1060.0,1126.0,1060.0,2016-09-07,2021-05-19,2021-05-19,,2021.0,5.0,JNPC,JNPC,Rosatom,IAEA-PRIS/WNA-sample,0.55,2026-05-17,False,False,False,False,False
CHI-TIANWAN-UNIT-7,Tianwan-7,Unit 7,Tianwan,China,Asia,34.692,119.455,Under Construction,Construction,VVER,VVER,Light Water Reactor,Gen III/III+ or modern LWR,Large,1200.0,1250.0,1200.0,2021-05-19,,,,,,JNPC,JNPC,Rosatom,IAEA-PRIS/WNA-sample,0.55,2026-05-17,False,False,False,False,False
CHI-XUDABAO-UNIT-1,Xudabao-1,Unit 1,Xudabao,China,Asia,40.588,120.285,Operating,Operating,PWR,VVER,Light Water Reactor,Gen III/III+ or modern LWR,Large,1060.0,1126.0,1060.0,2007-08-18,2021-05-31,2021-09-30,,2021.0,5.0,CGNPC,CGN,Rosatom,IAEA-PRIS/WNA-sample,0.55,2026-05-17,False,False,False,False,False
CHI-XUDABAO-UNIT-2,Xudabao-2,Unit 2,Xudabao,China,Asia,40.588,120.285,Operating,Operating,PWR,VVER,Light Water Reactor,Gen III/III+ or modern LWR,Large,1060.0,1126.0,1060.0,2008-01-15,2022-12-21,2022-12-21,,2022.0,4.0,CGNPC,CGN,Rosatom,IAEA-PRIS/WNA-sample,0.55,2026-05-17,False,False,False,False,False
CHI-XUDABAO-UNIT-3,Xudabao-3,Unit 3,Xudabao,China,Asia,40.588,120.285,Under Construction,Construction,VVER,VVER,Light Water Reactor,Gen III/III+ or modern LWR,Large,1200.0,1250.0,1200.0,2021-07-19,,,,,,CGNPC,CGN,Rosatom,IAEA-PRIS/WNA-sample,0.55,2026-05-17,False,False,False,False,False
CHI-XUDABAO-UNIT-4,Xudabao-4,Unit 4,Xudabao,China,Asia,40.588,120.285,Under Construction,Construction,VVER,VVER,Light Water Reactor,Gen III/III+ or modern LWR,Large,1200.0,1250.0,1200.0,2023-06-01,,,,,,CGNPC,CGN,Rosatom,IAEA-PRIS/WNA-sample,0.55,2026-05-17,False,False,False,False,False
CHI-YANGJIANG-UNIT-1,Yangjiang-1,Unit 1,Yangjiang,China,Asia,21.705,111.606,Operating,Operating,PWR,PWR,Light Water Reactor,Gen III/III+ or modern LWR,Large,1086.0,1140.0,1086.0,2008-12-16,2013-12-27,2014-03-25,,2014.0,12.0,CGNPC,CGN,CGN,IAEA-PRIS/WNA-sample,0.55,2026-05-17,False,False,False,False,False
CHI-YANGJIANG-UNIT-2,Yangjiang-2,Unit 2,Yangjiang,China,Asia,21.705,111.606,Operating,Operating,PWR,PWR,Light Water Reactor,Gen III/III+ or modern LWR,Large,1086.0,1140.0,1086.0,2009-05-04,2015-06-05,2015-06-05,,2015.0,11.0,CGNPC,CGN,CGN,IAEA-PRIS/WNA-sample,0.55,2026-05-17,False,False,False,False,False
CHI-YANGJIANG-UNIT-3,Yangjiang-3,Unit 3,Yangjiang,China,Asia,21.705,111.606,Operating,Operating,PWR,PWR,Light Water Reactor,Gen III/III+ or modern LWR,Large,1086.0,1140.0,1086.0,2010-11-15,2015-10-01,2016-01-01,,2016.0,10.0,CGNPC,CGN,CGN,IAEA-PRIS/WNA-sample,0.55,2026-05-17,False,False,False,False,False
CHI-YANGJIANG-UNIT-4,Yangjiang-4,Unit 4,Yangjiang,China,Asia,21.705,111.606,Operating,Operating,PWR,PWR,Light Water Reactor,Gen III/III+ or modern LWR,Large,1086.0,1140.0,1086.0,2012-11-17,2017-03-15,2017-03-15,,2017.0,9.0,CGNPC,CGN,CGN,IAEA-PRIS/WNA-sample,0.55,2026-05-17,False,False,False,False,False
CHI-YANGJIANG-UNIT-5,Yangjiang-5,Unit 5,Yangjiang,China,Asia,21.705,111.606,Operating,Operating,PWR,PWR,Light Water Reactor,Gen III/III+ or modern LWR,Large,1086.0,1140.0,1086.0,2013-09-18,2018-07-21,2018-07-21,,2018.0,8.0,CGNPC,CGN,CGN,IAEA-PRIS/WNA-sample,0.55,2026-05-17,False,False,False,False,False
CHI-YANGJIANG-UNIT-6,Yangjiang-6,Unit 6,Yangjiang,China,Asia,21.705,111.606,Operating,Operating,PWR,PWR,Light Water Reactor,Gen III/III+ or modern LWR,Large,1086.0,1140.0,1086.0,2013-12-23,2019-07-31,2019-07-31,,2019.0,7.0,CGNPC,CGN,CGN,IAEA-PRIS/WNA-sample,0.55,2026-05-17,False,False,False,False,False
CHI-ZHANGZHOU-UNIT-1,Zhangzhou-1,Unit 1,Zhangzhou,China,Asia,24.1,117.855,Under Construction,Construction,PWR,PWR,Light Water Reactor,Gen III/III+ or modern LWR,Large,1126.0,1212.0,1126.0,2019-10-16,,,,,,CNNC,CNNC,CNNC,IAEA-PRIS/WNA-sample,0.55,2026-05-17,False,False,False,False,False
CHI-ZHANGZHOU-UNIT-2,Zhangzhou-2,Unit 2,Zhangzhou,China,Asia,24.1,117.855,Under Construction,Construction,PWR,PWR,Light Water Reactor,Gen III/III+ or modern LWR,Large,1126.0,1212.0,1126.0,2020-09-04,,,,,,CNNC,CNNC,CNNC,IAEA-PRIS/WNA-sample,0.55,2026-05-17,False,False,False,False,False
CZE-DUKOVANY-UNIT-1,Dukovany-1,Unit 1,Dukovany,Czech Republic,Other,49.088,16.147,Operating,Operating,VVER,VVER,Light Water Reactor,Gen III/III+ or modern LWR,Mid-size,440.0,500.0,440.0,1974-01-01,1985-03-22,1985-05-03,,1985.0,41.0,CEZ,CEZ,Rosatom,IAEA-PRIS/WNA-sample,0.55,2026-05-17,False,False,False,False,False
CZE-DUKOVANY-UNIT-2,Dukovany-2,Unit 2,Dukovany,Czech Republic,Other,49.088,16.147,Operating,Operating,VVER,VVER,Light Water Reactor,Gen III/III+ or modern LWR,Mid-size,440.0,500.0,440.0,1977-01-01,1985-12-09,1986-01-14,,1986.0,40.0,CEZ,CEZ,Rosatom,IAEA-PRIS/WNA-sample,0.55,2026-05-17,False,False,False,False,False
CZE-DUKOVANY-UNIT-3,Dukovany-3,Unit 3,Dukovany,Czech Republic,Other,49.088,16.147,Operating,Operating,VVER,VVER,Light Water Reactor,Gen III/III+ or modern LWR,Mid-size,440.0,500.0,440.0,1979-03-01,1986-12-17,1987-01-01,,1987.0,39.0,CEZ,CEZ,Rosatom,IAEA-PRIS/WNA-sample,0.55,2026-05-17,False,False,False,False,False
CZE-DUKOVANY-UNIT-4,Dukovany-4,Unit 4,Dukovany,Czech Republic,Other,49.088,16.147,Operating,Operating,VVER,VVER,Light Water Reactor,Gen III/III+ or modern LWR,Mid-size,440.0,500.0,440.0,1981-01-01,1987-07-19,1987-09-19,,1987.0,39.0,CEZ,CEZ,Rosatom,IAEA-PRIS/WNA-sample,0.55,2026-05-17,False,False,False,False,False
CZE-TEMELIN-UNIT-1,Temelin-1,Unit 1,Temelin,Czech Republic,Other,49.071,14.374,Operating,Operating,VVER,VVER,Light Water Reactor,Gen III/III+ or modern LWR,Large,1000.0,1078.0,1000.0,1987-11-01,2002-06-10,2002-12-10,,2002.0,24.0,CEZ,CEZ,Rosatom,IAEA-PRIS/WNA-sample,0.55,2026-05-17,False,False,False,False,False
CZE-TEMELIN-UNIT-2,Temelin-2,Unit 2,Temelin,Czech Republic,Other,49.071,14.374,Operating,Operating,VVER,VVER,Light Water Reactor,Gen III/III+ or modern LWR,Large,1000.0,1078.0,1000.0,1987-11-01,2002-12-18,2003-04-18,,2003.0,23.0,CEZ,CEZ,Rosatom,IAEA-PRIS/WNA-sample,0.55,2026-05-17,False,False,False,False,False
EGY-EL-DABAA-UNIT-1,El Dabaa-1,Unit 1,El Dabaa,Egypt,Africa,31.041,28.497,Under Construction,Construction,VVER,VVER,Light Water Reactor,Gen III/III+ or modern LWR,Large,1114.0,1200.0,1114.0,2022-07-20,,,,,,NPPA,NPPA,Rosatom,IAEA-PRIS/WNA-sample,0.55,2026-05-17,False,False,False,False,False
EGY-EL-DABAA-UNIT-2,El Dabaa-2,Unit 2,El Dabaa,Egypt,Africa,31.041,28.497,Under Construction,Construction,VVER,VVER,Light Water Reactor,Gen III/III+ or modern LWR,Large,1114.0,1200.0,1114.0,2022-11-19,,,,,,NPPA,NPPA,Rosatom,IAEA-PRIS/WNA-sample,0.55,2026-05-17,False,False,False,False,False
EGY-EL-DABAA-UNIT-3,El Dabaa-3,Unit 3,El Dabaa,Egypt,Africa,31.041,28.497,Planned,Planned,VVER,VVER,Light Water Reactor,Gen III/III+ or modern LWR,Large,1114.0,1200.0,1114.0,,,,,,,NPPA,NPPA,Rosatom,IAEA-PRIS/WNA-sample,0.55,2026-05-17,False,False,False,False,False
FIN-LOVIISA-UNIT-1,Loviisa-1,Unit 1,Loviisa,Finland,Other,60.404,26.37,Operating,Operating,VVER,VVER,Light Water Reactor,Gen III/III+ or modern LWR,Mid-size,496.0,535.0,496.0,1971-05-01,1977-02-09,1977-05-09,,1977.0,49.0,Fortum,Fortum,IVO/Rosatom,IAEA-PRIS/WNA-sample,0.55,2026-05-17,False,False,False,False,False
FIN-LOVIISA-UNIT-2,Loviisa-2,Unit 2,Loviisa,Finland,Other,60.404,26.37,Operating,Operating,VVER,VVER,Light Water Reactor,Gen III/III+ or modern LWR,Mid-size,496.0,535.0,496.0,1972-08-01,1980-01-05,1981-01-05,,1981.0,45.0,Fortum,Fortum,IVO/Rosatom,IAEA-PRIS/WNA-sample,0.55,2026-05-17,False,False,False,False,False
FIN-OLKILUOTO-UNIT-1,Olkiluoto-1,Unit 1,Olkiluoto,Finland,Other,61.235,21.445,Operating,Operating,BWR,BWR,Light Water Reactor,Gen II/legacy or unspecified,Large,880.0,910.0,880.0,1976-02-01,1978-09-02,1979-10-02,,1979.0,47.0,TVO,TVO,ABB Atom,IAEA-PRIS/WNA-sample,0.55,2026-05-17,False,False,False,False,False
FIN-OLKILUOTO-UNIT-1R,Olkiluoto-1r,Unit 1r,Olkiluoto,Finland,Other,61.235,21.445,Planned,Planned,BWR,BWR,Light Water Reactor,Gen II/legacy or unspecified,Large,890.0,930.0,890.0,,,,,,,TVO,TVO,ABB,IAEA-PRIS/WNA-sample,0.55,2026-05-17,False,False,False,False,False
FIN-OLKILUOTO-UNIT-2,Olkiluoto-2,Unit 2,Olkiluoto,Finland,Other,61.235,21.445,Operating,Operating,BWR,BWR,Light Water Reactor,Gen II/legacy or unspecified,Large,890.0,920.0,890.0,1975-11-01,1980-02-10,1982-07-10,,1982.0,44.0,TVO,TVO,ABB Atom,IAEA-PRIS/WNA-sample,0.55,2026-05-17,False,False,False,False,False
FIN-OLKILUOTO-UNIT-3,Olkiluoto-3,Unit 3,Olkiluoto,Finland,Other,61.235,21.445,Operating,Operating,PWR,EPR,Light Water Reactor,Gen III/III+ or modern LWR,Large,1600.0,1720.0,1600.0,2005-08-12,2022-03-12,2023-04-16,,2023.0,3.0,TVO,TVO,Framatome,IAEA-PRIS/WNA-sample,0.55,2026-05-17,False,False,False,False,False
FRA-BELLEVILLE-UNIT-1,Belleville-1,Unit 1,Belleville,France,Europe,47.506,2.874,Operating,Operating,PWR,PWR,Light Water Reactor,Gen III/III+ or modern LWR,Large,1310.0,1362.0,1310.0,1980-05-01,1987-06-14,1988-06-06,,1988.0,38.0,EDF,EDF,Framatome,IAEA-PRIS/WNA-sample,0.55,2026-05-17,False,False,False,False,False
FRA-BELLEVILLE-UNIT-2,Belleville-2,Unit 2,Belleville,France,Europe,47.506,2.874,Operating,Operating,PWR,PWR,Light Water Reactor,Gen III/III+ or modern LWR,Large,1310.0,1362.0,1310.0,1980-08-01,1988-01-06,1988-07-01,,1988.0,38.0,EDF,EDF,Framatome,IAEA-PRIS/WNA-sample,0.55,2026-05-17,False,False,False,False,False
FRA-BLAYAIS-UNIT-1,Blayais-1,Unit 1,Blayais,France,Europe,45.255,-0.691,Operating,Operating,PWR,PWR,Light Water Reactor,Gen III/III+ or modern LWR,Large,910.0,951.0,910.0,1977-01-01,1981-06-12,1981-12-12,,1981.0,45.0,EDF,EDF,Framatome,IAEA-PRIS/WNA-sample,0.55,2026-05-17,False,False,False,False,False
FRA-BLAYAIS-UNIT-2,Blayais-2,Unit 2,Blayais,France,Europe,45.255,-0.691,Operating,Operating,PWR,PWR,Light Water Reactor,Gen III/III+ or modern LWR,Large,910.0,951.0,910.0,1977-08-01,1982-07-17,1983-02-01,,1983.0,43.0,EDF,EDF,Framatome,IAEA-PRIS/WNA-sample,0.55,2026-05-17,False,False,False,False,False
FRA-BLAYAIS-UNIT-3,Blayais-3,Unit 3,Blayais,France,Europe,45.255,-0.691,Operating,Operating,PWR,PWR,Light Water Reactor,Gen III/III+ or modern LWR,Large,910.0,951.0,910.0,1978-06-01,1983-07-14,1983-11-14,,1983.0,43.0,EDF,EDF,Framatome,IAEA-PRIS/WNA-sample,0.55,2026-05-17,False,False,False,False,False
FRA-BLAYAIS-UNIT-4,Blayais-4,Unit 4,Blayais,France,Europe,45.255,-0.691,Operating,Operating,PWR,PWR,Light Water Reactor,Gen III/III+ or modern LWR,Large,910.0,951.0,910.0,1979-01-01,1983-10-16,1983-10-16,,1983.0,43.0,EDF,EDF,Framatome,IAEA-PRIS/WNA-sample,0.55,2026-05-17,False,False,False,False,False
FRA-BUGEY-UNIT-2,Bugey-2,Unit 2,Bugey,France,Europe,45.797,5.272,Operating,Operating,PWR,PWR,Light Water Reactor,Gen III/III+ or modern LWR,Large,880.0,937.0,880.0,1971-11-01,1978-05-10,1979-03-10,,1979.0,47.0,EDF,EDF,Framatome,IAEA-PRIS/WNA-sample,0.55,2026-05-17,False,False,False,False,False
FRA-BUGEY-UNIT-3,Bugey-3,Unit 3,Bugey,France,Europe,45.797,5.272,Operating,Operating,PWR,PWR,Light Water Reactor,Gen III/III+ or modern LWR,Large,880.0,937.0,880.0,1972-09-01,1978-09-01,1979-03-01,,1979.0,47.0,EDF,EDF,Framatome,IAEA-PRIS/WNA-sample,0.55,2026-05-17,False,False,False,False,False
FRA-BUGEY-UNIT-4,Bugey-4,Unit 4,Bugey,France,Europe,45.797,5.272,Operating,Operating,PWR,PWR,Light Water Reactor,Gen III/III+ or modern LWR,Large,880.0,937.0,880.0,1974-06-01,1979-03-11,1979-07-11,,1979.0,47.0,EDF,EDF,Framatome,IAEA-PRIS/WNA-sample,0.55,2026-05-17,False,False,False,False,False
FRA-BUGEY-UNIT-5,Bugey-5,Unit 5,Bugey,France,Europe,45.797,5.272,Operating,Operating,PWR,PWR,Light Water Reactor,Gen III/III+ or modern LWR,Large,880.0,937.0,880.0,1974-07-01,1979-07-03,1980-01-03,,1980.0,46.0,EDF,EDF,Framatome,IAEA-PRIS/WNA-sample,0.55,2026-05-17,False,False,False,False,False
FRA-CATTENOM-UNIT-1,Cattenom-1,Unit 1,Cattenom,France,Europe,49.402,6.22,Operating,Operating,PWR,PWR,Light Water Reactor,Gen III/III+ or modern LWR,Large,1300.0,1362.0,1300.0,1979-11-01,1986-11-13,1987-04-01,,1987.0,39.0,EDF,EDF,Framatome,IAEA-PRIS/WNA-sample,0.55,2026-05-17,False,False,False,False,False
FRA-CATTENOM-UNIT-2,Cattenom-2,Unit 2,Cattenom,France,Europe,49.402,6.22,Operating,Operating,PWR,PWR,Light Water Reactor,Gen III/III+ or modern LWR,Large,1300.0,1362.0,1300.0,1980-05-01,1987-09-17,1988-02-01,,1988.0,38.0,EDF,EDF,Framatome,IAEA-PRIS/WNA-sample,0.55,2026-05-17,False,False,False,False,False
FRA-CATTENOM-UNIT-3,Cattenom-3,Unit 3,Cattenom,France,Europe,49.402,6.22,Operating,Operating,PWR,PWR,Light Water Reactor,Gen III/III+ or modern LWR,Large,1300.0,1362.0,1300.0,1982-01-01,1990-07-06,1991-07-06,,1991.0,35.0,EDF,EDF,Framatome,IAEA-PRIS/WNA-sample,0.55,2026-05-17,False,False,False,False,False
FRA-CATTENOM-UNIT-4,Cattenom-4,Unit 4,Cattenom,France,Europe,49.402,6.22,Operating,Operating,PWR,PWR,Light Water Reactor,Gen III/III+ or modern LWR,Large,1300.0,1362.0,1300.0,1983-06-01,1991-05-27,1992-01-27,,1992.0,34.0,EDF,EDF,Framatome,IAEA-PRIS/WNA-sample,0.55,2026-05-17,False,False,False,False,False
FRA-CHINON-UNIT-B1,Chinon-B1,Unit B1,Chinon,France,Europe,47.239,0.178,Operating,Operating,PWR,PWR,Light Water Reactor,Gen III/III+ or modern LWR,Large,905.0,954.0,905.0,1977-01-01,1982-11-30,1984-02-01,,1984.0,42.0,EDF,EDF,Framatome,IAEA-PRIS/WNA-sample,0.55,2026-05-17,False,False,False,False,False
FRA-CHINON-UNIT-B2,Chinon-B2,Unit B2,Chinon,France,Europe,47.239,0.178,Operating,Operating,PWR,PWR,Light Water Reactor,Gen III/III+ or modern LWR,Large,905.0,954.0,905.0,1977-03-01,1983-11-14,1984-08-01,,1984.0,42.0,EDF,EDF,Framatome,IAEA-PRIS/WNA-sample,0.55,2026-05-17,False,False,False,False,False
FRA-CHINON-UNIT-B3,Chinon-B3,Unit B3,Chinon,France,Europe,47.239,0.178,Operating,Operating,PWR,PWR,Light Water Reactor,Gen III/III+ or modern LWR,Large,905.0,954.0,905.0,1980-03-01,1987-02-20,1987-03-04,,1987.0,39.0,EDF,EDF,Framatome,IAEA-PRIS/WNA-sample,0.55,2026-05-17,False,False,False,False,False
FRA-CHINON-UNIT-B4,Chinon-B4,Unit B4,Chinon,France,Europe,47.239,0.178,Operating,Operating,PWR,PWR,Light Water Reactor,Gen III/III+ or modern LWR,Large,905.0,954.0,905.0,1981-02-01,1988-03-14,1988-04-01,,1988.0,38.0,EDF,EDF,Framatome,IAEA-PRIS/WNA-sample,0.55,2026-05-17,False,False,False,False,False
FRA-CHOOZ-UNIT-B1,Chooz-B1,Unit B1,Chooz,France,Europe,49.903,4.789,Operating,Operating,PWR,PWR,Light Water Reactor,Gen III/III+ or modern LWR,Large,1500.0,1561.0,1500.0,1984-03-01,1996-08-30,2000-05-15,,2000.0,26.0,EDF,EDF,Framatome,IAEA-PRIS/WNA-sample,0.55,2026-05-17,False,False,False,False,False
FRA-CHOOZ-UNIT-B2,Chooz-B2,Unit B2,Chooz,France,Europe,49.903,4.789,Operating,Operating,PWR,PWR,Light Water Reactor,Gen III/III+ or modern LWR,Large,1500.0,1561.0,1500.0,1985-12-01,1997-04-10,2000-09-29,,2000.0,26.0,EDF,EDF,Framatome,IAEA-PRIS/WNA-sample,0.55,2026-05-17,False,False,False,False,False
FRA-CIVAUX-UNIT-1,Civaux-1,Unit 1,Civaux,France,Europe,46.457,0.652,Operating,Operating,PWR,PWR,Light Water Reactor,Gen III/III+ or modern LWR,Large,1495.0,1561.0,1495.0,1988-10-15,1997-12-24,2002-01-24,,2002.0,24.0,EDF,EDF,Framatome,IAEA-PRIS/WNA-sample,0.55,2026-05-17,False,False,False,False,False
FRA-CIVAUX-UNIT-2,Civaux-2,Unit 2,Civaux,France,Europe,46.457,0.652,Operating,Operating,PWR,PWR,Light Water Reactor,Gen III/III+ or modern LWR,Large,1495.0,1561.0,1495.0,1991-04-01,1999-12-23,2002-04-23,,2002.0,24.0,EDF,EDF,Framatome,IAEA-PRIS/WNA-sample,0.55,2026-05-17,False,False,False,False,False
FRA-CRUAS-UNIT-1,Cruas-1,Unit 1,Cruas,France,Europe,44.637,4.759,Operating,Operating,PWR,PWR,Light Water Reactor,Gen III/III+ or modern LWR,Large,915.0,956.0,915.0,1978-08-01,1983-04-28,1984-04-02,,1984.0,42.0,EDF,EDF,Framatome,IAEA-PRIS/WNA-sample,0.55,2026-05-17,False,False,False,False,False
FRA-CRUAS-UNIT-2,Cruas-2,Unit 2,Cruas,France,Europe,44.637,4.759,Operating,Operating,PWR,PWR,Light Water Reactor,Gen III/III+ or modern LWR,Large,915.0,956.0,915.0,1978-11-01,1984-09-06,1984-04-11,,1984.0,42.0,EDF,EDF,Framatome,IAEA-PRIS/WNA-sample,0.55,2026-05-17,False,False,False,False,False
FRA-CRUAS-UNIT-4,Cruas-4,Unit 4,Cruas,France,Europe,44.637,4.759,Operating,Operating,PWR,PWR,Light Water Reactor,Gen III/III+ or modern LWR,Large,915.0,956.0,915.0,1979-11-01,1984-10-27,1984-11-11,,1984.0,42.0,EDF,EDF,Framatome,IAEA-PRIS/WNA-sample,0.55,2026-05-17,False,False,False,False,False
FRA-DAMPIERRE-UNIT-1,Dampierre-1,Unit 1,Dampierre,France,Europe,47.733,2.518,Operating,Operating,PWR,PWR,Light Water Reactor,Gen III/III+ or modern LWR,Large,890.0,937.0,890.0,1975-02-01,1980-09-23,1980-09-23,,1980.0,46.0,EDF,EDF,Framatome,IAEA-PRIS/WNA-sample,0.55,2026-05-17,False,False,False,False,False
FRA-DAMPIERRE-UNIT-2,Dampierre-2,Unit 2,Dampierre,France,Europe,47.733,2.518,Operating,Operating,PWR,PWR,Light Water Reactor,Gen III/III+ or modern LWR,Large,890.0,937.0,890.0,1975-08-01,1981-02-10,1981-02-10,,1981.0,45.0,EDF,EDF,Framatome,IAEA-PRIS/WNA-sample,0.55,2026-05-17,False,False,False,False,False
FRA-DAMPIERRE-UNIT-3,Dampierre-3,Unit 3,Dampierre,France,Europe,47.733,2.518,Operating,Operating,PWR,PWR,Light Water Reactor,Gen III/III+ or modern LWR,Large,890.0,937.0,890.0,1975-10-01,1981-01-30,1981-05-27,,1981.0,45.0,EDF,EDF,Framatome,IAEA-PRIS/WNA-sample,0.55,2026-05-17,False,False,False,False,False
FRA-DAMPIERRE-UNIT-4,Dampierre-4,Unit 4,Dampierre,France,Europe,47.733,2.518,Operating,Operating,PWR,PWR,Light Water Reactor,Gen III/III+ or modern LWR,Large,890.0,937.0,890.0,1976-01-01,1981-08-18,1981-11-18,,1981.0,45.0,EDF,EDF,Framatome,IAEA-PRIS/WNA-sample,0.55,2026-05-17,False,False,False,False,False
FRA-FESSENHEIM-UNIT-1,Fessenheim-1,Unit 1,Fessenheim,France,Europe,47.903,7.564,Shutdown,Shutdown,PWR,PWR,Light Water Reactor,Gen III/III+ or modern LWR,Large,880.0,920.0,880.0,1971-09-01,1977-04-06,1978-04-01,2020-02-22,1978.0,48.0,EDF,EDF,Framatome,IAEA-PRIS/WNA-sample,0.55,2026-05-17,False,False,False,False,False
FRA-FLAMANVILLE-UNIT-1,Flamanville-1,Unit 1,Flamanville,France,Europe,49.536,-1.882,Operating,Operating,PWR,PWR,Light Water Reactor,Gen III/III+ or modern LWR,Large,1330.0,1382.0,1330.0,1979-12-01,1985-12-04,1986-12-04,,1986.0,40.0,EDF,EDF,Framatome,IAEA-PRIS/WNA-sample,0.55,2026-05-17,False,False,False,False,False
FRA-FLAMANVILLE-UNIT-2,Flamanville-2,Unit 2,Flamanville,France,Europe,49.536,-1.882,Operating,Operating,PWR,PWR,Light Water Reactor,Gen III/III+ or modern LWR,Large,1330.0,1382.0,1330.0,1982-01-01,1986-07-06,1987-07-06,,1987.0,39.0,EDF,EDF,Framatome,IAEA-PRIS/WNA-sample,0.55,2026-05-17,False,False,False,False,False
FRA-FLAMANVILLE-UNIT-3,Flamanville-3,Unit 3,Flamanville,France,Europe,49.536,-1.882,Operating,Operating,PWR,EPR,Light Water Reactor,Gen III/III+ or modern LWR,Large,1630.0,1750.0,1630.0,2007-12-03,2024-12-21,2025-01-01,,2025.0,1.0,EDF,EDF,Framatome,IAEA-PRIS/WNA-sample,0.55,2026-05-17,False,False,False,False,False
FRA-GOLFECH-UNIT-1,Golfech-1,Unit 1,Golfech,France,Europe,44.107,0.842,Operating,Operating,PWR,PWR,Light Water Reactor,Gen III/III+ or modern LWR,Large,1310.0,1362.0,1310.0,1982-10-01,1990-06-07,1991-02-07,,1991.0,35.0,EDF,EDF,Framatome,IAEA-PRIS/WNA-sample,0.55,2026-05-17,False,False,False,False,False
FRA-GOLFECH-UNIT-2,Golfech-2,Unit 2,Golfech,France,Europe,44.107,0.842,Operating,Operating,PWR,PWR,Light Water Reactor,Gen III/III+ or modern LWR,Large,1310.0,1362.0,1310.0,1984-08-01,1994-01-18,1994-06-18,,1994.0,32.0,EDF,EDF,Framatome,IAEA-PRIS/WNA-sample,0.55,2026-05-17,False,False,False,False,False
FRA-GRAVELINES-UNIT-1,Gravelines-1,Unit 1,Gravelines,France,Europe,51.015,2.136,Operating,Operating,PWR,PWR,Light Water Reactor,Gen III/III+ or modern LWR,Large,910.0,951.0,910.0,1975-02-01,1980-03-13,1980-11-25,,1980.0,46.0,EDF,EDF,Framatome,IAEA-PRIS/WNA-sample,0.55,2026-05-17,False,False,False,False,False
FRA-GRAVELINES-UNIT-2,Gravelines-2,Unit 2,Gravelines,France,Europe,51.015,2.136,Operating,Operating,PWR,PWR,Light Water Reactor,Gen III/III+ or modern LWR,Large,910.0,951.0,910.0,1975-08-01,1980-12-13,1980-12-13,,1980.0,46.0,EDF,EDF,Framatome,IAEA-PRIS/WNA-sample,0.55,2026-05-17,False,False,False,False,False
FRA-GRAVELINES-UNIT-3,Gravelines-3,Unit 3,Gravelines,France,Europe,51.015,2.136,Operating,Operating,PWR,PWR,Light Water Reactor,Gen III/III+ or modern LWR,Large,910.0,951.0,910.0,1975-12-01,1981-06-12,1981-06-12,,1981.0,45.0,EDF,EDF,Framatome,IAEA-PRIS/WNA-sample,0.55,2026-05-17,False,False,False,False,False
FRA-GRAVELINES-UNIT-4,Gravelines-4,Unit 4,Gravelines,France,Europe,51.015,2.136,Operating,Operating,PWR,PWR,Light Water Reactor,Gen III/III+ or modern LWR,Large,910.0,951.0,910.0,1976-04-01,1981-10-16,1981-10-16,,1981.0,45.0,EDF,EDF,Framatome,IAEA-PRIS/WNA-sample,0.55,2026-05-17,False,False,False,False,False
FRA-GRAVELINES-UNIT-5,Gravelines-5,Unit 5,Gravelines,France,Europe,51.015,2.136,Operating,Operating,PWR,PWR,Light Water Reactor,Gen III/III+ or modern LWR,Large,910.0,951.0,910.0,1979-06-01,1984-08-28,1985-01-28,,1985.0,41.0,EDF,EDF,Framatome,IAEA-PRIS/WNA-sample,0.55,2026-05-17,False,False,False,False,False
FRA-GRAVELINES-UNIT-6,Gravelines-6,Unit 6,Gravelines,France,Europe,51.015,2.136,Operating,Operating,PWR,PWR,Light Water Reactor,Gen III/III+ or modern LWR,Large,910.0,951.0,910.0,1979-11-01,1985-10-26,1985-10-26,,1985.0,41.0,EDF,EDF,Framatome,IAEA-PRIS/WNA-sample,0.55,2026-05-17,False,False,False,False,False
FRA-NOGENT-UNIT-1,Nogent-1,Unit 1,Nogent,France,Europe,48.517,3.517,Operating,Operating,PWR,PWR,Light Water Reactor,Gen III/III+ or modern LWR,Large,1310.0,1362.0,1310.0,1981-05-01,1987-10-21,1988-02-21,,1988.0,38.0,EDF,EDF,Framatome,IAEA-PRIS/WNA-sample,0.55,2026-05-17,False,False,False,False,False
FRA-NOGENT-UNIT-2,Nogent-2,Unit 2,Nogent,France,Europe,48.517,3.517,Operating,Operating,PWR,PWR,Light Water Reactor,Gen III/III+ or modern LWR,Large,1310.0,1362.0,1310.0,1982-01-01,1988-09-14,1989-05-14,,1989.0,37.0,EDF,EDF,Framatome,IAEA-PRIS/WNA-sample,0.55,2026-05-17,False,False,False,False,False
FRA-PALUEL-UNIT-1,Paluel-1,Unit 1,Paluel,France,Europe,49.855,-0.634,Operating,Operating,PWR,PWR,Light Water Reactor,Gen III/III+ or modern LWR,Large,1330.0,1382.0,1330.0,1977-08-15,1985-06-10,1985-12-01,,1985.0,41.0,EDF,EDF,Framatome,IAEA-PRIS/WNA-sample,0.55,2026-05-17,False,False,False,False,False
FRA-PALUEL-UNIT-2,Paluel-2,Unit 2,Paluel,France,Europe,49.855,-0.634,Operating,Operating,PWR,PWR,Light Water Reactor,Gen III/III+ or modern LWR,Large,1330.0,1382.0,1330.0,1977-12-01,1984-12-14,1985-12-01,,1985.0,41.0,EDF,EDF,Framatome,IAEA-PRIS/WNA-sample,0.55,2026-05-17,False,False,False,False,False
FRA-PALUEL-UNIT-3,Paluel-3,Unit 3,Paluel,France,Europe,49.855,-0.634,Operating,Operating,PWR,PWR,Light Water Reactor,Gen III/III+ or modern LWR,Large,1330.0,1382.0,1330.0,1979-02-01,1985-09-30,1986-02-01,,1986.0,40.0,EDF,EDF,Framatome,IAEA-PRIS/WNA-sample,0.55,2026-05-17,False,False,False,False,False
FRA-PALUEL-UNIT-4,Paluel-4,Unit 4,Paluel,France,Europe,49.855,-0.634,Operating,Operating,PWR,PWR,Light Water Reactor,Gen III/III+ or modern LWR,Large,1330.0,1382.0,1330.0,1980-02-01,1986-01-25,1986-06-01,,1986.0,40.0,EDF,EDF,Framatome,IAEA-PRIS/WNA-sample,0.55,2026-05-17,False,False,False,False,False
FRA-PENLY-UNIT-1,Penly-1,Unit 1,Penly,France,Europe,49.975,1.213,Operating,Operating,PWR,PWR,Light Water Reactor,Gen III/III+ or modern LWR,Large,1330.0,1382.0,1330.0,1982-09-01,1990-04-08,1990-12-08,,1990.0,36.0,EDF,EDF,Framatome,IAEA-PRIS/WNA-sample,0.55,2026-05-17,False,False,False,False,False
FRA-PENLY-UNIT-2,Penly-2,Unit 2,Penly,France,Europe,49.975,1.213,Operating,Operating,PWR,PWR,Light Water Reactor,Gen III/III+ or modern LWR,Large,1330.0,1382.0,1330.0,1984-01-01,1992-01-08,1992-11-08,,1992.0,34.0,EDF,EDF,Framatome,IAEA-PRIS/WNA-sample,0.55,2026-05-17,False,False,False,False,False
FRA-SAINT-ALBAN-UNIT-1,Saint-Alban-1,Unit 1,Saint-Alban,France,Europe,45.404,4.831,Operating,Operating,PWR,PWR,Light Water Reactor,Gen III/III+ or modern LWR,Large,1335.0,1382.0,1335.0,1979-11-01,1985-05-16,1986-05-01,,1986.0,40.0,EDF,EDF,Framatome,IAEA-PRIS/WNA-sample,0.55,2026-05-17,False,False,False,False,False
FRA-SAINT-ALBAN-UNIT-2,Saint-Alban-2,Unit 2,Saint-Alban,France,Europe,45.404,4.831,Operating,Operating,PWR,PWR,Light Water Reactor,Gen III/III+ or modern LWR,Large,1335.0,1382.0,1335.0,1980-07-01,1986-07-02,1987-07-01,,1987.0,39.0,EDF,EDF,Framatome,IAEA-PRIS/WNA-sample,0.55,2026-05-17,False,False,False,False,False
FRA-SAINT-LAURENT-UNIT-B1,Saint-Laurent-B1,Unit B1,Saint-Laurent,France,Europe,47.725,1.573,Operating,Operating,PWR,PWR,Light Water Reactor,Gen III/III+ or modern LWR,Large,915.0,956.0,915.0,1976-05-01,1981-08-21,1983-08-01,,1983.0,43.0,EDF,EDF,Framatome,IAEA-PRIS/WNA-sample,0.55,2026-05-17,False,False,False,False,False
FRA-SAINT-LAURENT-UNIT-B2,Saint-Laurent-B2,Unit B2,Saint-Laurent,France,Europe,47.725,1.573,Operating,Operating,PWR,PWR,Light Water Reactor,Gen III/III+ or modern LWR,Large,915.0,956.0,915.0,1976-10-01,1981-06-01,1983-06-01,,1983.0,43.0,EDF,EDF,Framatome,IAEA-PRIS/WNA-sample,0.55,2026-05-17,False,False,False,False,False
FRA-TRICASTIN-UNIT-1,Tricastin-1,Unit 1,Tricastin,France,Europe,44.33,4.732,Operating,Operating,PWR,PWR,Light Water Reactor,Gen III/III+ or modern LWR,Large,915.0,955.0,915.0,1974-11-01,1980-05-31,1980-12-01,,1980.0,46.0,EDF,EDF,Framatome,IAEA-PRIS/WNA-sample,0.55,2026-05-17,False,False,False,False,False
FRA-TRICASTIN-UNIT-2,Tricastin-2,Unit 2,Tricastin,France,Europe,44.33,4.732,Operating,Operating,PWR,PWR,Light Water Reactor,Gen III/III+ or modern LWR,Large,915.0,956.0,915.0,1975-03-01,1980-07-01,1980-07-11,,1980.0,46.0,EDF,EDF,Framatome,IAEA-PRIS/WNA-sample,0.55,2026-05-17,False,False,False,False,False
FRA-TRICASTIN-UNIT-3,Tricastin-3,Unit 3,Tricastin,France,Europe,44.33,4.732,Operating,Operating,PWR,PWR,Light Water Reactor,Gen III/III+ or modern LWR,Large,915.0,956.0,915.0,1975-07-01,1981-02-10,1981-02-11,,1981.0,45.0,EDF,EDF,Framatome,IAEA-PRIS/WNA-sample,0.55,2026-05-17,False,False,False,False,False
FRA-TRICASTIN-UNIT-4,Tricastin-4,Unit 4,Tricastin,France,Europe,44.33,4.732,Operating,Operating,PWR,PWR,Light Water Reactor,Gen III/III+ or modern LWR,Large,915.0,956.0,915.0,1975-11-01,1981-06-11,1981-07-11,,1981.0,45.0,EDF,EDF,Framatome,IAEA-PRIS/WNA-sample,0.55,2026-05-17,False,False,False,False,False
GER-EMSLAND-UNIT-1,Emsland,Unit 1,Emsland,Germany,Other,52.47,7.323,Shutdown,Shutdown,PWR,PWR,Light Water Reactor,Gen III/III+ or modern LWR,Large,1329.0,1400.0,1329.0,1982-08-12,1988-04-14,1988-06-20,2023-04-15,1988.0,38.0,PreussenElektra,PreussenElektra,KWU,IAEA-PRIS/WNA-sample,0.55,2026-05-17,False,False,False,False,False
GER-ISAR-UNIT-2,Isar-2,Unit 2,Isar,Germany,Other,48.603,12.295,Shutdown,Shutdown,PWR,PWR,Light Water Reactor,Gen III/III+ or modern LWR,Large,1365.0,1475.0,1365.0,1982-09-15,1988-01-22,1988-04-09,2023-04-15,1988.0,38.0,PreussenElektra,PreussenElektra,KWU,IAEA-PRIS/WNA-sample,0.55,2026-05-17,False,False,False,False,False
HUN-PAKS-II-UNIT-1,Paks-II-1,Unit 1,Paks II,Hungary,Other,46.573,18.856,Planned,Planned,VVER,VVER,Light Water Reactor,Gen III/III+ or modern LWR,Large,1114.0,1200.0,1114.0,,,,,,,MVM,MVM,Rosatom,IAEA-PRIS/WNA-sample,0.55,2026-05-17,False,False,False,False,False
HUN-PAKS-II-UNIT-2,Paks-II-2,Unit 2,Paks II,Hungary,Other,46.573,18.856,Planned,Planned,VVER,VVER,Light Water Reactor,Gen III/III+ or modern LWR,Large,1114.0,1200.0,1114.0,,,,,,,MVM,MVM,Rosatom,IAEA-PRIS/WNA-sample,0.55,2026-05-17,False,False,False,False,False
HUN-PAKS-UNIT-1,Paks-1,Unit 1,Paks,Hungary,Other,46.573,18.856,Operating,Operating,VVER,VVER,Light Water Reactor,Gen III/III+ or modern LWR,Mid-size,471.0,500.0,471.0,1974-08-01,1982-10-22,1983-08-01,,1983.0,43.0,MVM Paks,MVM Paks,Rosatom,IAEA-PRIS/WNA-sample,0.55,2026-05-17,False,False,False,False,False
HUN-PAKS-UNIT-2,Paks-2,Unit 2,Paks,Hungary,Other,46.573,18.856,Operating,Operating,VVER,VVER,Light Water Reactor,Gen III/III+ or modern LWR,Mid-size,471.0,500.0,471.0,1974-08-01,1984-09-14,1984-11-14,,1984.0,42.0,MVM Paks,MVM Paks,Rosatom,IAEA-PRIS/WNA-sample,0.55,2026-05-17,False,False,False,False,False
HUN-PAKS-UNIT-3,Paks-3,Unit 3,Paks,Hungary,Other,46.573,18.856,Operating,Operating,VVER,VVER,Light Water Reactor,Gen III/III+ or modern LWR,Mid-size,471.0,500.0,471.0,1979-10-01,1986-10-28,1986-10-28,,1986.0,40.0,MVM Paks,MVM Paks,Rosatom,IAEA-PRIS/WNA-sample,0.55,2026-05-17,False,False,False,False,False
HUN-PAKS-UNIT-4,Paks-4,Unit 4,Paks,Hungary,Other,46.573,18.856,Operating,Operating,VVER,VVER,Light Water Reactor,Gen III/III+ or modern LWR,Mid-size,471.0,500.0,471.0,1982-08-01,1987-08-16,1987-11-16,,1987.0,39.0,MVM Paks,MVM Paks,Rosatom,IAEA-PRIS/WNA-sample,0.55,2026-05-17,False,False,False,False,False
IND-KAIGA-UNIT-1,Kaiga-1,Unit 1,Kaiga,India,Asia,14.881,74.44,Operating,Operating,PHWR,PHWR,Heavy Water Reactor,Gen II/legacy or unspecified,SMR,202.0,220.0,202.0,1989-09-01,2000-03-16,2000-11-16,,2000.0,26.0,NPCIL,NPCIL,NPCIL,IAEA-PRIS/WNA-sample,0.55,2026-05-17,False,False,False,False,False
IND-KAIGA-UNIT-2,Kaiga-2,Unit 2,Kaiga,India,Asia,14.881,74.44,Operating,Operating,PHWR,PHWR,Heavy Water Reactor,Gen II/legacy or unspecified,SMR,202.0,220.0,202.0,1989-12-01,1999-12-16,2000-03-16,,2000.0,26.0,NPCIL,NPCIL,NPCIL,IAEA-PRIS/WNA-sample,0.55,2026-05-17,False,False,False,False,False
IND-KAIGA-UNIT-3,Kaiga-3,Unit 3,Kaiga,India,Asia,14.881,74.44,Operating,Operating,PHWR,PHWR,Heavy Water Reactor,Gen II/legacy or unspecified,SMR,202.0,220.0,202.0,2002-03-15,2007-03-06,2007-03-06,,2007.0,19.0,NPCIL,NPCIL,NPCIL,IAEA-PRIS/WNA-sample,0.55,2026-05-17,False,False,False,False,False
IND-KAIGA-UNIT-4,Kaiga-4,Unit 4,Kaiga,India,Asia,14.881,74.44,Operating,Operating,PHWR,PHWR,Heavy Water Reactor,Gen II/legacy or unspecified,SMR,202.0,220.0,202.0,2002-03-15,2011-01-20,2011-01-20,,2011.0,15.0,NPCIL,NPCIL,NPCIL,IAEA-PRIS/WNA-sample,0.55,2026-05-17,False,False,False,False,False
IND-KAKRAPAR-UNIT-1,Kakrapar-1,Unit 1,Kakrapar,India,Asia,21.228,73.057,Operating,Operating,PHWR,PHWR,Heavy Water Reactor,Gen II/legacy or unspecified,SMR,202.0,220.0,202.0,1984-12-01,1992-09-03,1993-05-06,,1993.0,33.0,NPCIL,NPCIL,DAE,IAEA-PRIS/WNA-sample,0.55,2026-05-17,False,False,False,False,False
IND-KAKRAPAR-UNIT-2,Kakrapar-2,Unit 2,Kakrapar,India,Asia,21.228,73.057,Operating,Operating,PHWR,PHWR,Heavy Water Reactor,Gen II/legacy or unspecified,SMR,202.0,220.0,202.0,1984-12-01,1995-09-01,1995-09-01,,1995.0,31.0,NPCIL,NPCIL,DAE,IAEA-PRIS/WNA-sample,0.55,2026-05-17,False,False,False,False,False
IND-KAKRAPAR-UNIT-3,Kakrapar-3,Unit 3,Kakrapar,India,Asia,21.228,73.057,Operating,Operating,PHWR,PHWR,Heavy Water Reactor,Gen II/legacy or unspecified,Mid-size,640.0,700.0,640.0,2010-11-22,2022-07-10,2023-06-01,,2023.0,3.0,NPCIL,NPCIL,DAE,IAEA-PRIS/WNA-sample,0.55,2026-05-17,False,False,False,False,False
IND-KAKRAPAR-UNIT-4,Kakrapar-4,Unit 4,Kakrapar,India,Asia,21.228,73.057,Under Construction,Construction,PHWR,PHWR,Heavy Water Reactor,Gen II/legacy or unspecified,Mid-size,640.0,700.0,640.0,2010-11-22,,,,,,NPCIL,NPCIL,DAE,IAEA-PRIS/WNA-sample,0.55,2026-05-17,False,False,False,False,False
IND-KALPAKKAM-PFBR,PFBR,PFBR,Kalpakkam,India,Asia,12.552,80.17,Under Construction,Construction,SFR,SFR,Fast Reactor,Advanced/Gen IV candidate,Mid-size,500.0,500.0,500.0,2004-10-23,,,,,,BHAVINI,BHAVINI,BHAVINI,IAEA-PRIS/WNA-sample,0.55,2026-05-17,False,True,False,False,True
IND-KUDANKULAM-UNIT-1,Kudankulam-1,Unit 1,Kudankulam,India,Asia,8.169,77.713,Operating,Operating,VVER,VVER,Light Water Reactor,Gen III/III+ or modern LWR,Large,917.0,1000.0,917.0,2002-03-31,2013-10-22,2013-12-31,,2013.0,13.0,NPCIL,NPCIL,Rosatom,IAEA-PRIS/WNA-sample,0.55,2026-05-17,False,False,False,False,False
IND-KUDANKULAM-UNIT-2,Kudankulam-2,Unit 2,Kudankulam,India,Asia,8.169,77.713,Operating,Operating,VVER,VVER,Light Water Reactor,Gen III/III+ or modern LWR,Large,917.0,1000.0,917.0,2002-07-04,2016-08-29,2017-03-31,,2017.0,9.0,NPCIL,NPCIL,Rosatom,IAEA-PRIS/WNA-sample,0.55,2026-05-17,False,False,False,False,False
IND-KUDANKULAM-UNIT-3,Kudankulam-3,Unit 3,Kudankulam,India,Asia,8.169,77.713,Under Construction,Construction,VVER,VVER,Light Water Reactor,Gen III/III+ or modern LWR,Large,917.0,1000.0,917.0,,,,,,,NPCIL,NPCIL,Rosatom,IAEA-PRIS/WNA-sample,0.55,2026-05-17,False,False,False,False,False
IND-KUDANKULAM-UNIT-4,Kudankulam-4,Unit 4,Kudankulam,India,Asia,8.169,77.713,Under Construction,Construction,VVER,VVER,Light Water Reactor,Gen III/III+ or modern LWR,Large,917.0,1000.0,917.0,,,,,,,NPCIL,NPCIL,Rosatom,IAEA-PRIS/WNA-sample,0.55,2026-05-17,False,False,False,False,False
IND-MADRAS-UNIT-1,Madras-1,Unit 1,Madras,India,Asia,12.552,80.17,Operating,Operating,PHWR,PHWR,Heavy Water Reactor,Gen II/legacy or unspecified,SMR,170.0,220.0,170.0,1971-01-01,1983-07-27,1984-12-27,,1984.0,42.0,NPCIL,NPCIL,DAE,IAEA-PRIS/WNA-sample,0.55,2026-05-17,False,False,False,False,False
IND-MADRAS-UNIT-2,Madras-2,Unit 2,Madras,India,Asia,12.552,80.17,Operating,Operating,PHWR,PHWR,Heavy Water Reactor,Gen II/legacy or unspecified,SMR,170.0,220.0,170.0,1972-10-01,1985-08-21,1986-03-21,,1986.0,40.0,NPCIL,NPCIL,DAE,IAEA-PRIS/WNA-sample,0.55,2026-05-17,False,False,False,False,False
IND-NARORA-UNIT-1,Narora-1,Unit 1,Narora,India,Asia,28.194,78.392,Operating,Operating,PHWR,PHWR,Heavy Water Reactor,Gen II/legacy or unspecified,SMR,202.0,220.0,202.0,1976-01-01,1991-03-01,1991-03-01,,1991.0,35.0,NPCIL,NPCIL,NPCIL,IAEA-PRIS/WNA-sample,0.55,2026-05-17,False,False,False,False,False
IND-NARORA-UNIT-2,Narora-2,Unit 2,Narora,India,Asia,28.194,78.392,Operating,Operating,PHWR,PHWR,Heavy Water Reactor,Gen II/legacy or unspecified,SMR,202.0,220.0,202.0,1976-01-01,1992-07-01,1992-07-01,,1992.0,34.0,NPCIL,NPCIL,NPCIL,IAEA-PRIS/WNA-sample,0.55,2026-05-17,False,False,False,False,False
IND-RAWATBHATA-UNIT-1,Rajasthan-1,Unit 1,Rawatbhata,India,Asia,24.874,75.583,Shutdown,Shutdown,PHWR,PHWR,Heavy Water Reactor,Gen II/legacy or unspecified,SMR,90.0,100.0,90.0,1965-08-01,1972-12-16,1973-12-16,2004-11-04,1973.0,53.0,NPCIL,NPCIL,AECL,IAEA-PRIS/WNA-sample,0.55,2026-05-17,False,False,False,False,False
IND-RAWATBHATA-UNIT-3,Rajasthan-3,Unit 3,Rawatbhata,India,Asia,24.874,75.583,Operating,Operating,PHWR,PHWR,Heavy Water Reactor,Gen II/legacy or unspecified,SMR,202.0,220.0,202.0,1990-02-01,1999-12-01,2000-06-01,,2000.0,26.0,NPCIL,NPCIL,NPCIL,IAEA-PRIS/WNA-sample,0.55,2026-05-17,False,False,False,False,False
IND-RAWATBHATA-UNIT-4,Rajasthan-4,Unit 4,Rawatbhata,India,Asia,24.874,75.583,Operating,Operating,PHWR,PHWR,Heavy Water Reactor,Gen II/legacy or unspecified,SMR,202.0,220.0,202.0,1990-10-01,2000-12-23,2000-12-23,,2000.0,26.0,NPCIL,NPCIL,NPCIL,IAEA-PRIS/WNA-sample,0.55,2026-05-17,False,False,False,False,False
IND-RAWATBHATA-UNIT-5,Rajasthan-5,Unit 5,Rawatbhata,India,Asia,24.874,75.583,Operating,Operating,PHWR,PHWR,Heavy Water Reactor,Gen II/legacy or unspecified,SMR,202.0,220.0,202.0,2002-09-01,2009-12-04,2010-02-04,,2010.0,16.0,NPCIL,NPCIL,NPCIL,IAEA-PRIS/WNA-sample,0.55,2026-05-17,False,False,False,False,False
IND-RAWATBHATA-UNIT-6,Rajasthan-6,Unit 6,Rawatbhata,India,Asia,24.874,75.583,Operating,Operating,PHWR,PHWR,Heavy Water Reactor,Gen II/legacy or unspecified,SMR,202.0,220.0,202.0,2002-03-01,2009-01-31,2010-03-31,,2010.0,16.0,NPCIL,NPCIL,NPCIL,IAEA-PRIS/WNA-sample,0.55,2026-05-17,False,False,False,False,False
IND-RAWATBHATA-UNIT-7,Rajasthan-7,Unit 7,Rawatbhata,India,Asia,24.874,75.583,Under Construction,Construction,PHWR,PHWR,Heavy Water Reactor,Gen II/legacy or unspecified,Mid-size,640.0,700.0,640.0,2011-09-18,,,,,,NPCIL,NPCIL,NPCIL,IAEA-PRIS/WNA-sample,0.55,2026-05-17,False,False,False,False,False
IND-RAWATBHATA-UNIT-8,Rajasthan-8,Unit 8,Rawatbhata,India,Asia,24.874,75.583,Under Construction,Construction,PHWR,PHWR,Heavy Water Reactor,Gen II/legacy or unspecified,Mid-size,640.0,700.0,640.0,2011-09-18,,,,,,NPCIL,NPCIL,NPCIL,IAEA-PRIS/WNA-sample,0.55,2026-05-17,False,False,False,False,False
IND-TARAPUR-UNIT-1,Tarapur-1,Unit 1,Tarapur,India,Asia,19.837,72.658,Operating,Operating,BWR,BWR,Light Water Reactor,Gen II/legacy or unspecified,SMR,150.0,160.0,150.0,1964-10-01,1969-01-28,1969-10-28,,1969.0,57.0,NPCIL,NPCIL,GE,IAEA-PRIS/WNA-sample,0.55,2026-05-17,False,False,False,False,False
IND-TARAPUR-UNIT-2,Tarapur-2,Unit 2,Tarapur,India,Asia,19.837,72.658,Operating,Operating,BWR,BWR,Light Water Reactor,Gen II/legacy or unspecified,SMR,150.0,160.0,150.0,1964-10-01,1969-04-16,1969-10-16,,1969.0,57.0,NPCIL,NPCIL,GE,IAEA-PRIS/WNA-sample,0.55,2026-05-17,False,False,False,False,False
IND-TARAPUR-UNIT-3,Tarapur-3,Unit 3,Tarapur,India,Asia,19.837,72.658,Operating,Operating,PHWR,PHWR,Heavy Water Reactor,Gen II/legacy or unspecified,Mid-size,490.0,540.0,490.0,2000-03-23,2006-06-18,2006-08-18,,2006.0,20.0,NPCIL,NPCIL,DAE,IAEA-PRIS/WNA-sample,0.55,2026-05-17,False,False,False,False,False
IND-TARAPUR-UNIT-4,Tarapur-4,Unit 4,Tarapur,India,Asia,19.837,72.658,Operating,Operating,PHWR,PHWR,Heavy Water Reactor,Gen II/legacy or unspecified,Mid-size,490.0,540.0,490.0,2000-03-23,2005-06-12,2005-09-12,,2005.0,21.0,NPCIL,NPCIL,DAE,IAEA-PRIS/WNA-sample,0.55,2026-05-17,False,False,False,False,False
JAP-FUKUSHIMA-DAIICHI-UNIT-1,Fukushima-I-1,Unit 1,Fukushima Daiichi,Japan,Asia,37.421,141.032,Shutdown,Shutdown,BWR,BWR,Light Water Reactor,Gen II/legacy or unspecified,Mid-size,439.0,460.0,439.0,1967-09-25,1970-11-17,1971-03-26,2011-03-11,1971.0,55.0,TEPCO,TEPCO,GE,IAEA-PRIS/WNA-sample,0.55,2026-05-17,False,False,False,False,False
JAP-GENKAI-UNIT-3,Genkai-3,Unit 3,Genkai,Japan,Asia,33.519,130.192,Operating,Operating,PWR,PWR,Light Water Reactor,Gen III/III+ or modern LWR,Large,1127.0,1180.0,1127.0,1985-01-01,1994-03-18,1994-08-18,,1994.0,32.0,Kyushu,Kyushu,Mitsubishi,IAEA-PRIS/WNA-sample,0.55,2026-05-17,False,False,False,False,False
JAP-GENKAI-UNIT-4,Genkai-4,Unit 4,Genkai,Japan,Asia,33.519,130.192,Operating,Operating,PWR,PWR,Light Water Reactor,Gen III/III+ or modern LWR,Large,1127.0,1180.0,1127.0,1988-08-01,1997-07-25,1997-07-25,,1997.0,29.0,Kyushu,Kyushu,Mitsubishi,IAEA-PRIS/WNA-sample,0.55,2026-05-17,False,False,False,False,False
JAP-IKATA-UNIT-3,Ikata-3,Unit 3,Ikata,Japan,Asia,33.489,132.32,Operating,Operating,PWR,PWR,Light Water Reactor,Gen III/III+ or modern LWR,Large,846.0,890.0,846.0,1985-09-16,1994-03-22,1994-12-15,,1994.0,32.0,Shikoku,Shikoku,Mitsubishi,IAEA-PRIS/WNA-sample,0.55,2026-05-17,False,False,False,False,False
JAP-MIHAMA-UNIT-3,Mihama-3,Unit 3,Mihama,Japan,Asia,35.704,135.962,Operating,Operating,PWR,PWR,Light Water Reactor,Gen III/III+ or modern LWR,Large,826.0,896.0,826.0,1972-12-01,1976-02-25,1976-12-01,,1976.0,50.0,KEPCO,KEPCO,Westinghouse,IAEA-PRIS/WNA-sample,0.55,2026-05-17,False,False,False,False,False
JAP-ONAGAWA-UNIT-2,Onagawa-2,Unit 2,Onagawa,Japan,Asia,38.402,141.5,Operating,Operating,BWR,BWR,Light Water Reactor,Gen II/legacy or unspecified,Large,796.0,825.0,796.0,1989-08-03,1994-12-23,1995-07-28,,1995.0,31.0,Tohoku,Tohoku,Toshiba,IAEA-PRIS/WNA-sample,0.55,2026-05-17,False,False,False,False,False
JAP-SENDAI-UNIT-1,Sendai-1,Unit 1,Sendai,Japan,Asia,31.833,130.185,Operating,Operating,PWR,PWR,Light Water Reactor,Gen III/III+ or modern LWR,Large,846.0,890.0,846.0,1979-11-01,1984-07-28,1984-07-28,,1984.0,42.0,Kyushu,Kyushu,Mitsubishi,IAEA-PRIS/WNA-sample,0.55,2026-05-17,False,False,False,False,False
JAP-SENDAI-UNIT-2,Sendai-2,Unit 2,Sendai,Japan,Asia,31.833,130.185,Operating,Operating,PWR,PWR,Light Water Reactor,Gen III/III+ or modern LWR,Large,846.0,890.0,846.0,1981-02-01,1985-11-28,1985-11-28,,1985.0,41.0,Kyushu,Kyushu,Mitsubishi,IAEA-PRIS/WNA-sample,0.55,2026-05-17,False,False,False,False,False
JAP-TAKAHAMA-UNIT-1,Takahama-1,Unit 1,Takahama,Japan,Asia,35.524,135.508,Operating,Operating,PWR,PWR,Light Water Reactor,Gen III/III+ or modern LWR,Large,826.0,870.0,826.0,1972-01-01,1974-11-14,1974-11-14,,1974.0,52.0,KEPCO,KEPCO,Westinghouse,IAEA-PRIS/WNA-sample,0.55,2026-05-17,False,False,False,False,False
JAP-TAKAHAMA-UNIT-2,Takahama-2,Unit 2,Takahama,Japan,Asia,35.524,135.508,Operating,Operating,PWR,PWR,Light Water Reactor,Gen III/III+ or modern LWR,Large,826.0,870.0,826.0,1973-09-01,1975-11-14,1975-11-14,,1975.0,51.0,KEPCO,KEPCO,Westinghouse,IAEA-PRIS/WNA-sample,0.55,2026-05-17,False,False,False,False,False
JAP-TAKAHAMA-UNIT-3,Takahama-3,Unit 3,Takahama,Japan,Asia,35.524,135.508,Operating,Operating,PWR,PWR,Light Water Reactor,Gen III/III+ or modern LWR,Large,870.0,912.0,870.0,1981-01-01,1985-01-17,1985-01-17,,1985.0,41.0,KEPCO,KEPCO,Westinghouse,IAEA-PRIS/WNA-sample,0.55,2026-05-17,False,False,False,False,False
JAP-TAKAHAMA-UNIT-4,Takahama-4,Unit 4,Takahama,Japan,Asia,35.524,135.508,Operating,Operating,PWR,PWR,Light Water Reactor,Gen III/III+ or modern LWR,Large,870.0,912.0,870.0,1981-11-01,1985-06-05,1985-06-05,,1985.0,41.0,KEPCO,KEPCO,Westinghouse,IAEA-PRIS/WNA-sample,0.55,2026-05-17,False,False,False,False,False
MEX-LAGUNA-VERDE-UNIT-1,Laguna Verde-1,Unit 1,Laguna Verde,Mexico,North America,19.72,-96.397,Operating,Operating,BWR,BWR,Light Water Reactor,Gen II/legacy or unspecified,Mid-size,680.0,750.0,680.0,1976-10-01,1988-07-29,1990-07-29,,1990.0,36.0,CFE,CFE,GE,IAEA-PRIS/WNA-sample,0.55,2026-05-17,False,False,False,False,False
MEX-LAGUNA-VERDE-UNIT-2,Laguna Verde-2,Unit 2,Laguna Verde,Mexico,North America,19.72,-96.397,Operating,Operating,BWR,BWR,Light Water Reactor,Gen II/legacy or unspecified,Mid-size,674.0,750.0,674.0,1977-06-01,1994-11-10,1995-04-10,,1995.0,31.0,CFE,CFE,GE,IAEA-PRIS/WNA-sample,0.55,2026-05-17,False,False,False,False,False
NET-BORSSELE-UNIT-1,Borssele-1,Unit 1,Borssele,Netherlands,Other,51.413,3.723,Operating,Operating,PWR,PWR,Light Water Reactor,Gen III/III+ or modern LWR,Mid-size,515.0,540.0,515.0,1969-07-01,1973-03-26,1973-10-26,,1973.0,53.0,EPZ,EPZ,KWU,IAEA-PRIS/WNA-sample,0.55,2026-05-17,False,False,False,False,False
PAK-CHASHMA-UNIT-1,Chashma-1,Unit 1,Chashma,Pakistan,Other,32.393,71.463,Operating,Operating,PWR,PWR,Light Water Reactor,Gen III/III+ or modern LWR,SMR,300.0,325.0,300.0,1993-08-01,1999-09-13,2000-09-01,,2000.0,26.0,PAEC,PAEC,CNNC,IAEA-PRIS/WNA-sample,0.55,2026-05-17,False,False,False,False,False
PAK-CHASHMA-UNIT-2,Chashma-2,Unit 2,Chashma,Pakistan,Other,32.393,71.463,Operating,Operating,PWR,PWR,Light Water Reactor,Gen III/III+ or modern LWR,SMR,300.0,325.0,300.0,1996-05-01,2011-03-18,2011-05-18,,2011.0,15.0,PAEC,PAEC,CNNC,IAEA-PRIS/WNA-sample,0.55,2026-05-17,False,False,False,False,False
PAK-CHASHMA-UNIT-3,Chashma-3,Unit 3,Chashma,Pakistan,Other,32.393,71.463,Operating,Operating,PWR,PWR,Light Water Reactor,Gen III/III+ or modern LWR,SMR,300.0,340.0,300.0,2011-05-28,2016-10-15,2016-12-28,,2016.0,10.0,PAEC,PAEC,CNNC,IAEA-PRIS/WNA-sample,0.55,2026-05-17,False,False,False,False,False
PAK-CHASHMA-UNIT-4,Chashma-4,Unit 4,Chashma,Pakistan,Other,32.393,71.463,Operating,Operating,PWR,PWR,Light Water Reactor,Gen III/III+ or modern LWR,SMR,300.0,340.0,300.0,2011-12-18,2017-09-20,2017-09-20,,2017.0,9.0,PAEC,PAEC,CNNC,IAEA-PRIS/WNA-sample,0.55,2026-05-17,False,False,False,False,False
PAK-KARACHI-UNIT-2,Karachi-2,Unit 2,Karachi,Pakistan,Other,25.014,66.784,Operating,Operating,PWR,PWR,Light Water Reactor,Gen III/III+ or modern LWR,Large,1100.0,1161.0,1100.0,2015-08-20,2021-03-21,2021-05-21,,2021.0,5.0,PAEC,PAEC,CNNC,IAEA-PRIS/WNA-sample,0.55,2026-05-17,False,False,False,False,False
PAK-KARACHI-UNIT-3,Karachi-3,Unit 3,Karachi,Pakistan,Other,25.014,66.784,Operating,Operating,PWR,PWR,Light Water Reactor,Gen III/III+ or modern LWR,Large,1100.0,1161.0,1100.0,2016-05-31,2022-03-21,2022-05-21,,2022.0,4.0,PAEC,PAEC,CNNC,IAEA-PRIS/WNA-sample,0.55,2026-05-17,False,False,False,False,False
POL-LUBIATOWO-KOPALINO-UNIT-1,Lubiatowo-1,Unit 1,Lubiatowo-Kopalino,Poland,Europe,54.783,17.85,Planned,Planned,PWR,AP1000,Light Water Reactor,Gen III/III+ or modern LWR,Large,1117.0,1250.0,1117.0,,,,,,,PEJ,PEJ,Westinghouse,IAEA-PRIS/WNA-sample,0.55,2026-05-17,False,False,False,False,False
POL-LUBIATOWO-KOPALINO-UNIT-2,Lubiatowo-2,Unit 2,Lubiatowo-Kopalino,Poland,Europe,54.783,17.85,Planned,Planned,PWR,AP1000,Light Water Reactor,Gen III/III+ or modern LWR,Large,1117.0,1250.0,1117.0,,,,,,,PEJ,PEJ,Westinghouse,IAEA-PRIS/WNA-sample,0.55,2026-05-17,False,False,False,False,False
ROM-CERNAVODA-UNIT-1,Cernavoda-1,Unit 1,Cernavoda,Romania,Other,44.316,28.058,Operating,Operating,PHWR,PHWR,Heavy Water Reactor,Gen II/legacy or unspecified,Mid-size,650.0,706.0,650.0,1982-07-01,1996-04-11,1996-12-02,,1996.0,30.0,SNN,SNN,AECL,IAEA-PRIS/WNA-sample,0.55,2026-05-17,False,False,False,False,False
ROM-CERNAVODA-UNIT-2,Cernavoda-2,Unit 2,Cernavoda,Romania,Other,44.316,28.058,Operating,Operating,PHWR,PHWR,Heavy Water Reactor,Gen II/legacy or unspecified,Mid-size,650.0,706.0,650.0,1983-07-01,2007-08-07,2007-11-07,,2007.0,19.0,SNN,SNN,AECL,IAEA-PRIS/WNA-sample,0.55,2026-05-17,False,False,False,False,False
ROM-CERNAVODA-UNIT-3,Cernavoda-3,Unit 3,Cernavoda,Romania,Other,44.316,28.058,Planned,Planned,PHWR,PHWR,Heavy Water Reactor,Gen II/legacy or unspecified,Mid-size,650.0,706.0,650.0,,,,,,,SNN,SNN,AECL,IAEA-PRIS/WNA-sample,0.55,2026-05-17,False,False,False,False,False
ROM-CERNAVODA-UNIT-4,Cernavoda-4,Unit 4,Cernavoda,Romania,Other,44.316,28.058,Planned,Planned,PHWR,PHWR,Heavy Water Reactor,Gen II/legacy or unspecified,Mid-size,650.0,706.0,650.0,,,,,,,SNN,SNN,AECL,IAEA-PRIS/WNA-sample,0.55,2026-05-17,False,False,False,False,False
RUS-AKADEMIK-LOMONOSOV-UNIT-1,Akademik-1,Unit 1,Akademik Lomonosov,Russia,Eurasia,66.978,170.686,Operating,Operating,PWR,PWR,Light Water Reactor,Gen III/III+ or modern LWR,Micro/small,35.0,40.0,35.0,2009-04-09,2019-05-22,2020-05-22,,2020.0,6.0,Rosenergoatom,Rosatom,Rosatom,IAEA-PRIS/WNA-sample,0.55,2026-05-17,False,False,False,False,False
RUS-BALAKOVO-UNIT-1,Balakovo-1,Unit 1,Balakovo,Russia,Eurasia,52.097,47.937,Operating,Operating,VVER,VVER,Light Water Reactor,Gen III/III+ or modern LWR,Large,1000.0,1070.0,1000.0,1980-12-01,1985-12-23,1986-05-01,,1986.0,40.0,Rosenergoatom,Rosatom,Rosatom,IAEA-PRIS/WNA-sample,0.55,2026-05-17,False,False,False,False,False
RUS-BALAKOVO-UNIT-2,Balakovo-2,Unit 2,Balakovo,Russia,Eurasia,52.097,47.937,Operating,Operating,VVER,VVER,Light Water Reactor,Gen III/III+ or modern LWR,Large,1000.0,1070.0,1000.0,1981-08-01,1987-10-18,1988-01-18,,1988.0,38.0,Rosenergoatom,Rosatom,Rosatom,IAEA-PRIS/WNA-sample,0.55,2026-05-17,False,False,False,False,False
RUS-BALAKOVO-UNIT-3,Balakovo-3,Unit 3,Balakovo,Russia,Eurasia,52.097,47.937,Operating,Operating,VVER,VVER,Light Water Reactor,Gen III/III+ or modern LWR,Large,1000.0,1070.0,1000.0,1982-11-01,1988-12-08,1989-04-08,,1989.0,37.0,Rosenergoatom,Rosatom,Rosatom,IAEA-PRIS/WNA-sample,0.55,2026-05-17,False,False,False,False,False
RUS-BALAKOVO-UNIT-4,Balakovo-4,Unit 4,Balakovo,Russia,Eurasia,52.097,47.937,Operating,Operating,VVER,VVER,Light Water Reactor,Gen III/III+ or modern LWR,Large,1000.0,1070.0,1000.0,1984-04-01,1993-04-22,1994-04-22,,1994.0,32.0,Rosenergoatom,Rosatom,Rosatom,IAEA-PRIS/WNA-sample,0.55,2026-05-17,False,False,False,False,False
RUS-BELOYARSK-UNIT-3,Beloyarsk-3,Unit 3,Beloyarsk,Russia,Eurasia,56.842,61.322,Operating,Operating,SFR,SFR,Fast Reactor,Advanced/Gen IV candidate,Mid-size,560.0,600.0,560.0,1980-04-01,1980-04-08,1981-04-01,,1981.0,45.0,Rosenergoatom,Rosatom,OKBM,IAEA-PRIS/WNA-sample,0.55,2026-05-17,False,True,False,False,True
RUS-BELOYARSK-UNIT-4,Beloyarsk-4,Unit 4,Beloyarsk,Russia,Eurasia,56.842,61.322,Operating,Operating,SFR,SFR,Fast Reactor,Advanced/Gen IV candidate,Large,789.0,880.0,789.0,2006-07-18,2015-12-10,2016-10-31,,2016.0,10.0,Rosenergoatom,Rosatom,OKBM,IAEA-PRIS/WNA-sample,0.55,2026-05-17,False,True,False,False,True
RUS-KALININ-UNIT-1,Kalinin-1,Unit 1,Kalinin,Russia,Eurasia,57.909,36.734,Operating,Operating,VVER,VVER,Light Water Reactor,Gen III/III+ or modern LWR,Large,1000.0,1070.0,1000.0,1977-02-01,1984-05-09,1985-05-09,,1985.0,41.0,Rosenergoatom,Rosatom,Rosatom,IAEA-PRIS/WNA-sample,0.55,2026-05-17,False,False,False,False,False
RUS-KALININ-UNIT-2,Kalinin-2,Unit 2,Kalinin,Russia,Eurasia,57.909,36.734,Operating,Operating,VVER,VVER,Light Water Reactor,Gen III/III+ or modern LWR,Large,1000.0,1070.0,1000.0,1982-02-01,1986-03-03,1987-03-03,,1987.0,39.0,Rosenergoatom,Rosatom,Rosatom,IAEA-PRIS/WNA-sample,0.55,2026-05-17,False,False,False,False,False
RUS-KALININ-UNIT-3,Kalinin-3,Unit 3,Kalinin,Russia,Eurasia,57.909,36.734,Operating,Operating,VVER,VVER,Light Water Reactor,Gen III/III+ or modern LWR,Large,1000.0,1070.0,1000.0,1985-09-01,2004-10-17,2005-11-17,,2005.0,21.0,Rosenergoatom,Rosatom,Rosatom,IAEA-PRIS/WNA-sample,0.55,2026-05-17,False,False,False,False,False
RUS-KALININ-UNIT-4,Kalinin-4,Unit 4,Kalinin,Russia,Eurasia,57.909,36.734,Operating,Operating,VVER,VVER,Light Water Reactor,Gen III/III+ or modern LWR,Large,1000.0,1070.0,1000.0,1986-09-01,2011-09-11,2012-09-11,,2012.0,14.0,Rosenergoatom,Rosatom,Rosatom,IAEA-PRIS/WNA-sample,0.55,2026-05-17,False,False,False,False,False
RUS-KOLA-UNIT-1,Kola-1,Unit 1,Kola,Russia,Eurasia,67.462,32.479,Operating,Operating,VVER,VVER,Light Water Reactor,Gen III/III+ or modern LWR,Mid-size,440.0,504.0,440.0,1970-05-01,1973-06-22,1973-12-22,,1973.0,53.0,Rosenergoatom,Rosatom,Rosatom,IAEA-PRIS/WNA-sample,0.55,2026-05-17,False,False,False,False,False
RUS-KOLA-UNIT-2,Kola-2,Unit 2,Kola,Russia,Eurasia,67.462,32.479,Operating,Operating,VVER,VVER,Light Water Reactor,Gen III/III+ or modern LWR,Mid-size,440.0,504.0,440.0,1970-05-01,1974-11-29,1975-02-08,,1975.0,51.0,Rosenergoatom,Rosatom,Rosatom,IAEA-PRIS/WNA-sample,0.55,2026-05-17,False,False,False,False,False
RUS-KOLA-UNIT-3,Kola-3,Unit 3,Kola,Russia,Eurasia,67.462,32.479,Operating,Operating,VVER,VVER,Light Water Reactor,Gen III/III+ or modern LWR,Mid-size,411.0,443.0,411.0,1977-04-01,1982-01-24,1982-03-03,,1982.0,44.0,Rosenergoatom,Rosatom,Rosatom,IAEA-PRIS/WNA-sample,0.55,2026-05-17,False,False,False,False,False
RUS-KOLA-UNIT-4,Kola-4,Unit 4,Kola,Russia,Eurasia,67.462,32.479,Operating,Operating,VVER,VVER,Light Water Reactor,Gen III/III+ or modern LWR,Mid-size,411.0,443.0,411.0,1976-08-01,1984-08-08,1984-09-11,,1984.0,42.0,Rosenergoatom,Rosatom,Rosatom,IAEA-PRIS/WNA-sample,0.55,2026-05-17,False,False,False,False,False
RUS-KURSK-II-UNIT-5,Kursk-5,Unit 5,Kursk II,Russia,Eurasia,51.667,35.61,Under Construction,Construction,VVER,VVER,Light Water Reactor,Gen III/III+ or modern LWR,Large,1255.0,1339.0,1255.0,2021-06-22,,,,,,Rosenergoatom,Rosatom,Rosatom,IAEA-PRIS/WNA-sample,0.55,2026-05-17,False,False,False,False,False
RUS-KURSK-II-UNIT-5B,Kursk-5b,Unit 5b,Kursk II,Russia,Eurasia,51.667,35.61,Under Construction,Construction,VVER,VVER,Light Water Reactor,Gen III/III+ or modern LWR,Large,1255.0,1339.0,1255.0,2021-06-22,,,,,,Rosenergoatom,Rosatom,Rosatom,IAEA-PRIS/WNA-sample,0.55,2026-05-17,False,False,False,False,False
RUS-KURSK-II-UNIT-6,Kursk-6,Unit 6,Kursk II,Russia,Eurasia,51.667,35.61,Under Construction,Construction,VVER,VVER,Light Water Reactor,Gen III/III+ or modern LWR,Large,1255.0,1339.0,1255.0,2022-04-01,,,,,,Rosenergoatom,Rosatom,Rosatom,IAEA-PRIS/WNA-sample,0.55,2026-05-17,False,False,False,False,False
RUS-KURSK-UNIT-3,Kursk-3,Unit 3,Kursk,Russia,Eurasia,51.667,35.61,Operating,Operating,RBMK,RBMK,Other/Unclassified,Gen II/legacy or unspecified,Large,925.0,925.0,925.0,1978-10-01,1983-10-01,1984-10-01,,1984.0,42.0,Rosenergoatom,Rosatom,Rosatom,IAEA-PRIS/WNA-sample,0.55,2026-05-17,False,False,False,False,False
RUS-KURSK-UNIT-4,Kursk-4,Unit 4,Kursk,Russia,Eurasia,51.667,35.61,Operating,Operating,RBMK,RBMK,Other/Unclassified,Gen II/legacy or unspecified,Large,925.0,925.0,925.0,1983-02-01,1985-07-11,1985-12-11,,1985.0,41.0,Rosenergoatom,Rosatom,Rosatom,IAEA-PRIS/WNA-sample,0.55,2026-05-17,False,False,False,False,False
RUS-LENINGRAD-UNIT-1,Leningrad-1,Unit 1,Leningrad,Russia,Eurasia,59.856,29.076,Shutdown,Shutdown,RBMK,RBMK,Other/Unclassified,Gen II/legacy or unspecified,Large,925.0,925.0,925.0,1970-03-01,1973-11-01,1974-11-01,2019-12-19,1974.0,52.0,Rosenergoatom,Rosatom,Rosatom,IAEA-PRIS/WNA-sample,0.55,2026-05-17,False,False,False,False,False
RUS-LENINGRAD-UNIT-2,Leningrad-2,Unit 2,Leningrad,Russia,Eurasia,59.856,29.076,Operating,Operating,RBMK,RBMK,Other/Unclassified,Gen II/legacy or unspecified,Large,925.0,925.0,925.0,1970-06-01,1975-11-11,1976-02-11,,1976.0,50.0,Rosenergoatom,Rosatom,Rosatom,IAEA-PRIS/WNA-sample,0.55,2026-05-17,False,False,False,False,False
RUS-LENINGRAD-UNIT-3,Leningrad-3,Unit 3,Leningrad,Russia,Eurasia,59.856,29.076,Operating,Operating,RBMK,RBMK,Other/Unclassified,Gen II/legacy or unspecified,Large,925.0,925.0,925.0,1973-01-01,1979-06-07,1979-12-07,,1979.0,47.0,Rosenergoatom,Rosatom,Rosatom,IAEA-PRIS/WNA-sample,0.55,2026-05-17,False,False,False,False,False
RUS-LENINGRAD-UNIT-4,Leningrad-4,Unit 4,Leningrad,Russia,Eurasia,59.856,29.076,Operating,Operating,RBMK,RBMK,Other/Unclassified,Gen II/legacy or unspecified,Large,925.0,925.0,925.0,1975-02-01,1981-02-11,1981-08-11,,1981.0,45.0,Rosenergoatom,Rosatom,Rosatom,IAEA-PRIS/WNA-sample,0.55,2026-05-17,False,False,False,False,False
RUS-LENINGRAD-UNIT-5,Leningrad-5,Unit 5,Leningrad,Russia,Eurasia,59.856,29.076,Operating,Operating,VVER,VVER,Light Water Reactor,Gen III/III+ or modern LWR,Large,1114.0,1200.0,1114.0,2008-10-25,2018-10-09,2018-10-09,,2018.0,8.0,Rosenergoatom,Rosatom,Rosatom,IAEA-PRIS/WNA-sample,0.55,2026-05-17,False,False,False,False,False
RUS-LENINGRAD-UNIT-6,Leningrad-6,Unit 6,Leningrad,Russia,Eurasia,59.856,29.076,Operating,Operating,VVER,VVER,Light Water Reactor,Gen III/III+ or modern LWR,Large,1114.0,1200.0,1114.0,2010-04-22,2021-03-22,2021-10-22,,2021.0,5.0,Rosenergoatom,Rosatom,Rosatom,IAEA-PRIS/WNA-sample,0.55,2026-05-17,False,False,False,False,False
RUS-NOVOVORONEZH-UNIT-3,Novovoronezh-3,Unit 3,Novovoronezh,Russia,Eurasia,51.288,39.218,Shutdown,Shutdown,VVER,VVER,Light Water Reactor,Gen III/III+ or modern LWR,Mid-size,385.0,417.0,385.0,1967-07-01,1971-06-28,1971-12-31,2016-02-16,1971.0,55.0,Rosenergoatom,Rosatom,Rosatom,IAEA-PRIS/WNA-sample,0.55,2026-05-17,False,False,False,False,False
RUS-NOVOVORONEZH-UNIT-4,Novovoronezh-4,Unit 4,Novovoronezh,Russia,Eurasia,51.288,39.218,Shutdown,Shutdown,VVER,VVER,Light Water Reactor,Gen III/III+ or modern LWR,Mid-size,385.0,417.0,385.0,1967-07-01,1972-12-28,1972-12-28,2017-09-29,1972.0,54.0,Rosenergoatom,Rosatom,Rosatom,IAEA-PRIS/WNA-sample,0.55,2026-05-17,False,False,False,False,False
RUS-NOVOVORONEZH-UNIT-5,Novovoronezh-5,Unit 5,Novovoronezh,Russia,Eurasia,51.288,39.218,Operating,Operating,VVER,VVER,Light Water Reactor,Gen III/III+ or modern LWR,Large,1000.0,1070.0,1000.0,1974-01-01,1980-05-08,1981-02-01,,1981.0,45.0,Rosenergoatom,Rosatom,Rosatom,IAEA-PRIS/WNA-sample,0.55,2026-05-17,False,False,False,False,False
RUS-NOVOVORONEZH-UNIT-6,Novovoronezh-6,Unit 6,Novovoronezh,Russia,Eurasia,51.288,39.218,Operating,Operating,VVER,VVER,Light Water Reactor,Gen III/III+ or modern LWR,Large,1114.0,1200.0,1114.0,2008-07-17,2016-12-05,2017-02-05,,2017.0,9.0,Rosenergoatom,Rosatom,Rosatom,IAEA-PRIS/WNA-sample,0.55,2026-05-17,False,False,False,False,False
RUS-NOVOVORONEZH-UNIT-7,Novovoronezh-7,Unit 7,Novovoronezh,Russia,Eurasia,51.288,39.218,Operating,Operating,VVER,VVER,Light Water Reactor,Gen III/III+ or modern LWR,Large,1114.0,1200.0,1114.0,2008-07-17,2018-11-01,2019-02-01,,2019.0,7.0,Rosenergoatom,Rosatom,Rosatom,IAEA-PRIS/WNA-sample,0.55,2026-05-17,False,False,False,False,False
RUS-ROSTOV-UNIT-1,Rostov-1,Unit 1,Rostov,Russia,Eurasia,47.573,42.267,Operating,Operating,VVER,VVER,Light Water Reactor,Gen III/III+ or modern LWR,Large,1011.0,1070.0,1011.0,1990-09-01,2001-03-26,2001-12-25,,2001.0,25.0,Rosenergoatom,Rosatom,Rosatom,IAEA-PRIS/WNA-sample,0.55,2026-05-17,False,False,False,False,False
RUS-ROSTOV-UNIT-1B,Rostov-1b,Unit 1b,Rostov,Russia,Eurasia,47.573,42.267,Operating,Operating,VVER,VVER,Light Water Reactor,Gen III/III+ or modern LWR,Large,1011.0,1070.0,1011.0,1980-09-01,2001-03-26,2001-12-25,,2001.0,25.0,Rosenergoatom,Rosatom,Rosatom,IAEA-PRIS/WNA-sample,0.55,2026-05-17,False,False,False,False,False
RUS-ROSTOV-UNIT-2,Rostov-2,Unit 2,Rostov,Russia,Eurasia,47.573,42.267,Operating,Operating,VVER,VVER,Light Water Reactor,Gen III/III+ or modern LWR,Large,1011.0,1070.0,1011.0,1990-09-01,2010-03-18,2010-12-18,,2010.0,16.0,Rosenergoatom,Rosatom,Rosatom,IAEA-PRIS/WNA-sample,0.55,2026-05-17,False,False,False,False,False
RUS-ROSTOV-UNIT-3,Rostov-3,Unit 3,Rostov,Russia,Eurasia,47.573,42.267,Operating,Operating,VVER,VVER,Light Water Reactor,Gen III/III+ or modern LWR,Large,1011.0,1070.0,1011.0,2009-09-15,2014-12-27,2015-09-17,,2015.0,11.0,Rosenergoatom,Rosatom,Rosatom,IAEA-PRIS/WNA-sample,0.55,2026-05-17,False,False,False,False,False
RUS-ROSTOV-UNIT-4,Rostov-4,Unit 4,Rostov,Russia,Eurasia,47.573,42.267,Operating,Operating,VVER,VVER,Light Water Reactor,Gen III/III+ or modern LWR,Large,1011.0,1070.0,1011.0,2009-09-15,2017-09-28,2018-02-28,,2018.0,8.0,Rosenergoatom,Rosatom,Rosatom,IAEA-PRIS/WNA-sample,0.55,2026-05-17,False,False,False,False,False
RUS-SMOLENSK-UNIT-1,Smolensk-1,Unit 1,Smolensk,Russia,Eurasia,54.152,33.233,Operating,Operating,RBMK,RBMK,Other/Unclassified,Gen II/legacy or unspecified,Large,925.0,925.0,925.0,1975-08-01,1982-12-09,1983-09-09,,1983.0,43.0,Rosenergoatom,Rosatom,Rosatom,IAEA-PRIS/WNA-sample,0.55,2026-05-17,False,False,False,False,False
RUS-SMOLENSK-UNIT-2,Smolensk-2,Unit 2,Smolensk,Russia,Eurasia,54.152,33.233,Operating,Operating,RBMK,RBMK,Other/Unclassified,Gen II/legacy or unspecified,Large,925.0,925.0,925.0,1976-06-01,1985-05-31,1985-07-31,,1985.0,41.0,Rosenergoatom,Rosatom,Rosatom,IAEA-PRIS/WNA-sample,0.55,2026-05-17,False,False,False,False,False
RUS-SMOLENSK-UNIT-3,Smolensk-3,Unit 3,Smolensk,Russia,Eurasia,54.152,33.233,Operating,Operating,RBMK,RBMK,Other/Unclassified,Gen II/legacy or unspecified,Large,925.0,925.0,925.0,1983-01-01,1989-12-17,1990-01-17,,1990.0,36.0,Rosenergoatom,Rosatom,Rosatom,IAEA-PRIS/WNA-sample,0.55,2026-05-17,False,False,False,False,False
SLO-BOHUNICE-UNIT-3,Bohunice-3,Unit 3,Bohunice,Slovakia,Other,48.493,17.671,Operating,Operating,VVER,VVER,Light Water Reactor,Gen III/III+ or modern LWR,Mid-size,408.0,440.0,408.0,1976-12-01,1984-11-28,1985-02-14,,1985.0,41.0,SE,SE,Rosatom,IAEA-PRIS/WNA-sample,0.55,2026-05-17,False,False,False,False,False
SLO-MOCHOVCE-UNIT-1,Mochovce-1,Unit 1,Mochovce,Slovakia,Other,48.413,18.534,Operating,Operating,VVER,VVER,Light Water Reactor,Gen III/III+ or modern LWR,Mid-size,411.0,440.0,411.0,1983-10-01,1998-06-29,1999-10-29,,1999.0,27.0,SE,SE,Rosatom,IAEA-PRIS/WNA-sample,0.55,2026-05-17,False,False,False,False,False
SLO-MOCHOVCE-UNIT-2,Mochovce-2,Unit 2,Mochovce,Slovakia,Other,48.413,18.534,Operating,Operating,VVER,VVER,Light Water Reactor,Gen III/III+ or modern LWR,Mid-size,411.0,440.0,411.0,1985-01-01,2000-04-18,2000-04-18,,2000.0,26.0,SE,SE,Rosatom,IAEA-PRIS/WNA-sample,0.55,2026-05-17,False,False,False,False,False
SLO-MOCHOVCE-UNIT-3,Mochovce-3,Unit 3,Mochovce,Slovakia,Other,48.413,18.534,Operating,Operating,VVER,VVER,Light Water Reactor,Gen III/III+ or modern LWR,Mid-size,471.0,505.0,471.0,1987-01-01,2022-10-31,2023-01-31,,2023.0,3.0,SE,SE,Rosatom,IAEA-PRIS/WNA-sample,0.55,2026-05-17,False,False,False,False,False
SLO-MOCHOVCE-UNIT-4,Mochovce-4,Unit 4,Mochovce,Slovakia,Other,48.413,18.534,Under Construction,Construction,VVER,VVER,Light Water Reactor,Gen III/III+ or modern LWR,Mid-size,471.0,505.0,471.0,1987-01-01,,,,,,SE,SE,Rosatom,IAEA-PRIS/WNA-sample,0.55,2026-05-17,False,False,False,False,False
SOU-HANBIT-UNIT-1,Hanbit-1,Unit 1,Hanbit,South Korea,Asia,35.413,126.425,Operating,Operating,PWR,PWR,Light Water Reactor,Gen III/III+ or modern LWR,Large,950.0,1000.0,950.0,1981-06-01,1986-08-25,1986-08-25,,1986.0,40.0,KHNP,KHNP,Westinghouse,IAEA-PRIS/WNA-sample,0.55,2026-05-17,False,False,False,False,False
SOU-HANBIT-UNIT-2,Hanbit-2,Unit 2,Hanbit,South Korea,Asia,35.413,126.425,Operating,Operating,PWR,PWR,Light Water Reactor,Gen III/III+ or modern LWR,Large,950.0,1000.0,950.0,1981-12-01,1987-06-10,1987-06-10,,1987.0,39.0,KHNP,KHNP,Westinghouse,IAEA-PRIS/WNA-sample,0.55,2026-05-17,False,False,False,False,False
SOU-HANBIT-UNIT-3,Hanbit-3,Unit 3,Hanbit,South Korea,Asia,35.413,126.425,Operating,Operating,PWR,PWR,Light Water Reactor,Gen III/III+ or modern LWR,Large,995.0,1050.0,995.0,1989-12-23,1994-12-31,1994-12-31,,1994.0,32.0,KHNP,KHNP,KHNP,IAEA-PRIS/WNA-sample,0.55,2026-05-17,False,False,False,False,False
SOU-HANBIT-UNIT-4,Hanbit-4,Unit 4,Hanbit,South Korea,Asia,35.413,126.425,Operating,Operating,PWR,PWR,Light Water Reactor,Gen III/III+ or modern LWR,Large,995.0,1050.0,995.0,1990-05-22,1996-01-01,1996-01-01,,1996.0,30.0,KHNP,KHNP,KHNP,IAEA-PRIS/WNA-sample,0.55,2026-05-17,False,False,False,False,False
SOU-HANBIT-UNIT-5,Hanbit-5,Unit 5,Hanbit,South Korea,Asia,35.413,126.425,Operating,Operating,PWR,PWR,Light Water Reactor,Gen III/III+ or modern LWR,Large,995.0,1050.0,995.0,1997-06-29,2001-05-21,2001-05-21,,2001.0,25.0,KHNP,KHNP,KHNP,IAEA-PRIS/WNA-sample,0.55,2026-05-17,False,False,False,False,False
SOU-HANBIT-UNIT-6,Hanbit-6,Unit 6,Hanbit,South Korea,Asia,35.413,126.425,Operating,Operating,PWR,PWR,Light Water Reactor,Gen III/III+ or modern LWR,Large,995.0,1050.0,995.0,1997-11-20,2002-12-24,2002-12-24,,2002.0,24.0,KHNP,KHNP,KHNP,IAEA-PRIS/WNA-sample,0.55,2026-05-17,False,False,False,False,False
SOU-HANUL-UNIT-1,Hanul-1,Unit 1,Hanul,South Korea,Asia,37.094,129.381,Operating,Operating,PWR,PWR,Light Water Reactor,Gen III/III+ or modern LWR,Large,950.0,1000.0,950.0,1983-01-26,1988-12-26,1988-12-26,,1988.0,38.0,KHNP,KHNP,Westinghouse,IAEA-PRIS/WNA-sample,0.55,2026-05-17,False,False,False,False,False
SOU-HANUL-UNIT-2,Hanul-2,Unit 2,Hanul,South Korea,Asia,37.094,129.381,Operating,Operating,PWR,PWR,Light Water Reactor,Gen III/III+ or modern LWR,Large,950.0,1000.0,950.0,1983-12-01,1989-09-01,1989-09-01,,1989.0,37.0,KHNP,KHNP,Westinghouse,IAEA-PRIS/WNA-sample,0.55,2026-05-17,False,False,False,False,False
SOU-HANUL-UNIT-3,Hanul-3,Unit 3,Hanul,South Korea,Asia,37.094,129.381,Operating,Operating,PWR,PWR,Light Water Reactor,Gen III/III+ or modern LWR,Large,995.0,1050.0,995.0,1993-03-17,1998-08-11,1998-08-11,,1998.0,28.0,KHNP,KHNP,KHNP,IAEA-PRIS/WNA-sample,0.55,2026-05-17,False,False,False,False,False
SOU-HANUL-UNIT-4,Hanul-4,Unit 4,Hanul,South Korea,Asia,37.094,129.381,Operating,Operating,PWR,PWR,Light Water Reactor,Gen III/III+ or modern LWR,Large,995.0,1050.0,995.0,1993-11-01,1999-12-31,1999-12-31,,1999.0,27.0,KHNP,KHNP,KHNP,IAEA-PRIS/WNA-sample,0.55,2026-05-17,False,False,False,False,False
SOU-HANUL-UNIT-5,Hanul-5,Unit 5,Hanul,South Korea,Asia,37.094,129.381,Operating,Operating,PWR,PWR,Light Water Reactor,Gen III/III+ or modern LWR,Large,995.0,1050.0,995.0,1999-11-01,2003-12-22,2003-12-22,,2003.0,23.0,KHNP,KHNP,KHNP,IAEA-PRIS/WNA-sample,0.55,2026-05-17,False,False,False,False,False
SOU-HANUL-UNIT-6,Hanul-6,Unit 6,Hanul,South Korea,Asia,37.094,129.381,Operating,Operating,PWR,PWR,Light Water Reactor,Gen III/III+ or modern LWR,Large,995.0,1050.0,995.0,2000-09-06,2005-04-22,2005-04-22,,2005.0,21.0,KHNP,KHNP,KHNP,IAEA-PRIS/WNA-sample,0.55,2026-05-17,False,False,False,False,False
SOU-KOEBERG-UNIT-1,Koeberg-1,Unit 1,Koeberg,South Africa,Other,-33.659,18.432,Operating,Operating,PWR,PWR,Light Water Reactor,Gen III/III+ or modern LWR,Large,900.0,970.0,900.0,1976-07-01,1984-04-04,1984-07-21,,1984.0,42.0,Eskom,Eskom,Framatome,IAEA-PRIS/WNA-sample,0.55,2026-05-17,False,False,False,False,False
SOU-KOEBERG-UNIT-2,Koeberg-2,Unit 2,Koeberg,South Africa,Other,-33.659,18.432,Operating,Operating,PWR,PWR,Light Water Reactor,Gen III/III+ or modern LWR,Large,900.0,970.0,900.0,1976-07-01,1985-07-09,1985-11-09,,1985.0,41.0,Eskom,Eskom,Framatome,IAEA-PRIS/WNA-sample,0.55,2026-05-17,False,False,False,False,False
SOU-KORI-UNIT-1,Kori-1,Unit 1,Kori,South Korea,Asia,35.321,129.294,Shutdown,Shutdown,PWR,PWR,Light Water Reactor,Gen III/III+ or modern LWR,Mid-size,587.0,609.0,587.0,1972-01-18,1978-04-29,1978-07-29,2017-06-19,1978.0,48.0,KHNP,KHNP,Westinghouse,IAEA-PRIS/WNA-sample,0.55,2026-05-17,False,False,False,False,False
SOU-KORI-UNIT-2,Kori-2,Unit 2,Kori,South Korea,Asia,35.321,129.294,Operating,Operating,PWR,PWR,Light Water Reactor,Gen III/III+ or modern LWR,Mid-size,640.0,650.0,640.0,1977-12-23,1983-04-09,1983-07-25,,1983.0,43.0,KHNP,KHNP,Westinghouse,IAEA-PRIS/WNA-sample,0.55,2026-05-17,False,False,False,False,False
SOU-KORI-UNIT-3,Kori-3,Unit 3,Kori,South Korea,Asia,35.321,129.294,Operating,Operating,PWR,PWR,Light Water Reactor,Gen III/III+ or modern LWR,Large,950.0,995.0,950.0,1979-10-01,1985-09-30,1985-12-30,,1985.0,41.0,KHNP,KHNP,Framatome,IAEA-PRIS/WNA-sample,0.55,2026-05-17,False,False,False,False,False
SOU-KORI-UNIT-4,Kori-4,Unit 4,Kori,South Korea,Asia,35.321,129.294,Operating,Operating,PWR,PWR,Light Water Reactor,Gen III/III+ or modern LWR,Large,950.0,995.0,950.0,1980-10-01,1986-04-29,1986-04-29,,1986.0,40.0,KHNP,KHNP,Framatome,IAEA-PRIS/WNA-sample,0.55,2026-05-17,False,False,False,False,False
SOU-SHIN-HANUL-UNIT-1,Shin Hanul-1,Unit 1,Shin Hanul,South Korea,Asia,37.094,129.381,Operating,Operating,PWR,APR1400,Light Water Reactor,Gen II/legacy or unspecified,Large,1340.0,1455.0,1340.0,2012-07-10,2022-06-09,2022-06-09,,2022.0,4.0,KHNP,KHNP,KHNP,IAEA-PRIS/WNA-sample,0.55,2026-05-17,False,False,False,False,False
SOU-SHIN-HANUL-UNIT-2,Shin Hanul-2,Unit 2,Shin Hanul,South Korea,Asia,37.094,129.381,Operating,Operating,PWR,APR1400,Light Water Reactor,Gen II/legacy or unspecified,Large,1340.0,1455.0,1340.0,2012-09-28,2023-12-22,2023-12-22,,2023.0,3.0,KHNP,KHNP,KHNP,IAEA-PRIS/WNA-sample,0.55,2026-05-17,False,False,False,False,False
SOU-SHIN-KORI-UNIT-1,Shin Kori-1,Unit 1,Shin Kori,South Korea,Asia,35.321,129.294,Operating,Operating,PWR,PWR,Light Water Reactor,Gen III/III+ or modern LWR,Large,995.0,1050.0,995.0,2006-06-16,2011-02-28,2011-02-28,,2011.0,15.0,KHNP,KHNP,KHNP,IAEA-PRIS/WNA-sample,0.55,2026-05-17,False,False,False,False,False
SOU-SHIN-KORI-UNIT-2,Shin Kori-2,Unit 2,Shin Kori,South Korea,Asia,35.321,129.294,Operating,Operating,PWR,PWR,Light Water Reactor,Gen III/III+ or modern LWR,Large,995.0,1050.0,995.0,2007-06-05,2012-07-20,2012-07-20,,2012.0,14.0,KHNP,KHNP,KHNP,IAEA-PRIS/WNA-sample,0.55,2026-05-17,False,False,False,False,False
SOU-SHIN-KORI-UNIT-3,Shin Kori-3,Unit 3,Shin Kori,South Korea,Asia,35.321,129.294,Operating,Operating,PWR,APR1400,Light Water Reactor,Gen II/legacy or unspecified,Large,1340.0,1455.0,1340.0,2008-10-16,2016-01-20,2016-12-20,,2016.0,10.0,KHNP,KHNP,KHNP,IAEA-PRIS/WNA-sample,0.55,2026-05-17,False,False,False,False,False
SOU-SHIN-KORI-UNIT-4,Shin Kori-4,Unit 4,Shin Kori,South Korea,Asia,35.321,129.294,Operating,Operating,PWR,APR1400,Light Water Reactor,Gen II/legacy or unspecified,Large,1340.0,1455.0,1340.0,2009-08-19,2019-08-29,2019-08-29,,2019.0,7.0,KHNP,KHNP,KHNP,IAEA-PRIS/WNA-sample,0.55,2026-05-17,False,False,False,False,False
SOU-SHIN-KORI-UNIT-5,Shin Kori-5,Unit 5,Shin Kori,South Korea,Asia,35.321,129.294,Under Construction,Construction,PWR,APR1400,Light Water Reactor,Gen II/legacy or unspecified,Large,1340.0,1455.0,1340.0,2017-04-09,,,,,,KHNP,KHNP,KHNP,IAEA-PRIS/WNA-sample,0.55,2026-05-17,False,False,False,False,False
SOU-SHIN-KORI-UNIT-6,Shin Kori-6,Unit 6,Shin Kori,South Korea,Asia,35.321,129.294,Under Construction,Construction,PWR,APR1400,Light Water Reactor,Gen II/legacy or unspecified,Large,1340.0,1455.0,1340.0,2018-09-20,,,,,,KHNP,KHNP,KHNP,IAEA-PRIS/WNA-sample,0.55,2026-05-17,False,False,False,False,False
SOU-THYSPUNT-UNIT-1,Thyspunt,Unit 1,Thyspunt,South Africa,Other,-33.97,25.203,Proposed,Proposed,PWR,PWR,Light Water Reactor,Gen III/III+ or modern LWR,Large,1000.0,1000.0,1000.0,,,,,,,Eskom,Eskom,TBD,IAEA-PRIS/WNA-sample,0.55,2026-05-17,False,False,False,False,False
SOU-WOLSONG-UNIT-1,Wolsong-1,Unit 1,Wolsong,South Korea,Asia,35.712,129.476,Shutdown,Shutdown,PHWR,PHWR,Heavy Water Reactor,Gen II/legacy or unspecified,Mid-size,679.0,700.0,679.0,1977-10-01,1982-11-21,1983-04-22,2019-12-24,1983.0,43.0,KHNP,KHNP,AECL,IAEA-PRIS/WNA-sample,0.55,2026-05-17,False,False,False,False,False
SOU-WOLSONG-UNIT-2,Wolsong-2,Unit 2,Wolsong,South Korea,Asia,35.712,129.476,Operating,Operating,PHWR,PHWR,Heavy Water Reactor,Gen II/legacy or unspecified,Mid-size,700.0,728.0,700.0,1992-09-01,1997-01-01,1997-07-01,,1997.0,29.0,KHNP,KHNP,AECL,IAEA-PRIS/WNA-sample,0.55,2026-05-17,False,False,False,False,False
SOU-WOLSONG-UNIT-3,Wolsong-3,Unit 3,Wolsong,South Korea,Asia,35.712,129.476,Operating,Operating,PHWR,PHWR,Heavy Water Reactor,Gen II/legacy or unspecified,Mid-size,700.0,728.0,700.0,1994-03-17,1997-12-31,1997-12-31,,1997.0,29.0,KHNP,KHNP,AECL,IAEA-PRIS/WNA-sample,0.55,2026-05-17,False,False,False,False,False
SOU-WOLSONG-UNIT-4,Wolsong-4,Unit 4,Wolsong,South Korea,Asia,35.712,129.476,Operating,Operating,PHWR,PHWR,Heavy Water Reactor,Gen II/legacy or unspecified,Mid-size,700.0,728.0,700.0,1997-02-01,1999-10-01,2000-10-01,,2000.0,26.0,KHNP,KHNP,AECL,IAEA-PRIS/WNA-sample,0.55,2026-05-17,False,False,False,False,False
SPA-ALMARAZ-UNIT-1,Almaraz-1,Unit 1,Almaraz,Spain,Other,39.806,-5.698,Operating,Operating,PWR,PWR,Light Water Reactor,Gen III/III+ or modern LWR,Large,1049.0,1100.0,1049.0,1973-07-03,1981-09-01,1983-05-01,,1983.0,43.0,Iberdrola,Almaraz NPP,Westinghouse,IAEA-PRIS/WNA-sample,0.55,2026-05-17,False,False,False,False,False
SPA-ALMARAZ-UNIT-2,Almaraz-2,Unit 2,Almaraz,Spain,Other,39.806,-5.698,Operating,Operating,PWR,PWR,Light Water Reactor,Gen III/III+ or modern LWR,Large,1044.0,1100.0,1044.0,1973-07-03,1983-06-01,1984-06-01,,1984.0,42.0,Iberdrola,Almaraz NPP,Westinghouse,IAEA-PRIS/WNA-sample,0.55,2026-05-17,False,False,False,False,False
SPA-ASCO-UNIT-1,Asco-1,Unit 1,Asco,Spain,Other,40.883,0.571,Operating,Operating,PWR,PWR,Light Water Reactor,Gen III/III+ or modern LWR,Large,1032.0,1082.0,1032.0,1974-05-16,1983-12-01,1984-08-10,,1984.0,42.0,Endesa,ANAV,Westinghouse,IAEA-PRIS/WNA-sample,0.55,2026-05-17,False,False,False,False,False
SPA-ASCO-UNIT-2,Asco-2,Unit 2,Asco,Spain,Other,40.883,0.571,Operating,Operating,PWR,PWR,Light Water Reactor,Gen III/III+ or modern LWR,Large,1027.0,1082.0,1027.0,1975-03-07,1985-09-01,1986-03-31,,1986.0,40.0,Endesa,ANAV,Westinghouse,IAEA-PRIS/WNA-sample,0.55,2026-05-17,False,False,False,False,False
SPA-COFRENTES-UNIT-1,Cofrentes,Unit 1,Cofrentes,Spain,Other,39.244,-1.068,Operating,Operating,BWR,BWR,Light Water Reactor,Gen II/legacy or unspecified,Large,1064.0,1118.0,1064.0,1975-08-14,1984-03-11,1985-03-11,,1985.0,41.0,Iberdrola,Iberdrola,GE,IAEA-PRIS/WNA-sample,0.55,2026-05-17,False,False,False,False,False
SPA-TRILLO-UNIT-1,Trillo,Unit 1,Trillo,Spain,Other,40.684,-2.593,Operating,Operating,PWR,PWR,Light Water Reactor,Gen III/III+ or modern LWR,Large,1003.0,1066.0,1003.0,1979-08-17,1988-05-17,1988-08-06,,1988.0,38.0,Unión Fenosa,CSN,KWU,IAEA-PRIS/WNA-sample,0.55,2026-05-17,False,False,False,False,False
SPA-VANDELLOS-UNIT-2,Vandellos-2,Unit 2,Vandellos,Spain,Other,40.922,0.882,Operating,Operating,PWR,PWR,Light Water Reactor,Gen III/III+ or modern LWR,Large,1045.0,1100.0,1045.0,1980-12-01,1987-09-01,1988-03-08,,1988.0,38.0,Iberdrola,ANAV,Westinghouse,IAEA-PRIS/WNA-sample,0.55,2026-05-17,False,False,False,False,False
SWE-FORSMARK-UNIT-1,Forsmark-1,Unit 1,Forsmark,Sweden,Other,60.405,18.17,Operating,Operating,BWR,BWR,Light Water Reactor,Gen II/legacy or unspecified,Large,984.0,1020.0,984.0,1973-06-01,1980-04-10,1984-12-10,,1984.0,42.0,Vattenfall,Vattenfall,ASEA Atom,IAEA-PRIS/WNA-sample,0.55,2026-05-17,False,False,False,False,False
SWE-FORSMARK-UNIT-2,Forsmark-2,Unit 2,Forsmark,Sweden,Other,60.405,18.17,Operating,Operating,BWR,BWR,Light Water Reactor,Gen II/legacy or unspecified,Large,1120.0,1166.0,1120.0,1975-01-01,1981-07-07,1981-07-07,,1981.0,45.0,Vattenfall,Vattenfall,ASEA Atom,IAEA-PRIS/WNA-sample,0.55,2026-05-17,False,False,False,False,False
SWE-FORSMARK-UNIT-3,Forsmark-3,Unit 3,Forsmark,Sweden,Other,60.405,18.17,Operating,Operating,BWR,BWR,Light Water Reactor,Gen II/legacy or unspecified,Large,1167.0,1200.0,1167.0,1979-01-01,1985-08-18,1985-08-18,,1985.0,41.0,Vattenfall,Vattenfall,ASEA Atom,IAEA-PRIS/WNA-sample,0.55,2026-05-17,False,False,False,False,False
SWE-OSKARSHAMN-UNIT-3,Oskarshamn-3,Unit 3,Oskarshamn,Sweden,Other,57.415,16.676,Operating,Operating,BWR,BWR,Light Water Reactor,Gen II/legacy or unspecified,Mid-size,473.0,492.0,473.0,1980-05-01,1985-08-15,1985-08-15,,1985.0,41.0,OKG,OKG,ASEA Atom,IAEA-PRIS/WNA-sample,0.55,2026-05-17,False,False,False,False,False
SWE-RINGHALS-UNIT-3,Ringhals-3,Unit 3,Ringhals,Sweden,Other,57.257,12.106,Operating,Operating,PWR,PWR,Light Water Reactor,Gen III/III+ or modern LWR,Large,1063.0,1099.0,1063.0,1972-09-01,1981-05-07,1981-09-07,,1981.0,45.0,Vattenfall,Ringhals,Westinghouse,IAEA-PRIS/WNA-sample,0.55,2026-05-17,False,False,False,False,False
SWE-RINGHALS-UNIT-4,Ringhals-4,Unit 4,Ringhals,Sweden,Other,57.257,12.106,Operating,Operating,PWR,PWR,Light Water Reactor,Gen III/III+ or modern LWR,Large,1101.0,1137.0,1101.0,1973-10-01,1983-11-21,1983-11-21,,1983.0,43.0,Vattenfall,Ringhals,Westinghouse,IAEA-PRIS/WNA-sample,0.55,2026-05-17,False,False,False,False,False
SWI-BEZNAU-UNIT-1,Beznau-1,Unit 1,Beznau,Switzerland,Other,47.523,8.116,Operating,Operating,PWR,PWR,Light Water Reactor,Gen III/III+ or modern LWR,Mid-size,365.0,380.0,365.0,1965-09-01,1969-09-17,1969-12-09,,1969.0,57.0,Axpo,Axpo,Westinghouse,IAEA-PRIS/WNA-sample,0.55,2026-05-17,False,False,False,False,False
SWI-BEZNAU-UNIT-2,Beznau-2,Unit 2,Beznau,Switzerland,Other,47.523,8.116,Operating,Operating,PWR,PWR,Light Water Reactor,Gen III/III+ or modern LWR,Mid-size,365.0,380.0,365.0,1968-08-01,1971-10-23,1972-03-23,,1972.0,54.0,Axpo,Axpo,Westinghouse,IAEA-PRIS/WNA-sample,0.55,2026-05-17,False,False,False,False,False
SWI-GOSGEN-UNIT-1,Gosgen,Unit 1,Gosgen,Switzerland,Other,47.367,7.961,Operating,Operating,PWR,PWR,Light Water Reactor,Gen III/III+ or modern LWR,Large,970.0,1020.0,970.0,1973-06-01,1979-09-12,1979-11-01,,1979.0,47.0,KKG,KKG,KWU,IAEA-PRIS/WNA-sample,0.55,2026-05-17,False,False,False,False,False
SWI-LEIBSTADT-UNIT-1,Leibstadt,Unit 1,Leibstadt,Switzerland,Other,47.603,8.181,Operating,Operating,BWR,BWR,Light Water Reactor,Gen II/legacy or unspecified,Large,1220.0,1285.0,1220.0,1974-01-01,1984-09-28,1984-12-15,,1984.0,42.0,KKL,KKL,GE,IAEA-PRIS/WNA-sample,0.55,2026-05-17,False,False,False,False,False
SWI-M-HLEBERG-UNIT-1,Mühleberg,Unit 1,Mühleberg,Switzerland,Other,46.997,7.271,Shutdown,Shutdown,BWR,BWR,Light Water Reactor,Gen II/legacy or unspecified,Mid-size,355.0,373.0,355.0,1967-03-01,1971-10-06,1972-11-06,2019-12-20,1972.0,54.0,BKW,BKW,GE,IAEA-PRIS/WNA-sample,0.55,2026-05-17,False,False,False,False,False
TAI-CHINSHAN-UNIT-1,Chinshan-1,Unit 1,Chinshan,Taiwan,Other,25.292,121.537,Shutdown,Shutdown,BWR,BWR,Light Water Reactor,Gen II/legacy or unspecified,Mid-size,604.0,636.0,604.0,1972-01-01,1977-12-10,1978-12-10,2018-12-05,1978.0,48.0,TPC,TPC,GE,IAEA-PRIS/WNA-sample,0.55,2026-05-17,False,False,False,False,False
TAI-KUOSHENG-UNIT-1,Kuosheng-1,Unit 1,Kuosheng,Taiwan,Other,25.202,121.665,Operating,Operating,BWR,BWR,Light Water Reactor,Gen II/legacy or unspecified,Large,951.0,985.0,951.0,1978-01-01,1981-12-28,1981-12-28,,1981.0,45.0,TPC,TPC,GE,IAEA-PRIS/WNA-sample,0.55,2026-05-17,False,False,False,False,False
TAI-MAANSHAN-UNIT-1,Maanshan-1,Unit 1,Maanshan,Taiwan,Other,21.961,120.748,Operating,Operating,PWR,PWR,Light Water Reactor,Gen III/III+ or modern LWR,Large,890.0,951.0,890.0,1978-10-01,1984-07-27,1984-07-27,,1984.0,42.0,TPC,TPC,Westinghouse,IAEA-PRIS/WNA-sample,0.55,2026-05-17,False,False,False,False,False
TAI-MAANSHAN-UNIT-2,Maanshan-2,Unit 2,Maanshan,Taiwan,Other,21.961,120.748,Operating,Operating,PWR,PWR,Light Water Reactor,Gen III/III+ or modern LWR,Large,890.0,951.0,890.0,1979-12-01,1985-05-18,1985-05-18,,1985.0,41.0,TPC,TPC,Westinghouse,IAEA-PRIS/WNA-sample,0.55,2026-05-17,False,False,False,False,False
TUR-AKKUYU-UNIT-1,Akkuyu-1,Unit 1,Akkuyu,Turkey,Europe,36.144,33.541,Under Construction,Construction,VVER,VVER,Light Water Reactor,Gen III/III+ or modern LWR,Large,1114.0,1200.0,1114.0,2018-04-03,,,,,,Akkuyu Nuclear,Rosatom,Rosatom,IAEA-PRIS/WNA-sample,0.55,2026-05-17,False,False,False,False,False
TUR-AKKUYU-UNIT-2,Akkuyu-2,Unit 2,Akkuyu,Turkey,Europe,36.144,33.541,Under Construction,Construction,VVER,VVER,Light Water Reactor,Gen III/III+ or modern LWR,Large,1114.0,1200.0,1114.0,2020-04-08,,,,,,Akkuyu Nuclear,Rosatom,Rosatom,IAEA-PRIS/WNA-sample,0.55,2026-05-17,False,False,False,False,False
TUR-AKKUYU-UNIT-3,Akkuyu-3,Unit 3,Akkuyu,Turkey,Europe,36.144,33.541,Under Construction,Construction,VVER,VVER,Light Water Reactor,Gen III/III+ or modern LWR,Large,1114.0,1200.0,1114.0,2021-03-10,,,,,,Akkuyu Nuclear,Rosatom,Rosatom,IAEA-PRIS/WNA-sample,0.55,2026-05-17,False,False,False,False,False
TUR-AKKUYU-UNIT-4,Akkuyu-4,Unit 4,Akkuyu,Turkey,Europe,36.144,33.541,Under Construction,Construction,VVER,VVER,Light Water Reactor,Gen III/III+ or modern LWR,Large,1114.0,1200.0,1114.0,2022-07-21,,,,,,Akkuyu Nuclear,Rosatom,Rosatom,IAEA-PRIS/WNA-sample,0.55,2026-05-17,False,False,False,False,False
UAE-BARAKAH-UNIT-1,Barakah-1,Unit 1,Barakah,UAE,Middle East,23.968,52.227,Operating,Operating,PWR,APR1400,Light Water Reactor,Gen II/legacy or unspecified,Large,1345.0,1400.0,1345.0,2012-07-18,2020-08-19,2021-04-06,,2021.0,5.0,ENEC,Nawah,KEPCO,IAEA-PRIS/WNA-sample,0.55,2026-05-17,False,False,False,False,False
UAE-BARAKAH-UNIT-2,Barakah-2,Unit 2,Barakah,UAE,Middle East,23.968,52.227,Operating,Operating,PWR,APR1400,Light Water Reactor,Gen II/legacy or unspecified,Large,1345.0,1400.0,1345.0,2013-04-16,2021-09-14,2022-03-24,,2022.0,4.0,ENEC,Nawah,KEPCO,IAEA-PRIS/WNA-sample,0.55,2026-05-17,False,False,False,False,False
UAE-BARAKAH-UNIT-3,Barakah-3,Unit 3,Barakah,UAE,Middle East,23.968,52.227,Operating,Operating,PWR,APR1400,Light Water Reactor,Gen II/legacy or unspecified,Large,1345.0,1400.0,1345.0,2014-09-24,2023-02-24,2023-10-14,,2023.0,3.0,ENEC,Nawah,KEPCO,IAEA-PRIS/WNA-sample,0.55,2026-05-17,False,False,False,False,False
UAE-BARAKAH-UNIT-4,Barakah-4,Unit 4,Barakah,UAE,Middle East,23.968,52.227,Under Construction,Construction,PWR,APR1400,Light Water Reactor,Gen II/legacy or unspecified,Large,1345.0,1400.0,1345.0,2015-09-02,,,,,,ENEC,Nawah,KEPCO,IAEA-PRIS/WNA-sample,0.55,2026-05-17,False,False,False,False,False
UKR-KHMELNITSKY-UNIT-1,Khmelnitsky-1,Unit 1,Khmelnitsky,Ukraine,Other,50.3,26.648,Operating,Operating,VVER,VVER,Light Water Reactor,Gen III/III+ or modern LWR,Large,950.0,1000.0,950.0,1981-11-01,1987-12-22,1987-12-22,,1987.0,39.0,Energoatom,Energoatom,Rosatom,IAEA-PRIS/WNA-sample,0.55,2026-05-17,False,False,False,False,False
UKR-KHMELNITSKY-UNIT-2,Khmelnitsky-2,Unit 2,Khmelnitsky,Ukraine,Other,50.3,26.648,Operating,Operating,VVER,VVER,Light Water Reactor,Gen III/III+ or modern LWR,Large,950.0,1000.0,950.0,1983-02-01,2004-08-07,2004-09-07,,2004.0,22.0,Energoatom,Energoatom,Rosatom,IAEA-PRIS/WNA-sample,0.55,2026-05-17,False,False,False,False,False
UKR-RIVNE-UNIT-1,Rivne-1,Unit 1,Rivne,Ukraine,Other,51.325,25.892,Operating,Operating,VVER,VVER,Light Water Reactor,Gen III/III+ or modern LWR,Mid-size,382.0,420.0,382.0,1973-08-01,1980-05-22,1981-12-22,,1981.0,45.0,Energoatom,Energoatom,Rosatom,IAEA-PRIS/WNA-sample,0.55,2026-05-17,False,False,False,False,False
UKR-RIVNE-UNIT-2,Rivne-2,Unit 2,Rivne,Ukraine,Other,51.325,25.892,Operating,Operating,VVER,VVER,Light Water Reactor,Gen III/III+ or modern LWR,Mid-size,382.0,420.0,382.0,1973-08-01,1981-12-22,1981-12-22,,1981.0,45.0,Energoatom,Energoatom,Rosatom,IAEA-PRIS/WNA-sample,0.55,2026-05-17,False,False,False,False,False
UKR-RIVNE-UNIT-3,Rivne-3,Unit 3,Rivne,Ukraine,Other,51.325,25.892,Operating,Operating,VVER,VVER,Light Water Reactor,Gen III/III+ or modern LWR,Large,950.0,1000.0,950.0,1980-02-22,1986-12-21,1987-11-21,,1987.0,39.0,Energoatom,Energoatom,Rosatom,IAEA-PRIS/WNA-sample,0.55,2026-05-17,False,False,False,False,False
UKR-RIVNE-UNIT-4,Rivne-4,Unit 4,Rivne,Ukraine,Other,51.325,25.892,Operating,Operating,VVER,VVER,Light Water Reactor,Gen III/III+ or modern LWR,Large,950.0,1000.0,950.0,1986-08-01,2004-04-05,2004-06-05,,2004.0,22.0,Energoatom,Energoatom,Rosatom,IAEA-PRIS/WNA-sample,0.55,2026-05-17,False,False,False,False,False
UKR-SOUTH-UKRAINE-UNIT-1,South Ukraine-1,Unit 1,South Ukraine,Ukraine,Other,47.839,31.216,Operating,Operating,VVER,VVER,Light Water Reactor,Gen III/III+ or modern LWR,Large,950.0,1000.0,950.0,1977-11-01,1982-10-27,1983-12-31,,1983.0,43.0,Energoatom,Energoatom,Rosatom,IAEA-PRIS/WNA-sample,0.55,2026-05-17,False,False,False,False,False
UKR-SOUTH-UKRAINE-UNIT-2,South Ukraine-2,Unit 2,South Ukraine,Ukraine,Other,47.839,31.216,Operating,Operating,VVER,VVER,Light Water Reactor,Gen III/III+ or modern LWR,Large,950.0,1000.0,950.0,1981-07-01,1985-01-05,1985-04-05,,1985.0,41.0,Energoatom,Energoatom,Rosatom,IAEA-PRIS/WNA-sample,0.55,2026-05-17,False,False,False,False,False
UKR-SOUTH-UKRAINE-UNIT-3,South Ukraine-3,Unit 3,South Ukraine,Ukraine,Other,47.839,31.216,Operating,Operating,VVER,VVER,Light Water Reactor,Gen III/III+ or modern LWR,Large,950.0,1000.0,950.0,1985-11-01,1989-09-15,1989-11-15,,1989.0,37.0,Energoatom,Energoatom,Rosatom,IAEA-PRIS/WNA-sample,0.55,2026-05-17,False,False,False,False,False
UKR-ZAPORIZHZHIA-UNIT-1,Zaporizhzhia-1,Unit 1,Zaporizhzhia,Ukraine,Other,47.506,34.585,Operating,Operating,VVER,VVER,Light Water Reactor,Gen III/III+ or modern LWR,Large,950.0,1000.0,950.0,1981-04-01,1985-12-10,1985-12-10,,1985.0,41.0,Energoatom,Energoatom,Rosatom,IAEA-PRIS/WNA-sample,0.55,2026-05-17,False,False,False,False,False
UKR-ZAPORIZHZHIA-UNIT-2,Zaporizhzhia-2,Unit 2,Zaporizhzhia,Ukraine,Other,47.506,34.585,Operating,Operating,VVER,VVER,Light Water Reactor,Gen III/III+ or modern LWR,Large,950.0,1000.0,950.0,1981-01-01,1985-02-01,1985-02-01,,1985.0,41.0,Energoatom,Energoatom,Rosatom,IAEA-PRIS/WNA-sample,0.55,2026-05-17,False,False,False,False,False
UKR-ZAPORIZHZHIA-UNIT-3,Zaporizhzhia-3,Unit 3,Zaporizhzhia,Ukraine,Other,47.506,34.585,Operating,Operating,VVER,VVER,Light Water Reactor,Gen III/III+ or modern LWR,Large,950.0,1000.0,950.0,1982-04-01,1986-03-05,1986-12-05,,1986.0,40.0,Energoatom,Energoatom,Rosatom,IAEA-PRIS/WNA-sample,0.55,2026-05-17,False,False,False,False,False
UKR-ZAPORIZHZHIA-UNIT-4,Zaporizhzhia-4,Unit 4,Zaporizhzhia,Ukraine,Other,47.506,34.585,Operating,Operating,VVER,VVER,Light Water Reactor,Gen III/III+ or modern LWR,Large,950.0,1000.0,950.0,1983-04-01,1987-12-14,1988-04-14,,1988.0,38.0,Energoatom,Energoatom,Rosatom,IAEA-PRIS/WNA-sample,0.55,2026-05-17,False,False,False,False,False
UKR-ZAPORIZHZHIA-UNIT-5,Zaporizhzhia-5,Unit 5,Zaporizhzhia,Ukraine,Other,47.506,34.585,Operating,Operating,VVER,VVER,Light Water Reactor,Gen III/III+ or modern LWR,Large,950.0,1000.0,950.0,1985-11-01,1989-10-18,1989-10-18,,1989.0,37.0,Energoatom,Energoatom,Rosatom,IAEA-PRIS/WNA-sample,0.55,2026-05-17,False,False,False,False,False
UKR-ZAPORIZHZHIA-UNIT-6,Zaporizhzhia-6,Unit 6,Zaporizhzhia,Ukraine,Other,47.506,34.585,Operating,Operating,VVER,VVER,Light Water Reactor,Gen III/III+ or modern LWR,Large,950.0,1000.0,950.0,1988-08-01,1995-10-18,1995-10-18,,1995.0,31.0,Energoatom,Energoatom,Rosatom,IAEA-PRIS/WNA-sample,0.55,2026-05-17,False,False,False,False,False
UNI-ARKANSAS-NUCLEAR-ONE-UNIT-1,Arkansas-1,Unit 1,Arkansas Nuclear One,United States,North America,35.31,-93.23,Operating,Operating,PWR,PWR,Light Water Reactor,Gen III/III+ or modern LWR,Large,850.0,876.0,850.0,1968-10-01,1974-04-22,1974-12-19,,1974.0,52.0,Entergy,Entergy,B&W,IAEA-PRIS/WNA-sample,0.55,2026-05-17,False,False,False,False,False
UNI-ARKANSAS-NUCLEAR-ONE-UNIT-2,Arkansas-2,Unit 2,Arkansas Nuclear One,United States,North America,35.31,-93.23,Operating,Operating,PWR,PWR,Light Water Reactor,Gen III/III+ or modern LWR,Large,929.0,959.0,929.0,1968-10-01,1978-09-06,1980-03-26,,1980.0,46.0,Entergy,Entergy,CE,IAEA-PRIS/WNA-sample,0.55,2026-05-17,False,False,False,False,False
UNI-BEAVER-VALLEY-UNIT-1,Beaver Valley-1,Unit 1,Beaver Valley,United States,North America,40.623,-80.432,Operating,Operating,PWR,PWR,Light Water Reactor,Gen III/III+ or modern LWR,Large,900.0,939.0,900.0,1970-06-26,1976-06-23,1976-10-01,,1976.0,50.0,Energy Harbor,Energy Harbor,Westinghouse,IAEA-PRIS/WNA-sample,0.55,2026-05-17,False,False,False,False,False
UNI-BEAVER-VALLEY-UNIT-2,Beaver Valley-2,Unit 2,Beaver Valley,United States,North America,40.623,-80.432,Operating,Operating,PWR,PWR,Light Water Reactor,Gen III/III+ or modern LWR,Large,906.0,945.0,906.0,1974-05-03,1987-05-17,1987-11-17,,1987.0,39.0,Energy Harbor,Energy Harbor,Westinghouse,IAEA-PRIS/WNA-sample,0.55,2026-05-17,False,False,False,False,False
UNI-BRAIDWOOD-UNIT-1,Braidwood-1,Unit 1,Braidwood,United States,North America,41.238,-88.231,Operating,Operating,PWR,PWR,Light Water Reactor,Gen III/III+ or modern LWR,Large,1194.0,1245.0,1194.0,1975-08-01,1988-07-29,1988-07-29,,1988.0,38.0,Exelon,Exelon,Westinghouse,IAEA-PRIS/WNA-sample,0.55,2026-05-17,False,False,False,False,False
UNI-BRAIDWOOD-UNIT-2,Braidwood-2,Unit 2,Braidwood,United States,North America,41.238,-88.231,Operating,Operating,PWR,PWR,Light Water Reactor,Gen III/III+ or modern LWR,Large,1218.0,1264.0,1218.0,1975-08-01,1988-10-17,1988-10-17,,1988.0,38.0,Exelon,Exelon,Westinghouse,IAEA-PRIS/WNA-sample,0.55,2026-05-17,False,False,False,False,False
UNI-BROWNS-FERRY-UNIT-1,Browns Ferry-1,Unit 1,Browns Ferry,United States,North America,34.704,-87.119,Operating,Operating,BWR,BWR,Light Water Reactor,Gen II/legacy or unspecified,Large,1210.0,1251.0,1210.0,1967-09-12,1973-08-01,1974-08-01,,1974.0,52.0,TVA,TVA,GE,IAEA-PRIS/WNA-sample,0.55,2026-05-17,False,False,False,False,False
UNI-BROWNS-FERRY-UNIT-3,Browns Ferry-3,Unit 3,Browns Ferry,United States,North America,34.704,-87.119,Operating,Operating,BWR,BWR,Light Water Reactor,Gen II/legacy or unspecified,Large,1210.0,1251.0,1210.0,1968-07-01,1977-03-01,1977-03-01,,1977.0,49.0,TVA,TVA,GE,IAEA-PRIS/WNA-sample,0.55,2026-05-17,False,False,False,False,False
UNI-BRUNSWICK-UNIT-1,Brunswick-1,Unit 1,Brunswick,United States,North America,33.958,-78.007,Operating,Operating,BWR,BWR,Light Water Reactor,Gen II/legacy or unspecified,Large,938.0,975.0,938.0,1970-02-07,1977-03-18,1977-03-18,,1977.0,49.0,Duke Energy,Duke Energy,GE,IAEA-PRIS/WNA-sample,0.55,2026-05-17,False,False,False,False,False
UNI-BRUNSWICK-UNIT-2,Brunswick-2,Unit 2,Brunswick,United States,North America,33.958,-78.007,Operating,Operating,BWR,BWR,Light Water Reactor,Gen II/legacy or unspecified,Large,938.0,975.0,938.0,1970-02-07,1975-11-03,1975-11-03,,1975.0,51.0,Duke Energy,Duke Energy,GE,IAEA-PRIS/WNA-sample,0.55,2026-05-17,False,False,False,False,False
UNI-BYRON-UNIT-1,Byron-1,Unit 1,Byron,United States,North America,42.079,-89.278,Operating,Operating,PWR,PWR,Light Water Reactor,Gen III/III+ or modern LWR,Large,1164.0,1207.0,1164.0,1975-09-01,1985-09-16,1985-09-16,,1985.0,41.0,Exelon,Exelon,Westinghouse,IAEA-PRIS/WNA-sample,0.55,2026-05-17,False,False,False,False,False
UNI-BYRON-UNIT-2,Byron-2,Unit 2,Byron,United States,North America,42.079,-89.278,Operating,Operating,PWR,PWR,Light Water Reactor,Gen III/III+ or modern LWR,Large,1136.0,1183.0,1136.0,1975-09-01,1987-08-02,1987-08-02,,1987.0,39.0,Exelon,Exelon,Westinghouse,IAEA-PRIS/WNA-sample,0.55,2026-05-17,False,False,False,False,False
UNI-CALLAWAY-UNIT-1,Callaway,Unit 1,Callaway,United States,North America,38.767,-91.783,Operating,Operating,PWR,PWR,Light Water Reactor,Gen III/III+ or modern LWR,Large,1236.0,1296.0,1236.0,1976-04-01,1984-10-24,1984-12-19,,1984.0,42.0,Ameren,Ameren,Westinghouse,IAEA-PRIS/WNA-sample,0.55,2026-05-17,False,False,False,False,False
UNI-CARBON-FREE-UNIT-1,CP-1,Unit 1,Carbon Free,United States,North America,33.0,-83.0,Proposed,Proposed,SMR-LWR,SMR-LWR,Small Modular Reactor,Advanced/Gen IV candidate,SMR,300.0,300.0,300.0,,,,,,,Southern,Southern,GE Hitachi,IAEA-PRIS/WNA-sample,0.55,2026-05-17,True,False,False,False,False
UNI-CATAWBA-UNIT-1,Catawba-1,Unit 1,Catawba,United States,North America,35.072,-81.071,Operating,Operating,PWR,PWR,Light Water Reactor,Gen III/III+ or modern LWR,Large,1148.0,1205.0,1148.0,1975-01-01,1985-06-12,1985-06-29,,1985.0,41.0,Duke Energy,Duke Energy,Westinghouse,IAEA-PRIS/WNA-sample,0.55,2026-05-17,False,False,False,False,False
UNI-CATAWBA-UNIT-2,Catawba-2,Unit 2,Catawba,United States,North America,35.072,-81.071,Operating,Operating,PWR,PWR,Light Water Reactor,Gen III/III+ or modern LWR,Large,1148.0,1205.0,1148.0,1975-01-01,1986-03-11,1986-08-19,,1986.0,40.0,Duke Energy,Duke Energy,Westinghouse,IAEA-PRIS/WNA-sample,0.55,2026-05-17,False,False,False,False,False
UNI-CLINTON-UNIT-1,Clinton,Unit 1,Clinton,United States,North America,40.318,-88.831,Operating,Operating,BWR,BWR,Light Water Reactor,Gen II/legacy or unspecified,Large,1078.0,1109.0,1078.0,1975-10-01,1987-04-01,1987-11-24,,1987.0,39.0,Exelon,Exelon,GE,IAEA-PRIS/WNA-sample,0.55,2026-05-17,False,False,False,False,False
UNI-COMANCHE-PEAK-UNIT-1,Comanche Peak-1,Unit 1,Comanche Peak,United States,North America,32.298,-97.785,Operating,Operating,PWR,PWR,Light Water Reactor,Gen III/III+ or modern LWR,Large,1218.0,1264.0,1218.0,1974-12-19,1990-04-17,1990-08-13,,1990.0,36.0,Luminant,Vistra,Westinghouse,IAEA-PRIS/WNA-sample,0.55,2026-05-17,False,False,False,False,False
UNI-COMANCHE-PEAK-UNIT-2,Comanche Peak-2,Unit 2,Comanche Peak,United States,North America,32.298,-97.785,Operating,Operating,PWR,PWR,Light Water Reactor,Gen III/III+ or modern LWR,Large,1218.0,1264.0,1218.0,1974-12-19,1993-04-16,1993-08-03,,1993.0,33.0,Luminant,Vistra,Westinghouse,IAEA-PRIS/WNA-sample,0.55,2026-05-17,False,False,False,False,False
UNI-COOPER-UNIT-1,Cooper,Unit 1,Cooper,United States,North America,40.362,-95.644,Operating,Operating,BWR,BWR,Light Water Reactor,Gen II/legacy or unspecified,Large,769.0,801.0,769.0,1968-06-01,1974-05-24,1974-07-01,,1974.0,52.0,NPPD,NPPD,GE,IAEA-PRIS/WNA-sample,0.55,2026-05-17,False,False,False,False,False
UNI-DAVIS-BESSE-UNIT-1,Davis-Besse,Unit 1,Davis-Besse,United States,North America,41.598,-83.086,Operating,Operating,PWR,PWR,Light Water Reactor,Gen III/III+ or modern LWR,Large,894.0,924.0,894.0,1970-09-01,1977-08-28,1978-07-31,,1978.0,48.0,Energy Harbor,Energy Harbor,B&W,IAEA-PRIS/WNA-sample,0.55,2026-05-17,False,False,False,False,False
UNI-DC-COOK-UNIT-1,DC Cook-1,Unit 1,DC Cook,United States,North America,41.976,-86.562,Operating,Operating,PWR,PWR,Light Water Reactor,Gen III/III+ or modern LWR,Large,1054.0,1081.0,1054.0,1969-03-25,1975-02-27,1975-08-27,,1975.0,51.0,Indiana Michigan,AESC,Westinghouse,IAEA-PRIS/WNA-sample,0.55,2026-05-17,False,False,False,False,False
UNI-DC-COOK-UNIT-2,DC Cook-2,Unit 2,DC Cook,United States,North America,41.976,-86.562,Operating,Operating,PWR,PWR,Light Water Reactor,Gen III/III+ or modern LWR,Large,1077.0,1122.0,1077.0,1969-03-25,1977-03-23,1978-07-01,,1978.0,48.0,Indiana Michigan,AESC,Westinghouse,IAEA-PRIS/WNA-sample,0.55,2026-05-17,False,False,False,False,False
UNI-DIABLO-CANYON-UNIT-1,Diablo Canyon-1,Unit 1,Diablo Canyon,United States,North America,35.211,-120.854,Operating,Operating,PWR,PWR,Light Water Reactor,Gen III/III+ or modern LWR,Large,1122.0,1151.0,1122.0,1968-04-22,1984-11-28,1985-05-07,,1985.0,41.0,PG&E,PG&E,Westinghouse,IAEA-PRIS/WNA-sample,0.55,2026-05-17,False,False,False,False,False
UNI-DIABLO-CANYON-UNIT-2,Diablo Canyon-2,Unit 2,Diablo Canyon,United States,North America,35.211,-120.854,Operating,Operating,PWR,PWR,Light Water Reactor,Gen III/III+ or modern LWR,Large,1118.0,1162.0,1118.0,1970-12-09,1985-08-26,1986-03-13,,1986.0,40.0,PG&E,PG&E,Westinghouse,IAEA-PRIS/WNA-sample,0.55,2026-05-17,False,False,False,False,False
UNI-DRESDEN-UNIT-2,Dresden-2,Unit 2,Dresden,United States,North America,41.388,-88.27,Operating,Operating,BWR,BWR,Light Water Reactor,Gen II/legacy or unspecified,Large,882.0,912.0,882.0,1966-01-10,1970-04-09,1970-06-09,,1970.0,56.0,Exelon,Exelon,GE,IAEA-PRIS/WNA-sample,0.55,2026-05-17,False,False,False,False,False
UNI-DRESDEN-UNIT-3,Dresden-3,Unit 3,Dresden,United States,North America,41.388,-88.27,Operating,Operating,BWR,BWR,Light Water Reactor,Gen II/legacy or unspecified,Large,882.0,912.0,882.0,1966-10-14,1971-07-16,1971-11-16,,1971.0,55.0,Exelon,Exelon,GE,IAEA-PRIS/WNA-sample,0.55,2026-05-17,False,False,False,False,False
UNI-FERMI-UNIT-2,Fermi-2,Unit 2,Fermi,United States,North America,41.961,-83.261,Operating,Operating,BWR,BWR,Light Water Reactor,Gen II/legacy or unspecified,Large,1173.0,1220.0,1173.0,1972-09-26,1985-10-05,1988-01-23,,1988.0,38.0,DTE Energy,DTE,GE,IAEA-PRIS/WNA-sample,0.55,2026-05-17,False,False,False,False,False
UNI-FITZPATRICK-UNIT-1,James FitzPatrick,Unit 1,FitzPatrick,United States,North America,43.521,-76.406,Operating,Operating,BWR,BWR,Light Water Reactor,Gen II/legacy or unspecified,Large,854.0,900.0,854.0,1970-05-22,1974-10-17,1975-07-28,,1975.0,51.0,Exelon,Exelon,GE,IAEA-PRIS/WNA-sample,0.55,2026-05-17,False,False,False,False,False
UNI-GRAND-GULF-UNIT-1,Grand Gulf-1,Unit 1,Grand Gulf,United States,North America,32.008,-91.051,Operating,Operating,BWR,BWR,Light Water Reactor,Gen II/legacy or unspecified,Large,1497.0,1533.0,1497.0,1974-09-04,1984-07-01,1985-07-01,,1985.0,41.0,Entergy,Entergy,GE,IAEA-PRIS/WNA-sample,0.55,2026-05-17,False,False,False,False,False
UNI-H-B-ROBINSON-UNIT-2,Robinson,Unit 2,H. B. Robinson,United States,North America,34.398,-80.157,Operating,Operating,PWR,PWR,Light Water Reactor,Gen III/III+ or modern LWR,Large,740.0,762.0,740.0,1967-04-27,1971-03-07,1971-09-07,,1971.0,55.0,Duke Energy,Duke Energy,Westinghouse,IAEA-PRIS/WNA-sample,0.55,2026-05-17,False,False,False,False,False
UNI-HEYSHAM-1-UNIT-A,Heysham-1A,Unit A,Heysham-1,United Kingdom,Europe,54.032,-2.91,Operating,Operating,GCR,GCR,Other/Unclassified,Gen II/legacy or unspecified,Mid-size,575.0,620.0,575.0,1970-12-01,1983-06-17,1983-07-01,,1983.0,43.0,EDF,EDF,NNC,IAEA-PRIS/WNA-sample,0.55,2026-05-17,False,False,False,False,False
UNI-HEYSHAM-1-UNIT-B,Heysham-1B,Unit B,Heysham-1,United Kingdom,Europe,54.032,-2.91,Operating,Operating,GCR,GCR,Other/Unclassified,Gen II/legacy or unspecified,Mid-size,575.0,620.0,575.0,1970-12-01,1984-06-01,1984-06-01,,1984.0,42.0,EDF,EDF,NNC,IAEA-PRIS/WNA-sample,0.55,2026-05-17,False,False,False,False,False
UNI-HEYSHAM-2-UNIT-A,Heysham-2A,Unit A,Heysham-2,United Kingdom,Europe,54.032,-2.91,Operating,Operating,GCR,GCR,Other/Unclassified,Gen II/legacy or unspecified,Mid-size,615.0,660.0,615.0,1980-08-01,1988-03-01,1989-04-01,,1989.0,37.0,EDF,EDF,GEC,IAEA-PRIS/WNA-sample,0.55,2026-05-17,False,False,False,False,False
UNI-HEYSHAM-2-UNIT-B,Heysham-2B,Unit B,Heysham-2,United Kingdom,Europe,54.032,-2.91,Operating,Operating,GCR,GCR,Other/Unclassified,Gen II/legacy or unspecified,Mid-size,615.0,660.0,615.0,1980-08-01,1989-02-01,1989-02-01,,1989.0,37.0,EDF,EDF,GEC,IAEA-PRIS/WNA-sample,0.55,2026-05-17,False,False,False,False,False
UNI-HINKLEY-POINT-C-UNIT-1,Hinkley Point C-1,Unit 1,Hinkley Point C,United Kingdom,Europe,51.205,-3.143,Under Construction,Construction,PWR,EPR,Light Water Reactor,Gen III/III+ or modern LWR,Large,1630.0,1720.0,1630.0,2018-12-11,,,,,,EDF/CGN,EDF,Framatome,IAEA-PRIS/WNA-sample,0.55,2026-05-17,False,False,False,False,False
UNI-HINKLEY-POINT-C-UNIT-2,Hinkley Point C-2,Unit 2,Hinkley Point C,United Kingdom,Europe,51.205,-3.143,Under Construction,Construction,PWR,EPR,Light Water Reactor,Gen III/III+ or modern LWR,Large,1630.0,1720.0,1630.0,2019-12-11,,,,,,EDF/CGN,EDF,Framatome,IAEA-PRIS/WNA-sample,0.55,2026-05-17,False,False,False,False,False
UNI-HOPE-CREEK-UNIT-1,Hope Creek,Unit 1,Hope Creek,United States,North America,39.464,-75.535,Operating,Operating,BWR,BWR,Light Water Reactor,Gen II/legacy or unspecified,Large,1270.0,1355.0,1270.0,1974-11-01,1986-08-20,1986-12-20,,1986.0,40.0,PSEG,PSEG,GE,IAEA-PRIS/WNA-sample,0.55,2026-05-17,False,False,False,False,False
UNI-INDIAN-POINT-UNIT-3,Indian Point-3,Unit 3,Indian Point,United States,North America,41.27,-73.953,Shutdown,Shutdown,PWR,PWR,Light Water Reactor,Gen III/III+ or modern LWR,Large,1025.0,1074.0,1025.0,1969-11-01,1976-08-30,1976-08-30,2021-04-30,1976.0,50.0,Entergy,Entergy,Westinghouse,IAEA-PRIS/WNA-sample,0.55,2026-05-17,False,False,False,False,False
UNI-KEMMERER-UNIT-1,Natrium-1,Unit 1,Kemmerer,United States,North America,41.792,-110.538,Proposed,Proposed,SFR,SFR,Fast Reactor,Advanced/Gen IV candidate,Mid-size,345.0,345.0,345.0,,,,,,,TerraPower,TerraPower,TerraPower/GEH,IAEA-PRIS/WNA-sample,0.55,2026-05-17,False,True,False,False,True
UNI-LASALLE-UNIT-1,LaSalle-1,Unit 1,LaSalle,United States,North America,41.244,-88.67,Operating,Operating,BWR,BWR,Light Water Reactor,Gen II/legacy or unspecified,Large,1137.0,1195.0,1137.0,1973-09-10,1982-09-16,1984-01-01,,1984.0,42.0,Exelon,Exelon,GE,IAEA-PRIS/WNA-sample,0.55,2026-05-17,False,False,False,False,False
UNI-LASALLE-UNIT-2,LaSalle-2,Unit 2,LaSalle,United States,North America,41.244,-88.67,Operating,Operating,BWR,BWR,Light Water Reactor,Gen II/legacy or unspecified,Large,1137.0,1195.0,1137.0,1973-09-10,1984-03-13,1984-10-19,,1984.0,42.0,Exelon,Exelon,GE,IAEA-PRIS/WNA-sample,0.55,2026-05-17,False,False,False,False,False
UNI-LIMERICK-UNIT-1,Limerick-1,Unit 1,Limerick,United States,North America,40.225,-75.589,Operating,Operating,BWR,BWR,Light Water Reactor,Gen II/legacy or unspecified,Large,1134.0,1188.0,1134.0,1974-06-19,1985-09-01,1986-02-01,,1986.0,40.0,Exelon,Exelon,GE,IAEA-PRIS/WNA-sample,0.55,2026-05-17,False,False,False,False,False
UNI-LIMERICK-UNIT-2,Limerick-2,Unit 2,Limerick,United States,North America,40.225,-75.589,Operating,Operating,BWR,BWR,Light Water Reactor,Gen II/legacy or unspecified,Large,1134.0,1188.0,1134.0,1974-06-19,1989-08-08,1990-01-08,,1990.0,36.0,Exelon,Exelon,GE,IAEA-PRIS/WNA-sample,0.55,2026-05-17,False,False,False,False,False
UNI-MCGUIRE-UNIT-1,McGuire-1,Unit 1,McGuire,United States,North America,35.432,-80.943,Operating,Operating,PWR,PWR,Light Water Reactor,Gen III/III+ or modern LWR,Large,1178.0,1231.0,1178.0,1973-02-01,1981-09-12,1981-12-01,,1981.0,45.0,Duke Energy,Duke Energy,Westinghouse,IAEA-PRIS/WNA-sample,0.55,2026-05-17,False,False,False,False,False
UNI-MCGUIRE-UNIT-2,McGuire-2,Unit 2,McGuire,United States,North America,35.432,-80.943,Operating,Operating,PWR,PWR,Light Water Reactor,Gen III/III+ or modern LWR,Large,1178.0,1231.0,1178.0,1973-02-01,1983-05-05,1984-03-01,,1984.0,42.0,Duke Energy,Duke Energy,Westinghouse,IAEA-PRIS/WNA-sample,0.55,2026-05-17,False,False,False,False,False
UNI-MILLSTONE-UNIT-2,Millstone-2,Unit 2,Millstone,United States,North America,41.31,-72.168,Operating,Operating,PWR,PWR,Light Water Reactor,Gen III/III+ or modern LWR,Large,884.0,920.0,884.0,1970-11-01,1975-10-26,1976-12-26,,1976.0,50.0,Dominion,Dominion,CE,IAEA-PRIS/WNA-sample,0.55,2026-05-17,False,False,False,False,False
UNI-MILLSTONE-UNIT-3,Millstone-3,Unit 3,Millstone,United States,North America,41.31,-72.168,Operating,Operating,PWR,PWR,Light Water Reactor,Gen III/III+ or modern LWR,Large,1247.0,1299.0,1247.0,1974-08-09,1986-04-23,1986-04-23,,1986.0,40.0,Dominion,Dominion,Westinghouse,IAEA-PRIS/WNA-sample,0.55,2026-05-17,False,False,False,False,False
UNI-MONTICELLO-UNIT-1,Monticello,Unit 1,Monticello,United States,North America,45.334,-93.846,Operating,Operating,BWR,BWR,Light Water Reactor,Gen II/legacy or unspecified,Mid-size,614.0,672.0,614.0,1967-06-19,1970-12-30,1971-06-30,,1971.0,55.0,Xcel Energy,Xcel,GE,IAEA-PRIS/WNA-sample,0.55,2026-05-17,False,False,False,False,False
UNI-NINE-MILE-POINT-UNIT-1,Nine Mile Point-1,Unit 1,Nine Mile Point,United States,North America,43.523,-76.406,Operating,Operating,BWR,BWR,Light Water Reactor,Gen II/legacy or unspecified,Mid-size,621.0,640.0,621.0,1965-01-01,1969-11-01,1969-12-01,,1969.0,57.0,Constellation,Constellation,GE,IAEA-PRIS/WNA-sample,0.55,2026-05-17,False,False,False,False,False
UNI-NINE-MILE-POINT-UNIT-2,Nine Mile Point-2,Unit 2,Nine Mile Point,United States,North America,43.523,-76.406,Operating,Operating,BWR,BWR,Light Water Reactor,Gen II/legacy or unspecified,Large,1299.0,1330.0,1299.0,1975-06-01,1987-12-08,1988-04-11,,1988.0,38.0,Constellation,Constellation,GE,IAEA-PRIS/WNA-sample,0.55,2026-05-17,False,False,False,False,False
UNI-NORTH-ANNA-UNIT-1,North Anna-1,Unit 1,North Anna,United States,North America,38.063,-77.792,Operating,Operating,PWR,PWR,Light Water Reactor,Gen III/III+ or modern LWR,Large,978.0,1020.0,978.0,1971-02-18,1978-04-06,1978-06-06,,1978.0,48.0,Dominion,Dominion,Westinghouse,IAEA-PRIS/WNA-sample,0.55,2026-05-17,False,False,False,False,False
UNI-NORTH-ANNA-UNIT-2,North Anna-2,Unit 2,North Anna,United States,North America,38.063,-77.792,Operating,Operating,PWR,PWR,Light Water Reactor,Gen III/III+ or modern LWR,Large,978.0,1020.0,978.0,1971-02-18,1980-08-21,1980-12-14,,1980.0,46.0,Dominion,Dominion,Westinghouse,IAEA-PRIS/WNA-sample,0.55,2026-05-17,False,False,False,False,False
UNI-OCONEE-UNIT-1,Oconee-1,Unit 1,Oconee,United States,North America,34.792,-82.899,Operating,Operating,PWR,PWR,Light Water Reactor,Gen III/III+ or modern LWR,Large,900.0,936.0,900.0,1967-11-01,1973-05-06,1973-07-15,,1973.0,53.0,Duke Energy,Duke Energy,B&W,IAEA-PRIS/WNA-sample,0.55,2026-05-17,False,False,False,False,False
UNI-OCONEE-UNIT-2,Oconee-2,Unit 2,Oconee,United States,North America,34.792,-82.899,Operating,Operating,PWR,PWR,Light Water Reactor,Gen III/III+ or modern LWR,Large,900.0,936.0,900.0,1967-11-01,1974-09-09,1974-09-09,,1974.0,52.0,Duke Energy,Duke Energy,B&W,IAEA-PRIS/WNA-sample,0.55,2026-05-17,False,False,False,False,False
UNI-OCONEE-UNIT-3,Oconee-3,Unit 3,Oconee,United States,North America,34.792,-82.899,Operating,Operating,PWR,PWR,Light Water Reactor,Gen III/III+ or modern LWR,Large,900.0,936.0,900.0,1967-11-01,1974-12-05,1974-12-16,,1974.0,52.0,Duke Energy,Duke Energy,B&W,IAEA-PRIS/WNA-sample,0.55,2026-05-17,False,False,False,False,False
UNI-PALO-VERDE-UNIT-1,Palo Verde-1,Unit 1,Palo Verde,United States,North America,33.388,-112.862,Operating,Operating,PWR,PWR,Light Water Reactor,Gen III/III+ or modern LWR,Large,1311.0,1412.0,1311.0,1976-05-25,1985-11-26,1986-01-28,,1986.0,40.0,APS,APS,CE,IAEA-PRIS/WNA-sample,0.55,2026-05-17,False,False,False,False,False
UNI-PALO-VERDE-UNIT-2,Palo Verde-2,Unit 2,Palo Verde,United States,North America,33.388,-112.862,Operating,Operating,PWR,PWR,Light Water Reactor,Gen III/III+ or modern LWR,Large,1311.0,1412.0,1311.0,1978-05-25,1986-04-19,1986-09-19,,1986.0,40.0,APS,APS,CE,IAEA-PRIS/WNA-sample,0.55,2026-05-17,False,False,False,False,False
UNI-PALO-VERDE-UNIT-3,Palo Verde-3,Unit 3,Palo Verde,United States,North America,33.388,-112.862,Operating,Operating,PWR,PWR,Light Water Reactor,Gen III/III+ or modern LWR,Large,1311.0,1412.0,1311.0,1979-11-01,1987-11-26,1988-01-08,,1988.0,38.0,APS,APS,CE,IAEA-PRIS/WNA-sample,0.55,2026-05-17,False,False,False,False,False
UNI-PEACH-BOTTOM-UNIT-2,Peach Bottom-2,Unit 2,Peach Bottom,United States,North America,39.759,-76.269,Operating,Operating,BWR,BWR,Light Water Reactor,Gen II/legacy or unspecified,Large,1339.0,1373.0,1339.0,1968-01-31,1974-03-01,1974-07-05,,1974.0,52.0,Exelon,Exelon,GE,IAEA-PRIS/WNA-sample,0.55,2026-05-17,False,False,False,False,False
UNI-PEACH-BOTTOM-UNIT-3,Peach Bottom-3,Unit 3,Peach Bottom,United States,North America,39.759,-76.269,Operating,Operating,BWR,BWR,Light Water Reactor,Gen II/legacy or unspecified,Large,1339.0,1373.0,1339.0,1968-09-25,1974-07-26,1974-12-23,,1974.0,52.0,Exelon,Exelon,GE,IAEA-PRIS/WNA-sample,0.55,2026-05-17,False,False,False,False,False
UNI-POINT-BEACH-UNIT-1,Point Beach-1,Unit 1,Point Beach,United States,North America,44.283,-87.538,Operating,Operating,PWR,PWR,Light Water Reactor,Gen III/III+ or modern LWR,Mid-size,617.0,640.0,617.0,1967-07-19,1970-11-21,1970-12-21,,1970.0,56.0,NextEra,NextEra,Westinghouse,IAEA-PRIS/WNA-sample,0.55,2026-05-17,False,False,False,False,False
UNI-POINT-BEACH-UNIT-2,Point Beach-2,Unit 2,Point Beach,United States,North America,44.283,-87.538,Operating,Operating,PWR,PWR,Light Water Reactor,Gen III/III+ or modern LWR,Mid-size,617.0,640.0,617.0,1968-07-25,1972-08-02,1972-10-02,,1972.0,54.0,NextEra,NextEra,Westinghouse,IAEA-PRIS/WNA-sample,0.55,2026-05-17,False,False,False,False,False
UNI-PRAIRIE-ISLAND-UNIT-1,Prairie Island-1,Unit 1,Prairie Island,United States,North America,44.617,-92.643,Operating,Operating,PWR,PWR,Light Water Reactor,Gen III/III+ or modern LWR,Mid-size,522.0,550.0,522.0,1969-06-25,1973-12-16,1974-04-16,,1974.0,52.0,Xcel Energy,Xcel,Westinghouse,IAEA-PRIS/WNA-sample,0.55,2026-05-17,False,False,False,False,False
UNI-PRAIRIE-ISLAND-UNIT-2,Prairie Island-2,Unit 2,Prairie Island,United States,North America,44.617,-92.643,Operating,Operating,PWR,PWR,Light Water Reactor,Gen III/III+ or modern LWR,Mid-size,522.0,550.0,522.0,1969-06-25,1974-12-21,1975-12-21,,1975.0,51.0,Xcel Energy,Xcel,Westinghouse,IAEA-PRIS/WNA-sample,0.55,2026-05-17,False,False,False,False,False
UNI-QUAD-CITIES-UNIT-1,Quad Cities-1,Unit 1,Quad Cities,United States,North America,41.727,-90.67,Operating,Operating,BWR,BWR,Light Water Reactor,Gen II/legacy or unspecified,Large,908.0,938.0,908.0,1967-02-16,1972-02-18,1972-02-18,,1972.0,54.0,Exelon,Exelon,GE,IAEA-PRIS/WNA-sample,0.55,2026-05-17,False,False,False,False,False
UNI-QUAD-CITIES-UNIT-2,Quad Cities-2,Unit 2,Quad Cities,United States,North America,41.727,-90.67,Operating,Operating,BWR,BWR,Light Water Reactor,Gen II/legacy or unspecified,Large,908.0,938.0,908.0,1967-02-16,1972-03-10,1972-03-10,,1972.0,54.0,Exelon,Exelon,GE,IAEA-PRIS/WNA-sample,0.55,2026-05-17,False,False,False,False,False
UNI-RIVER-BEND-UNIT-1,River Bend,Unit 1,River Bend,United States,North America,30.757,-91.335,Operating,Operating,BWR,BWR,Light Water Reactor,Gen II/legacy or unspecified,Large,974.0,1000.0,974.0,1977-03-25,1985-11-03,1986-12-28,,1986.0,40.0,Entergy,Entergy,GE,IAEA-PRIS/WNA-sample,0.55,2026-05-17,False,False,False,False,False
UNI-SALEM-UNIT-1,Salem-1,Unit 1,Salem,United States,North America,39.465,-75.536,Operating,Operating,PWR,PWR,Light Water Reactor,Gen III/III+ or modern LWR,Large,1174.0,1199.0,1174.0,1968-09-25,1977-04-01,1977-06-30,,1977.0,49.0,PSEG,PSEG,Westinghouse,IAEA-PRIS/WNA-sample,0.55,2026-05-17,False,False,False,False,False
UNI-SALEM-UNIT-2,Salem-2,Unit 2,Salem,United States,North America,39.465,-75.536,Operating,Operating,PWR,PWR,Light Water Reactor,Gen III/III+ or modern LWR,Large,1174.0,1199.0,1174.0,1968-09-25,1981-08-13,1981-10-13,,1981.0,45.0,PSEG,PSEG,Westinghouse,IAEA-PRIS/WNA-sample,0.55,2026-05-17,False,False,False,False,False
UNI-SEABROOK-UNIT-1,Seabrook,Unit 1,Seabrook,United States,North America,42.896,-70.849,Operating,Operating,PWR,PWR,Light Water Reactor,Gen III/III+ or modern LWR,Large,1246.0,1295.0,1246.0,1976-07-07,1990-08-19,1990-08-19,,1990.0,36.0,NextEra,NextEra,Westinghouse,IAEA-PRIS/WNA-sample,0.55,2026-05-17,False,False,False,False,False
UNI-SHEARON-HARRIS-UNIT-1,Shearon Harris,Unit 1,Shearon Harris,United States,North America,35.633,-79.098,Operating,Operating,PWR,PWR,Light Water Reactor,Gen III/III+ or modern LWR,Large,934.0,965.0,934.0,1978-01-27,1987-01-20,1987-05-02,,1987.0,39.0,Duke Energy,Duke Energy,Westinghouse,IAEA-PRIS/WNA-sample,0.55,2026-05-17,False,False,False,False,False
UNI-SIZEWELL-UNIT-B,Sizewell-B,Unit B,Sizewell,United Kingdom,Europe,52.213,1.618,Operating,Operating,PWR,PWR,Light Water Reactor,Gen III/III+ or modern LWR,Large,1198.0,1258.0,1198.0,1988-07-18,1995-02-14,1995-02-14,,1995.0,31.0,EDF,EDF,Westinghouse,IAEA-PRIS/WNA-sample,0.55,2026-05-17,False,False,False,False,False
UNI-ST-LUCIE-UNIT-1,St. Lucie-1,Unit 1,St. Lucie,United States,North America,27.349,-80.246,Operating,Operating,PWR,PWR,Light Water Reactor,Gen III/III+ or modern LWR,Large,839.0,878.0,839.0,1970-07-01,1976-07-19,1976-12-21,,1976.0,50.0,FPL,NextEra,CE,IAEA-PRIS/WNA-sample,0.55,2026-05-17,False,False,False,False,False
UNI-ST-LUCIE-UNIT-2,St. Lucie-2,Unit 2,St. Lucie,United States,North America,27.349,-80.246,Operating,Operating,PWR,PWR,Light Water Reactor,Gen III/III+ or modern LWR,Large,839.0,878.0,839.0,1977-01-01,1983-06-10,1983-08-10,,1983.0,43.0,FPL,NextEra,CE,IAEA-PRIS/WNA-sample,0.55,2026-05-17,False,False,False,False,False
UNI-SURRY-UNIT-1,Surry-1,Unit 1,Surry,United States,North America,37.166,-76.699,Operating,Operating,PWR,PWR,Light Water Reactor,Gen III/III+ or modern LWR,Large,842.0,874.0,842.0,1968-06-25,1972-07-12,1972-12-22,,1972.0,54.0,Dominion,Dominion,Westinghouse,IAEA-PRIS/WNA-sample,0.55,2026-05-17,False,False,False,False,False
UNI-SURRY-UNIT-2,Surry-2,Unit 2,Surry,United States,North America,37.166,-76.699,Operating,Operating,PWR,PWR,Light Water Reactor,Gen III/III+ or modern LWR,Large,842.0,874.0,842.0,1968-06-25,1973-03-14,1973-05-01,,1973.0,53.0,Dominion,Dominion,Westinghouse,IAEA-PRIS/WNA-sample,0.55,2026-05-17,False,False,False,False,False
UNI-SUSQUEHANNA-UNIT-1,Susquehanna-1,Unit 1,Susquehanna,United States,North America,41.095,-76.148,Operating,Operating,BWR,BWR,Light Water Reactor,Gen II/legacy or unspecified,Large,1299.0,1342.0,1299.0,1973-11-02,1983-06-08,1983-06-08,,1983.0,43.0,PPL,Talen Energy,GE,IAEA-PRIS/WNA-sample,0.55,2026-05-17,False,False,False,False,False
UNI-SUSQUEHANNA-UNIT-2,Susquehanna-2,Unit 2,Susquehanna,United States,North America,41.095,-76.148,Operating,Operating,BWR,BWR,Light Water Reactor,Gen II/legacy or unspecified,Large,1299.0,1342.0,1299.0,1973-11-02,1984-06-12,1985-02-12,,1985.0,41.0,PPL,Talen Energy,GE,IAEA-PRIS/WNA-sample,0.55,2026-05-17,False,False,False,False,False
UNI-THREE-MILE-ISLAND-UNIT-1,Three Mile Island-1,Unit 1,Three Mile Island,United States,North America,40.153,-76.725,Operating,Operating,PWR,PWR,Light Water Reactor,Gen III/III+ or modern LWR,Large,869.0,905.0,869.0,1968-05-18,1974-09-02,1974-09-02,,1974.0,52.0,Constellation,Constellation,B&W,IAEA-PRIS/WNA-sample,0.55,2026-05-17,False,False,False,False,False
UNI-TORNESS-UNIT-A,Torness-A,Unit A,Torness,United Kingdom,Europe,55.966,-2.437,Operating,Operating,GCR,GCR,Other/Unclassified,Gen II/legacy or unspecified,Mid-size,615.0,660.0,615.0,1980-08-01,1988-05-23,1988-05-23,,1988.0,38.0,EDF,EDF,GEC,IAEA-PRIS/WNA-sample,0.55,2026-05-17,False,False,False,False,False
UNI-TORNESS-UNIT-B,Torness-B,Unit B,Torness,United Kingdom,Europe,55.966,-2.437,Operating,Operating,GCR,GCR,Other/Unclassified,Gen II/legacy or unspecified,Mid-size,615.0,660.0,615.0,1980-08-01,1989-02-21,1989-02-21,,1989.0,37.0,EDF,EDF,GEC,IAEA-PRIS/WNA-sample,0.55,2026-05-17,False,False,False,False,False
UNI-TURKEY-POINT-UNIT-3,Turkey Point-3,Unit 3,Turkey Point,United States,North America,25.433,-80.332,Operating,Operating,PWR,PWR,Light Water Reactor,Gen III/III+ or modern LWR,Large,760.0,800.0,760.0,1967-04-27,1972-11-14,1972-12-14,,1972.0,54.0,FPL,FPL,Westinghouse,IAEA-PRIS/WNA-sample,0.55,2026-05-17,False,False,False,False,False
UNI-VOGTLE-UNIT-1,Vogtle-1,Unit 1,Vogtle,United States,North America,33.143,-81.762,Operating,Operating,PWR,PWR,Light Water Reactor,Gen III/III+ or modern LWR,Large,1217.0,1281.0,1217.0,1976-08-01,1987-03-27,1987-05-01,,1987.0,39.0,Georgia Power,Southern Nuclear,Westinghouse,IAEA-PRIS/WNA-sample,0.55,2026-05-17,False,False,False,False,False
UNI-VOGTLE-UNIT-2,Vogtle-2,Unit 2,Vogtle,United States,North America,33.143,-81.762,Operating,Operating,PWR,PWR,Light Water Reactor,Gen III/III+ or modern LWR,Large,1213.0,1279.0,1213.0,1976-08-01,1989-05-20,1989-05-20,,1989.0,37.0,Georgia Power,Southern Nuclear,Westinghouse,IAEA-PRIS/WNA-sample,0.55,2026-05-17,False,False,False,False,False
UNI-VOGTLE-UNIT-3,Vogtle-3,Unit 3,Vogtle,United States,North America,33.143,-81.762,Operating,Operating,PWR,AP1000,Light Water Reactor,Gen III/III+ or modern LWR,Large,1117.0,1250.0,1117.0,2009-03-12,2023-04-01,2023-07-31,,2023.0,3.0,Georgia Power,Southern Nuclear,Westinghouse,IAEA-PRIS/WNA-sample,0.55,2026-05-17,False,False,False,False,False
UNI-VOGTLE-UNIT-4,Vogtle-4,Unit 4,Vogtle,United States,North America,33.143,-81.762,Operating,Operating,PWR,AP1000,Light Water Reactor,Gen III/III+ or modern LWR,Large,1117.0,1250.0,1117.0,2013-11-19,2024-03-01,2024-04-29,,2024.0,2.0,Georgia Power,Southern Nuclear,Westinghouse,IAEA-PRIS/WNA-sample,0.55,2026-05-17,False,False,False,False,False
UNI-WATERFORD-UNIT-3,Waterford-3,Unit 3,Waterford,United States,North America,29.999,-90.471,Operating,Operating,PWR,PWR,Light Water Reactor,Gen III/III+ or modern LWR,Large,1227.0,1260.0,1227.0,1974-11-14,1985-03-24,1985-09-24,,1985.0,41.0,Entergy,Entergy,CE,IAEA-PRIS/WNA-sample,0.55,2026-05-17,False,False,False,False,False
UNI-WOLF-CREEK-UNIT-1,Wolf Creek,Unit 1,Wolf Creek,United States,North America,38.237,-96.067,Operating,Operating,PWR,PWR,Light Water Reactor,Gen III/III+ or modern LWR,Large,1215.0,1236.0,1215.0,1977-05-01,1985-06-25,1985-09-03,,1985.0,41.0,WCNOC,WCNOC,Westinghouse,IAEA-PRIS/WNA-sample,0.55,2026-05-17,False,False,False,False,False
UNI-WYLFA-NEWYDD-UNIT-1,Wylfa Newydd-1,Unit 1,Wylfa Newydd,United Kingdom,Europe,53.418,-4.473,Proposed,Proposed,PWR,BWR,Light Water Reactor,Gen II/legacy or unspecified,Large,1380.0,1455.0,1380.0,,,,,,,Horizon,Hitachi,Hitachi,IAEA-PRIS/WNA-sample,0.55,2026-05-17,False,False,False,False,False
UNI-WYLFA-UNIT-1,Wylfa-1,Unit 1,Wylfa,United Kingdom,Europe,53.418,-4.473,Shutdown,Shutdown,GCR,GCR,Other/Unclassified,Gen II/legacy or unspecified,Mid-size,490.0,490.0,490.0,1963-09-01,1971-11-01,1971-11-01,2012-12-30,1971.0,55.0,Magnox,Magnox,AEI/GEC,IAEA-PRIS/WNA-sample,0.55,2026-05-17,False,False,False,False,False
